StateCode,StateName,Year,success_rate,ltfu_rate,death_rate,failure_rate,tb_patients_notified,success_rate_public,ltfu_rate_public,death_rate_public,success_rate_private,ltfu_rate_private,death_rate_private,notification_achievement,notification_target,notification_achievement_rate,presumptive_cases_examined,presumptive_examination_rate,population,drtb_pct,tb_hiv_coinfected_pct,tb_dm_coinfected_pct,tb_tobacco_pct,lab_tech_fill_rate,phc_doctor_fill_rate,chc_specialist_fill_rate,anm_fill_rate,pharmacist_fill_rate,state_category,expenditure_rural_health,expenditure_urban_health,expenditure_public_health,stunting_pct,underweight_pct,improved_sanitation_pct,improved_water_pct,health_insurance_coverage_pct,tobacco_use_men_pct,oop_per_hospitalisation,barrier_financial_pct,barrier_services_unavailable_pct,barrier_distance_pct,barrier_quality_pct,treatment_from_govt_pct,treatment_from_private_pct
1,Jammu And Kashmir,2018,82.0,2.0,2.0,1.0,11629.928365983,84.0,2.0,3.0,65.0,1.0,0.0,11212.0,18957.0,0.5914437938492377,123747.7196991035,883.0,140.2232200609,,,,,,,,,,Major (Non EAG States),5236741.555292938,8194665.648961419,353031.4150900575,28.0,20.45,78.94999999999999,93.95,14.7,36.3,8724.0,0.0,15.4,1.2,47.2,89.8,5.6
1,Jammu And Kashmir,2019,85.0,1.4,2.6,0.5,11345.0,85.0,1.5,2.7,84.0,0.7,1.3,11337.0,17580.0,0.6448805460750853,123313.4313732417,864.0,142.8065215672,,,,,0.039445628997852,0.4040207522697503,0.2965116279069439,0.1006047278724533,0.0104166666666359,Major (Non EAG States),6132672.502784611,6716850.944934016,614026.9614106612,28.0,20.45,78.94999999999999,93.95,14.7,36.3,8724.0,0.0,15.4,1.2,47.2,89.8,5.6
1,Jammu And Kashmir,2020,83.0,1.4,3.5,0.6,8800.0,83.0,1.3,3.6,82.0,1.7,2.5,8756.0,18000.0,0.4864444444444444,138609.0,956.0,145.0,,0.0,,,0.1215139442231075,0.3635748138117806,0.2834890965732087,0.0978,0.1792086889061288,,,,,28.0,20.45,78.94999999999999,93.95,14.7,36.3,8724.0,0.0,15.4,1.2,47.2,89.8,5.6
1,Jammu And Kashmir,2021,86.1,1.6,3.8,0.7,10909.0,85.8,1.6,3.9,91.7,1.6,3.2,10766.0,14000.0,0.769,195228.0,1323.0,148.0,,,6.0,8.0,0.1604342581423401,0.374189364461738,0.4123376623376623,0.0651713922979263,0.1928512053200332,,,,,28.0,20.45,78.94999999999999,93.95,14.7,36.3,8724.0,0.0,15.4,1.2,47.2,89.8,5.6
1,Jammu And Kashmir,2022,86.5,1.2,3.7,0.3,11802.0,86.2,1.2,3.8,91.5,1.1,1.8,11243.0,14500.0,0.7753793103448275,318019.0,2206.0,144.16,1.0,,7.0,6.0,0.1375515818431912,0.4068241469816273,0.4429824561403508,0.1088154269972451,0.1375095492742551,,,,,28.0,20.45,78.94999999999999,93.95,14.7,36.3,8724.0,0.0,15.4,1.2,47.2,89.8,5.6
2,Himachal Pradesh,2018,89.0,2.0,4.0,0.0,16595.0,89.0,2.0,4.0,82.0,2.0,3.0,16365.0,17839.0,0.9173720500028028,134250.0,1825.0,73.5516,,,,,,,,,,Major (Non EAG States),8550963.0,4739312.0,685282.0,29.15,25.1,83.15,97.15,35.6,29.4,18132.0,0.1,12.4,11.9,27.0,76.6,19.7
2,Himachal Pradesh,2019,90.0,1.5,4.8,0.3,17368.0,90.0,1.4,4.8,87.0,2.3,5.0,17135.0,18000.0,0.9519444444444444,227689.0,3066.0,74.3,,,,,,0.3268698060941828,,0.2251154976900462,0.5067340067340067,Major (Non EAG States),7569923.0,4924048.0,835479.0,29.15,25.1,83.15,97.15,35.6,29.4,18132.0,0.1,12.4,11.9,27.0,76.6,19.7
2,Himachal Pradesh,2020,88.0,1.1,5.4,0.4,13299.0,88.0,1.0,5.5,80.0,3.8,4.8,13172.0,18000.0,0.7317777777777777,131376.0,1752.0,75.0,,1.0,,,0.799163179916318,0.3476454293628809,0.0,0.2704953967558088,0.293222683264177,,,,,29.15,25.1,83.15,97.15,35.6,29.4,18132.0,0.1,12.4,11.9,27.0,76.6,19.7
2,Himachal Pradesh,2021,87.6,1.0,6.1,0.5,14532.0,87.7,1.0,6.2,84.2,2.0,4.5,14300.0,15000.0,0.9533333333333334,156389.0,2066.0,76.0,,,8.0,12.5,0.6174496644295302,0.1634304207119741,,0.3616252821670428,0.2377521613832853,,,,,29.15,25.1,83.15,97.15,35.6,29.4,18132.0,0.1,12.4,11.9,27.0,76.6,19.7
2,Himachal Pradesh,2022,86.7,1.5,5.7,0.3,16168.0,86.9,1.5,5.8,81.0,2.4,3.0,16065.0,16500.0,0.9736363636363636,303182.0,3968.0,76.41,2.5,,9.0,11.0,0.6209150326797386,0.2304147465437788,,0.7213240954580447,0.296195652173913,,,,,29.15,25.1,83.15,97.15,35.6,29.4,18132.0,0.1,12.4,11.9,27.0,76.6,19.7
3,Punjab,2018,83.0,4.0,5.0,1.0,52217.0,85.0,4.0,5.0,74.0,6.0,4.0,50308.0,67813.0,0.7418636544615339,243841.0,813.0,300.06214,,,,,,,,,,Major (Non EAG States),6270610.0,19417455.0,1849520.0,24.8,17.15,86.85,98.95,25.55,12.7,28177.0,0.3,15.2,5.5,31.6,28.3,64.8
3,Punjab,2019,81.0,2.8,4.9,0.5,58178.0,81.0,3.1,4.3,80.0,1.7,6.7,57392.0,65000.0,0.8829538461538462,229396.0,774.0,296.3,,,,,0.017825311942959,0.0226086956521739,0.8125,0.0,0.05,Major (Non EAG States),6196169.0,21771154.0,1994096.0,24.8,17.15,86.85,98.95,25.55,12.7,28177.0,0.3,15.2,5.5,31.6,28.3,64.8
3,Punjab,2020,80.0,2.5,5.7,0.4,46491.0,80.0,2.9,5.3,78.0,1.1,7.1,45893.0,72000.0,0.6374027777777778,145058.0,473.0,306.7,,2.0,,,0.3160621761658031,0.3316239316239316,0.7134020618556701,0.175462035181474,0.2617370892018779,,,,,24.8,17.15,86.85,98.95,25.55,12.7,28177.0,0.3,15.2,5.5,31.6,28.3,64.8
3,Punjab,2021,84.4,2.5,5.0,0.6,52253.0,83.6,2.9,4.8,86.8,1.5,5.7,50494.0,72000.0,0.7013055555555555,139308.0,449.0,310.0,,,10.0,3.5,0.2987164527421236,0.3426229508196721,0.7277580071174378,0.25716174526223,0.209100758396533,,,,,24.8,17.15,86.85,98.95,25.55,12.7,28177.0,0.3,15.2,5.5,31.6,28.3,64.8
3,Punjab,2022,83.9,2.5,4.6,0.4,57373.0,83.6,2.8,4.3,85.1,0.8,6.4,54009.0,70000.0,0.7715571428571428,229114.0,753.0,304.32,1.6,,11.0,3.0,0.3066361556064073,0.3113673805601318,0.7383015597920277,0.3375329622033401,0.2139784946236559,,,,,24.8,17.15,86.85,98.95,25.55,12.7,28177.0,0.3,15.2,5.5,31.6,28.3,64.8
4,Chandigarh,2018,88.0,3.0,3.0,1.0,3222.0,88.0,3.0,3.0,78.0,1.0,6.0,4506.0,6671.0,0.6754609503822515,29110.0,2538.0,11.46798,,,,,,,,,,Union Territories,,,,25.2,20.2,66.5,99.55,32.3,-5.85,38033.0,0.0,19.4,1.9,27.3,68.1,25.8
4,Chandigarh,2019,83.0,4.1,3.3,0.7,3454.0,83.0,4.1,3.3,67.0,5.7,2.3,6267.0,6500.0,0.964153846153846,30157.0,2600.0,11.6,,,,,,,,,,Union Territories,,,,25.2,20.2,66.5,99.55,32.3,-5.85,38033.0,0.0,19.4,1.9,27.3,68.1,25.8
4,Chandigarh,2020,81.0,3.7,4.6,0.5,2829.0,82.0,3.8,4.5,64.0,2.4,4.9,3856.0,7500.0,0.5141333333333333,15975.0,1362.0,11.7,,8.0,,,,,,,,,,,,25.2,20.2,66.5,99.55,32.3,-5.85,38033.0,0.0,19.4,1.9,27.3,68.1,25.8
4,Chandigarh,2021,84.1,3.1,3.7,1.0,3145.0,85.1,3.1,3.8,56.3,1.9,1.0,4626.0,0.0,,14394.0,1213.0,12.0,,,8.0,7.5,,,,,,,,,,25.2,20.2,66.5,99.55,32.3,-5.85,38033.0,0.0,19.4,1.9,27.3,68.1,25.8
4,Chandigarh,2022,83.2,3.0,4.0,0.8,3687.0,83.9,3.0,4.1,47.9,4.2,2.8,5740.0,7200.0,0.7972222222222223,27923.0,2312.0,12.08,2.5,,9.0,3.0,,,,,,,,,,25.2,20.2,66.5,99.55,32.3,-5.85,38033.0,0.0,19.4,1.9,27.3,68.1,25.8
5,Uttarakhand,2018,85.0,4.0,3.0,1.0,20561.0,84.0,4.0,4.0,90.0,5.0,1.0,20771.0,28511.0,0.7285258321349655,94269.0,835.0,112.94981,,,,,,,,,,EAG+1 States,8378878.0,7477730.0,1692636.0,26.25,20.95,79.35,96.9,62.25,32.2,17960.0,0.0,18.2,3.6,44.6,36.6,58.3
5,Uttarakhand,2019,84.0,3.8,3.6,0.5,24504.0,84.0,3.2,4.1,82.0,5.7,2.0,25595.0,30000.0,0.8531666666666666,107817.0,941.0,114.7,,,,,0.5367647058823529,0.4348739495798319,0.9049295774647887,0.2006132282084975,0.0646153846153846,EAG+1 States,7336947.0,7990505.0,1958180.0,26.25,20.95,79.35,96.9,62.25,32.2,17960.0,0.0,18.2,3.6,44.6,36.6,58.3
5,Uttarakhand,2020,83.0,3.1,3.8,0.5,19681.0,85.0,2.7,3.9,78.0,4.6,3.3,19662.0,32000.0,0.6144375,60519.0,520.0,116.3,,1.0,,,0.5514705882352942,0.2731092436974789,0.864406779661017,0.0894235133908306,0.0246153846153846,,,,,26.25,20.95,79.35,96.9,62.25,32.2,17960.0,0.0,18.2,3.6,44.6,36.6,58.3
5,Uttarakhand,2021,86.7,2.4,3.7,0.7,23231.0,86.0,2.5,4.2,90.0,2.3,1.8,22624.0,32000.0,0.707,78842.0,668.0,118.0,,,7.0,12.5,0.4715909090909091,0.2764423076923077,0.7796610169491526,0.2014072119613016,0.0909090909090909,,,,,26.25,20.95,79.35,96.9,62.25,32.2,17960.0,0.0,18.2,3.6,44.6,36.6,58.3
5,Uttarakhand,2022,87.5,2.3,3.4,0.7,26875.0,87.7,2.4,3.8,86.4,1.9,1.6,27405.0,28000.0,0.97875,105841.0,884.0,119.72,2.2,,7.0,8.0,0.6086956521739131,0.2247191011235955,0.7777777777777778,0.3155286343612334,0.0892857142857142,,,,,26.25,20.95,79.35,96.9,62.25,32.2,17960.0,0.0,18.2,3.6,44.6,36.6,58.3
6,Haryana,2018,82.0,4.0,4.0,1.0,61983.0,85.0,3.0,4.0,72.0,7.0,2.0,59558.0,72197.0,0.8249373242655512,278984.0,975.0,286.02354,,,,,,,,,,Major (Non EAG States),14784312.0,13090636.0,2126840.0,27.1,21.15,85.3,98.75,26.25,27.700000000000003,19147.0,0.1,6.2,3.8,39.8,32.3,61.2
6,Haryana,2019,79.0,4.1,3.9,0.7,72370.0,82.0,2.7,4.1,70.0,8.1,3.2,72433.0,85000.0,0.8521529411764706,302700.0,1045.0,289.7,,,,,0.3345794392523364,0.2076023391812865,0.7058823529411765,0.0,0.2181818181818181,Major (Non EAG States),18590048.0,16007802.0,2752346.0,27.1,21.15,85.3,98.75,26.25,27.700000000000003,19147.0,0.1,6.2,3.8,39.8,32.3,61.2
6,Haryana,2020,79.0,3.2,4.2,0.6,63036.0,80.0,2.2,4.3,75.0,5.6,4.0,62318.0,94000.0,0.6629574468085107,203701.0,692.0,294.4,,1.0,,,0.4038748137108793,0.3590078328981723,0.8,0.1504590593966648,0.3826219512195122,,,,,27.1,21.15,85.3,98.75,26.25,27.700000000000003,19147.0,0.1,6.2,3.8,39.8,32.3,61.2
6,Haryana,2021,83.5,2.1,4.4,0.6,69595.0,83.3,1.8,4.6,83.9,2.8,3.9,68232.0,94000.0,0.725872340425532,220294.0,737.0,299.0,,,7.0,5.5,0.4540466392318244,0.1933497536945813,,0.1600910470409711,0.4182908545727136,,,,,27.1,21.15,85.3,98.75,26.25,27.700000000000003,19147.0,0.1,6.2,3.8,39.8,32.3,61.2
6,Haryana,2022,86.6,1.5,3.9,0.6,76051.0,86.7,1.3,4.3,86.5,2.2,2.6,75178.0,94000.0,0.7997659574468086,296823.0,977.0,303.77,2.0,,7.0,4.0,0.4796437659033079,0.2528445006321112,0.7573529411764706,0.216239500323067,0.4006024096385542,,,,,27.1,21.15,85.3,98.75,26.25,27.700000000000003,19147.0,0.1,6.2,3.8,39.8,32.3,61.2
7,Delhi,2018,72.0,5.0,2.0,1.0,71928.0,77.0,4.0,2.0,38.0,8.0,2.0,78979.0,106747.0,0.7398709097211162,252050.0,1360.0,185.34932,,,,,,,,,,Major (Non EAG States),160578.0,42716901.0,2746570.0,28.65,16.75,84.15,98.75,26.05,29.15,17289.0,0.1,5.5,7.2,31.3,59.7,35.2
7,Delhi,2019,71.0,4.6,2.3,0.5,93819.0,76.0,4.5,1.9,56.0,4.8,3.3,105747.0,110000.0,0.9613363636363635,255654.0,1361.0,187.9,,,,,0.0,0.2857142857142857,,0.0,0.2,Major (Non EAG States),488443.0,45065362.0,2652885.0,28.65,16.75,84.15,98.75,26.05,29.15,17289.0,0.1,5.5,7.2,31.3,59.7,35.2
7,Delhi,2020,72.0,4.7,2.7,0.5,73390.0,75.0,4.7,2.4,63.0,4.7,3.7,84903.0,110000.0,0.7718454545454545,152237.0,799.0,190.5,,3.0,,,0.5,0.0526315789473684,,0.0,0.0,,,,,28.65,16.75,84.15,98.75,26.05,29.15,17289.0,0.1,5.5,7.2,31.3,59.7,35.2
7,Delhi,2021,74.1,5.2,2.8,0.7,82277.0,77.7,4.9,2.6,60.1,6.7,3.7,101224.0,110000.0,0.9202181818181818,133570.0,692.0,193.0,,,8.0,5.5,0.1428571428571428,0.1578947368421052,,0.054054054054054,0.25,,,,,28.65,16.75,84.15,98.75,26.05,29.15,17289.0,0.1,5.5,7.2,31.3,59.7,35.2
7,Delhi,2022,75.9,4.7,2.3,0.6,85017.0,79.3,4.4,2.3,50.5,6.7,2.1,105256.0,100000.0,1.05256,208551.0,1066.0,195.59,3.2,,8.0,5.0,0.1428571428571428,0.1578947368421052,,0.088235294117647,0.25,,,,,28.65,16.75,84.15,98.75,26.05,29.15,17289.0,0.1,5.5,7.2,31.3,59.7,35.2
8,Rajasthan,2018,77.0,4.0,3.0,1.0,152547.0,82.0,3.0,3.0,64.0,6.0,1.0,148379.0,181796.0,0.8161840744570837,593127.0,766.0,774.00659,,,,,,,,,,EAG+1 States,27964304.0,29667992.0,19643184.0,30.450000000000003,26.75,76.65,97.35,85.2,39.1,16102.0,0.2,14.8,3.6,38.4,48.3,47.1
8,Rajasthan,2019,80.0,4.0,2.8,0.6,169311.0,82.0,3.3,3.3,77.0,5.8,1.7,171710.0,200000.0,0.85855,654373.0,832.0,786.6,,,,,0.3193096008629989,0.1481481481481481,0.6827057182705718,0.1633671421597873,0.4387895460797799,EAG+1 States,28765451.0,29091681.0,14836671.0,30.450000000000003,26.75,76.65,97.35,85.2,39.1,16102.0,0.2,14.8,3.6,38.4,48.3,47.1
8,Rajasthan,2020,82.0,4.0,3.5,0.6,133460.0,82.0,2.9,3.6,83.0,6.6,3.2,135427.0,225000.0,0.6018977777777778,408745.0,511.0,799.2,,1.0,,,0.3243427791054967,0.1497695852534562,0.6816860465116279,0.1685524775653531,0.4359756097560975,,,,,30.450000000000003,26.75,76.65,97.35,85.2,39.1,16102.0,0.2,14.8,3.6,38.4,48.3,47.1
8,Rajasthan,2021,85.2,3.4,3.3,0.5,147937.0,84.6,2.7,3.6,86.7,5.1,2.6,146822.0,225000.0,0.6525422222222222,492729.0,607.0,812.0,,,3.0,8.0,0.3270218228498074,0.146975233455136,0.6748133061778683,0.1386210356167437,0.4892979452054795,,,,,30.450000000000003,26.75,76.65,97.35,85.2,39.1,16102.0,0.2,14.8,3.6,38.4,48.3,47.1
8,Rajasthan,2022,88.7,2.4,2.7,0.6,166554.0,88.0,2.1,3.2,91.0,3.2,1.3,168296.0,180000.0,0.9349777777777778,1146844.0,1416.0,809.78,2.1,,3.0,8.5,0.3254865034526051,0.1281427412814274,0.662379421221865,0.1584964154233675,0.4923728813559322,,,,,30.450000000000003,26.75,76.65,97.35,85.2,39.1,16102.0,0.2,14.8,3.6,38.4,48.3,47.1
9,Uttar Pradesh,2018,79.0,5.0,3.0,1.0,406312.0,83.0,4.0,4.0,65.0,8.0,2.0,384502.0,592515.0,0.6489320945461297,2064161.0,917.0,2251.16729,,,,,,,,,,EAG+1 States,53536599.0,36544823.0,5412886.0,37.15,30.65,72.85,99.25,16.15,41.150000000000006,24977.0,0.0,12.1,3.7,49.9,24.9,63.7
9,Uttar Pradesh,2019,83.0,4.4,3.8,0.7,486310.0,82.0,4.2,3.5,83.0,5.0,4.4,481041.0,575000.0,0.8365930434782609,1981992.0,866.0,2287.8,,,,,0.277027027027027,0.2947438456420492,0.7694140066698428,0.0,0.0233739837398373,EAG+1 States,50891538.0,41046196.0,5569761.0,37.15,30.65,72.85,99.25,16.15,41.150000000000006,24977.0,0.0,12.1,3.7,49.9,24.9,63.7
9,Uttar Pradesh,2020,84.0,3.3,4.1,0.6,363664.0,83.0,3.1,3.8,85.0,3.6,4.9,361916.0,600000.0,0.6031933333333334,1121359.0,482.0,2324.3,,1.0,,,0.2610114192495921,0.2288988261598658,0.6241363426992169,0.1413961275294802,0.0136824722811983,,,,,37.15,30.65,72.85,99.25,16.15,41.150000000000006,24977.0,0.0,12.1,3.7,49.9,24.9,63.7
9,Uttar Pradesh,2021,86.3,2.5,3.6,0.5,453494.0,85.7,2.3,3.7,88.0,3.2,3.5,446632.0,600000.0,0.7443866666666666,1169076.0,495.0,2361.0,,,5.0,11.0,0.3531675547661338,0.3046312949640288,0.6995175740868367,0.2326349831271091,0.1210347432024169,,,,,37.15,30.65,72.85,99.25,16.15,41.150000000000006,24977.0,0.0,12.1,3.7,49.9,24.9,63.7
9,Uttar Pradesh,2022,89.5,1.4,2.9,0.4,523101.0,88.6,1.4,3.2,92.6,1.4,2.0,518139.0,550000.0,0.9420709090909092,1920614.0,801.0,2398.03,2.9,,5.0,9.5,0.3722334004024145,0.3502697841726618,0.6883910386965377,0.3286007846067625,0.1497434017595308,,,,,37.15,30.65,72.85,99.25,16.15,41.150000000000006,24977.0,0.0,12.1,3.7,49.9,24.9,63.7
10,Bihar,2018,74.0,5.0,2.0,1.0,106189.0,80.0,5.0,2.0,62.0,5.0,2.0,100696.0,199496.0,0.5047519749769419,503849.0,420.0,1200.92,,,,,,,,,,EAG+1 States,33522365.0,23333038.0,1113161.0,40.35,38.8,57.45,99.35,13.35,45.5,12258.0,0.1,12.9,2.8,57.5,35.7,42.4
10,Bihar,2019,76.0,3.4,2.4,0.5,123027.0,76.0,3.7,2.4,77.0,2.8,2.4,121443.0,210000.0,0.5783,536298.0,438.0,1224.3,,,,,,,,,,EAG+1 States,32391572.0,26788321.0,1435559.0,40.35,38.8,57.45,99.35,13.35,45.5,12258.0,0.1,12.9,2.8,57.5,35.7,42.4
10,Bihar,2020,78.0,3.8,3.4,0.5,99731.0,74.0,4.0,2.5,82.0,3.5,4.3,98509.0,190000.0,0.5184684210526316,249311.0,200.0,1247.6,,2.0,,,0.7091633466135459,0.577379510777428,0.8050314465408805,0.350939015795365,0.6860242501595405,,,,,40.35,38.8,57.45,99.35,13.35,45.5,12258.0,0.1,12.9,2.8,57.5,35.7,42.4
10,Bihar,2021,81.9,3.9,3.7,0.5,133418.0,76.0,4.1,2.6,87.0,3.6,4.5,130884.0,190000.0,0.6888631578947368,380833.0,300.0,1271.0,,,5.0,12.5,0.7739552066497345,0.3277739170720408,0.8732057416267942,0.547695581812942,0.7389723703344644,,,,,40.35,38.8,57.45,99.35,13.35,45.5,12258.0,0.1,12.9,2.8,57.5,35.7,42.4
10,Bihar,2022,83.9,4.5,3.2,0.5,163263.0,79.2,3.6,2.3,88.3,5.4,4.0,160206.0,200000.0,0.80103,385310.0,298.0,1294.71,2.1,,6.0,10.0,0.4346201743462017,0.5721835883171071,0.7486338797814208,0.0567139710026128,0.7311350665821179,,,,,40.35,38.8,57.45,99.35,13.35,45.5,12258.0,0.1,12.9,2.8,57.5,35.7,42.4
11,Sikkim,2018,85.0,0.0,2.0,0.0,1340.0,85.0,0.0,2.0,48.0,0.0,4.0,386.0,2189.0,0.1763362265874828,10535.0,1621.0,6.49841,,,,,,,,,,North East States,999374.0,2028710.0,846512.0,20.35,11.95,86.65,93.75,26.4,40.65,6194.0,0.0,15.0,2.3,39.1,75.5,17.2
11,Sikkim,2019,89.0,0.8,3.7,0.7,1229.0,89.0,0.8,3.7,88.0,0.0,0.0,373.0,1550.0,0.2406451612903225,14455.0,2190.0,6.6,,,,,,,,,,North East States,865312.0,2624081.0,496005.0,20.35,11.95,86.65,93.75,26.4,40.65,6194.0,0.0,15.0,2.3,39.1,75.5,17.2
11,Sikkim,2020,90.0,0.8,4.0,0.1,1139.0,90.0,0.8,4.0,89.0,0.0,2.7,594.0,1650.0,0.36,10563.0,1611.0,6.6,,0.0,,,0.0,0.2916666666666667,0.5,0.0,0.1333333333333333,,,,,20.35,11.95,86.65,93.75,26.4,40.65,6194.0,0.0,15.0,2.3,39.1,75.5,17.2
11,Sikkim,2021,88.1,1.5,4.0,0.2,1187.0,87.7,1.4,4.1,94.0,3.6,2.4,1308.0,1650.0,0.7927272727272727,12918.0,1952.0,7.0,,,8.0,14.0,0.0,0.0256410256410256,1.0,0.0,0.125,,,,,20.35,11.95,86.65,93.75,26.4,40.65,6194.0,0.0,15.0,2.3,39.1,75.5,17.2
11,Sikkim,2022,90.9,0.5,3.5,0.3,1232.0,90.7,0.5,3.5,94.7,0.0,3.5,1286.0,1500.0,0.8573333333333333,16763.0,2510.0,6.68,16.2,,9.0,6.5,,0.0256410256410256,,,0.0833333333333333,,,,,20.35,11.95,86.65,93.75,26.4,40.65,6194.0,0.0,15.0,2.3,39.1,75.5,17.2
12,Arunachal Pradesh,2018,82.0,6.0,2.0,2.0,2900.0,82.0,6.0,2.0,50.0,0.0,0.0,1363.0,4305.0,0.3166085946573751,13575.0,858.0,15.81877,,,,,,,,,,North East States,4032714.0,2332203.0,1129791.0,28.15,14.45,81.65,95.5,31.05,47.95,4652.0,0.0,29.0,0.5,7.4,91.3,2.9
12,Arunachal Pradesh,2019,82.0,7.1,2.2,1.2,2864.0,83.0,7.2,2.3,41.0,4.3,0.0,1161.0,4050.0,0.2866666666666667,15174.0,937.0,16.2,,,,,,,,,,North East States,4628654.0,3430065.0,1202599.0,28.15,14.45,81.65,95.5,31.05,47.95,4652.0,0.0,29.0,0.5,7.4,91.3,2.9
12,Arunachal Pradesh,2020,83.0,5.1,3.2,0.9,2424.0,83.0,5.1,3.2,25.0,0.0,0.0,1319.0,3500.0,0.3768571428571428,10003.0,610.0,16.4,,0.0,,,,,,,,,,,,28.15,14.45,81.65,95.5,31.05,47.95,4652.0,0.0,29.0,0.5,7.4,91.3,2.9
12,Arunachal Pradesh,2021,79.3,6.6,2.7,0.7,2726.0,79.3,6.6,2.7,,,,2621.0,3500.0,0.7488571428571429,17301.0,1038.0,17.0,,,2.0,4.0,0.0,0.0,0.0,0.0,0.0,,,,,28.15,14.45,81.65,95.5,31.05,47.95,4652.0,0.0,29.0,0.5,7.4,91.3,2.9
12,Arunachal Pradesh,2022,82.4,7.5,2.2,0.8,2859.0,82.5,7.5,2.2,33.3,16.7,0.0,2709.0,3500.0,0.774,23301.0,1374.0,16.96,6.5,,2.0,10.0,,,,,,,,,,28.15,14.45,81.65,95.5,31.05,47.95,4652.0,0.0,29.0,0.5,7.4,91.3,2.9
13,Nagaland,2018,79.0,4.0,2.0,0.0,4322.0,87.0,4.0,2.0,37.0,4.0,3.0,1935.0,3811.0,0.5077407504591971,14128.0,689.0,20.5022,,,,,,,,,,North East States,1399254.0,2896475.0,1543457.0,30.9,26.1,86.30000000000001,91.65,19.05,48.15,7572.0,0.0,7.7,1.7,23.6,64.5,28.2
13,Nagaland,2019,83.0,3.5,2.3,0.6,4693.0,84.0,3.3,2.1,74.0,4.5,3.7,2255.0,4400.0,0.5125,18129.0,876.0,20.7,,,,,0.0,0.0,,0.0,0.0,North East States,1519497.0,3858016.0,899310.0,30.9,26.1,86.30000000000001,91.65,19.05,48.15,7572.0,0.0,7.7,1.7,23.6,64.5,28.2
13,Nagaland,2020,81.0,2.6,2.8,0.7,3518.0,81.0,2.3,2.8,81.0,3.7,2.5,2224.0,5000.0,0.4448,11207.0,541.0,20.7,,10.0,,,0.0,0.0,0.0,0.0,0.0,,,,,30.9,26.1,86.30000000000001,91.65,19.05,48.15,7572.0,0.0,7.7,1.7,23.6,64.5,28.2
13,Nagaland,2021,85.9,2.9,3.1,1.1,3636.0,85.9,2.7,2.7,85.4,4.1,5.2,3619.0,5000.0,0.7238,15838.0,761.0,21.0,,,5.0,16.0,0.0,0.0,0.3,0.0,0.0,,,,,30.9,26.1,86.30000000000001,91.65,19.05,48.15,7572.0,0.0,7.7,1.7,23.6,64.5,28.2
13,Nagaland,2022,87.9,4.7,2.3,0.7,4142.0,87.9,4.8,2.5,88.4,4.5,0.5,3933.0,5000.0,0.7866,23964.0,1147.0,20.9,2.5,,4.0,16.5,,0.0579710144927536,,,,,,,,30.9,26.1,86.30000000000001,91.65,19.05,48.15,7572.0,0.0,7.7,1.7,23.6,64.5,28.2
14,Manipur,2018,80.0,3.0,3.0,0.0,2862.0,80.0,3.0,3.0,79.0,4.0,2.0,976.0,3796.0,0.2571127502634352,18206.0,600.0,30.34285,,,,,,,,,,North East States,3298171.0,897498.0,459079.0,22.6,13.2,64.05,79.65,13.8,56.9,15043.0,0.0,8.7,2.2,12.8,81.4,12.3
14,Manipur,2019,69.0,2.9,2.8,0.2,2623.0,69.0,2.4,3.1,64.0,5.4,1.1,1043.0,3500.0,0.298,15540.0,505.0,30.8,,,,,0.2647058823529412,0.1260504201680672,0.25,0.1204717775905644,0.0,North East States,3919869.0,905950.0,418699.0,22.6,13.2,64.05,79.65,13.8,56.9,15043.0,0.0,8.7,2.2,12.8,81.4,12.3
14,Manipur,2020,80.0,2.7,3.5,0.4,1564.0,82.0,2.7,3.5,64.0,2.8,4.0,935.0,3500.0,0.2671428571428571,5957.0,191.0,31.2,,7.0,,,0.0,0.0,0.8333333333333334,0.0,0.0,,,,,22.6,13.2,64.05,79.65,13.8,56.9,15043.0,0.0,8.7,2.2,12.8,81.4,12.3
14,Manipur,2021,79.4,3.4,4.0,0.5,1815.0,80.4,3.4,4.3,71.0,3.3,1.6,1749.0,3500.0,0.4997142857142857,13648.0,431.0,32.0,,,15.0,28.0,0.1259259259259259,0.086053412462908,0.4230769230769231,0.1175438596491228,0.0,,,,,22.6,13.2,64.05,79.65,13.8,56.9,15043.0,0.0,8.7,2.2,12.8,81.4,12.3
14,Manipur,2022,71.6,4.2,3.3,0.3,2584.0,74.5,4.1,3.5,42.8,4.5,1.6,2360.0,3000.0,0.7866666666666666,17923.0,506.0,35.43,2.0,,18.0,19.5,0.1374045801526717,0.1020408163265306,0.4375,0.1307609860664523,0.0121212121212121,,,,,22.6,13.2,64.05,79.65,13.8,56.9,15043.0,0.0,8.7,2.2,12.8,81.4,12.3
15,Mizoram,2018,88.0,2.0,2.0,1.0,2576.0,89.0,2.0,2.0,34.0,0.0,0.0,1186.0,3600.0,0.3294444444444444,13589.0,1111.0,12.23413,,,,,,,,,,North East States,1233076.0,1878349.0,1734459.0,28.7,12.55,95.15,95.5,47.0,73.45,4478.0,0.0,4.1,6.4,4.6,79.0,13.2
15,Mizoram,2019,67.0,1.4,1.6,0.3,2930.0,68.0,1.4,1.7,48.0,1.9,0.0,1084.0,3250.0,0.3335384615384615,15181.0,1214.0,12.5,,,,,,,,,,North East States,1351989.0,1925259.0,1595699.0,28.7,12.55,95.15,95.5,47.0,73.45,4478.0,0.0,4.1,6.4,4.6,79.0,13.2
15,Mizoram,2020,89.0,1.6,2.5,0.3,1988.0,89.0,1.5,2.7,87.0,2.5,0.0,1131.0,4000.0,0.28275,10623.0,842.0,12.6,,12.0,,,,,,,,,,,,28.7,12.55,95.15,95.5,47.0,73.45,4478.0,0.0,4.1,6.4,4.6,79.0,13.2
15,Mizoram,2021,88.4,2.0,4.3,1.0,1670.0,88.2,1.9,4.2,90.4,2.7,5.3,1677.0,4000.0,0.41925,7679.0,600.0,13.0,,,6.0,45.0,,,,,,,,,,28.7,12.55,95.15,95.5,47.0,73.45,4478.0,0.0,4.1,6.4,4.6,79.0,13.2
15,Mizoram,2022,87.5,1.9,4.3,0.5,1993.0,87.5,1.9,4.3,88.9,5.6,5.6,1918.0,3000.0,0.6393333333333333,15715.0,1209.0,13.0,6.4,,6.0,39.0,,,,,,,,,,28.7,12.55,95.15,95.5,47.0,73.45,4478.0,0.0,4.1,6.4,4.6,79.0,13.2
16,Tripura,2018,87.0,2.0,5.0,1.0,2702.0,87.0,2.0,5.0,75.0,0.0,0.0,584.0,5383.0,0.108489689764072,25988.0,668.0,38.93295,,,,,,,,,,North East States,1421656.0,4300090.0,779163.0,30.5,22.35,75.05,91.1,30.7,55.45,6147.0,0.0,35.5,8.0,23.6,80.4,3.2
16,Tripura,2019,83.0,2.9,5.9,0.6,2936.0,83.0,2.9,5.9,67.0,8.3,0.0,738.0,3100.0,0.2380645161290322,45827.0,1166.0,39.3,,,,,,,,,,North East States,1442338.0,4211150.0,828821.0,30.5,22.35,75.05,91.1,30.7,55.45,6147.0,0.0,35.5,8.0,23.6,80.4,3.2
16,Tripura,2020,81.0,2.3,7.4,0.4,2137.0,81.0,2.3,7.5,67.0,0.0,0.0,897.0,3500.0,0.2562857142857143,23137.0,585.0,39.6,,1.0,,,,,,,,,,,,30.5,22.35,75.05,91.1,30.7,55.45,6147.0,0.0,35.5,8.0,23.6,80.4,3.2
16,Tripura,2021,85.3,2.1,6.1,0.4,2729.0,85.3,2.1,6.1,83.3,0.0,8.3,2463.0,3500.0,0.7037142857142857,23536.0,590.0,40.0,,,16.0,16.0,,,,,,,,,,30.5,22.35,75.05,91.1,30.7,55.45,6147.0,0.0,35.5,8.0,23.6,80.4,3.2
16,Tripura,2022,86.8,2.4,5.6,0.4,3266.0,86.9,2.4,5.6,82.5,0.0,2.5,2745.0,3500.0,0.7842857142857143,54632.0,1359.0,40.21,0.7,,16.0,12.0,,,,,,,,,,30.5,22.35,75.05,91.1,30.7,55.45,6147.0,0.0,35.5,8.0,23.6,80.4,3.2
17,Meghalaya,2018,76.0,3.0,3.0,1.0,4459.0,79.0,2.0,4.0,48.0,5.0,1.0,4552.0,7005.0,0.6498215560314061,33392.0,953.0,35.05055,,,,,,,,,,North East States,2260519.0,4586734.0,613418.0,41.650000000000006,24.75,82.3,84.6,59.65,53.8,4083.0,0.1,5.9,1.9,8.7,87.4,8.6
17,Meghalaya,2019,80.0,3.1,3.7,0.7,4963.0,79.0,3.0,4.2,84.0,4.3,0.5,5329.0,5700.0,0.9349122807017544,34747.0,968.0,35.9,,,,,,,,,,North East States,2229958.0,3117258.0,491883.0,41.650000000000006,24.75,82.3,84.6,59.65,53.8,4083.0,0.1,5.9,1.9,8.7,87.4,8.6
17,Meghalaya,2020,80.0,3.8,4.8,0.7,3864.0,80.0,3.2,5.2,82.0,9.4,1.7,4040.0,6000.0,0.6733333333333333,21445.0,586.0,36.6,,4.0,,,0.0,0.0,0.2,0.0,0.0,,,,,41.650000000000006,24.75,82.3,84.6,59.65,53.8,4083.0,0.1,5.9,1.9,8.7,87.4,8.6
17,Meghalaya,2021,84.8,2.1,4.6,0.5,3916.0,84.1,2.0,5.0,91.7,3.0,1.1,4048.0,6000.0,0.6746666666666666,23821.0,637.0,37.0,,,4.0,58.0,0.0,0.0742857142857142,0.0,0.0,0.0,,,,,41.650000000000006,24.75,82.3,84.6,59.65,53.8,4083.0,0.1,5.9,1.9,8.7,87.4,8.6
17,Meghalaya,2022,83.2,3.0,4.2,0.5,4639.0,83.4,3.0,4.4,80.2,2.5,2.0,4877.0,6000.0,0.8128333333333333,51351.0,1350.0,38.05,6.1,,5.0,52.0,,0.0393258426966292,0.0,,,,,,,41.650000000000006,24.75,82.3,84.6,59.65,53.8,4083.0,0.1,5.9,1.9,8.7,87.4,8.6
18,Assam,2018,83.0,4.0,4.0,1.0,41676.0,86.0,4.0,4.0,60.0,1.0,1.0,40872.0,67436.0,0.6060857702117564,185660.0,543.0,341.83941,,,,,,,,,,EAG+1 States,30948977.0,4007036.0,1789286.0,32.9,29.75,69.05000000000001,88.65,56.0,48.6,13798.0,6.7,17.1,9.5,23.4,69.8,23.3
18,Assam,2019,83.0,2.5,3.9,0.4,47779.0,84.0,2.7,3.9,76.0,1.5,3.2,48029.0,50000.0,0.96058,207598.0,600.0,346.2,,,,,,,,,,EAG+1 States,35330211.0,4423527.0,1893122.0,32.9,29.75,69.05000000000001,88.65,56.0,48.6,13798.0,6.7,17.1,9.5,23.4,69.8,23.3
18,Assam,2020,84.0,1.8,4.1,0.4,34540.0,84.0,1.9,4.1,83.0,1.3,4.5,34779.0,59800.0,0.5815886287625418,124025.0,354.0,350.5,,1.0,,,0.0,0.0,0.0,0.0,0.0,,,,,32.9,29.75,69.05000000000001,88.65,56.0,48.6,13798.0,6.7,17.1,9.5,23.4,69.8,23.3
18,Assam,2021,88.1,1.9,4.4,0.5,37553.0,88.0,2.0,4.3,88.9,1.5,4.7,37408.0,62100.0,0.6023832528180354,126078.0,355.0,355.0,,,7.0,24.0,0.0868628858578607,0.1753130590339892,0.42,0.048823400043985,0.0370898716119828,,,,,32.9,29.75,69.05000000000001,88.65,56.0,48.6,13798.0,6.7,17.1,9.5,23.4,69.8,23.3
18,Assam,2022,88.6,1.4,3.7,0.4,47404.0,88.5,1.5,3.8,89.5,1.3,3.1,47603.0,61000.0,0.7803770491803279,284171.0,791.0,359.12,2.0,,8.0,19.5,,0.1459492888064316,0.3295880149812734,,,,,,,32.9,29.75,69.05000000000001,88.65,56.0,48.6,13798.0,6.7,17.1,9.5,23.4,69.8,23.3
19,West Bengal,2018,84.0,3.0,5.0,1.0,101033.0,86.0,3.0,5.0,67.0,2.0,2.0,110692.0,166848.0,0.6634301879555045,1026585.0,1047.0,980.05985,,,,,,,,,,Major (Non EAG States),34620084.0,39339221.0,2695219.0,33.25,31.1,69.85,97.75,28.45,47.3,14580.0,0.3,13.6,2.7,33.2,57.6,16.5
19,West Bengal,2019,81.0,2.7,5.0,0.6,108497.0,83.0,2.6,5.2,70.0,3.0,3.9,108743.0,125000.0,0.869944,1362090.0,1376.0,989.6,,,,,0.1513513513513513,0.3891402714932127,0.8763066202090593,0.0319506726457399,0.085547634478289,Major (Non EAG States),37218450.0,42610851.0,7083422.0,33.25,31.1,69.85,97.75,28.45,47.3,14580.0,0.3,13.6,2.7,33.2,57.6,16.5
19,West Bengal,2020,84.0,2.0,5.6,0.6,77477.0,84.0,2.0,5.6,82.0,2.0,5.0,70877.0,140000.0,0.5062642857142857,914137.0,915.0,999.1,,1.0,,,0.3487738419618528,0.2100719424460431,0.5492264416315049,0.0336313546106663,0.0574564234990316,,,,,33.25,31.1,69.85,97.75,28.45,47.3,14580.0,0.3,13.6,2.7,33.2,57.6,16.5
19,West Bengal,2021,83.4,1.9,5.6,0.7,89277.0,84.3,1.9,5.7,75.3,1.7,4.7,74580.0,140000.0,0.5327142857142857,955286.0,947.0,1009.0,,,12.0,18.5,0.4085808580858086,0.3770384866275277,0.7957317073170732,0.1088919422907056,0.1432038834951456,,,,,33.25,31.1,69.85,97.75,28.45,47.3,14580.0,0.3,13.6,2.7,33.2,57.6,16.5
19,West Bengal,2022,85.7,2.0,5.0,0.6,92921.0,86.0,2.1,5.1,81.8,1.9,3.8,89427.0,130000.0,0.6879,1387242.0,1367.0,1014.61,3.1,,14.0,18.0,0.3706484641638225,0.3660598179453836,0.6643598615916955,0.1180598095450242,0.1431238332296204,,,,,33.25,31.1,69.85,97.75,28.45,47.3,14580.0,0.3,13.6,2.7,33.2,57.6,16.5
20,Jharkhand,2018,83.0,3.0,2.0,0.0,48669.0,89.0,2.0,3.0,62.0,4.0,1.0,45388.0,70811.0,0.6409738599935039,239576.0,630.0,380.3101,,,,,,,,,,EAG+1 States,4239461.0,21836250.0,1111829.0,34.55,35.7,63.35,89.35,47.35,44.1,19057.0,0.9,15.4,8.0,42.1,37.8,44.2
20,Jharkhand,2019,77.0,2.8,2.3,0.5,56524.0,82.0,2.0,2.5,60.0,5.8,1.8,56023.0,60000.0,0.9337166666666666,263871.0,681.0,387.6,,,,,0.5875,0.4962518740629685,0.9057142857142856,0.2985471886436731,0.3788659793814433,EAG+1 States,4069333.0,22816668.0,1157727.0,34.55,35.7,63.35,89.35,47.35,44.1,19057.0,0.9,15.4,8.0,42.1,37.8,44.2
20,Jharkhand,2020,83.0,5.2,3.4,0.4,45660.0,84.0,2.2,2.9,82.0,11.3,4.5,45604.0,65000.0,0.7016,189759.0,481.0,394.8,,1.0,,,0.3321100917431193,0.3272727272727272,0.471976401179941,0.0618170465188885,0.4168797953964194,,,,,34.55,35.7,63.35,89.35,47.35,44.1,19057.0,0.9,15.4,8.0,42.1,37.8,44.2
20,Jharkhand,2021,86.5,4.8,3.5,0.4,52793.0,87.8,2.4,3.1,83.8,10.0,4.3,52256.0,65000.0,0.8039384615384615,202556.0,504.0,402.0,,,5.0,12.5,0.3625429553264604,0.0446735395189003,0.7280701754385965,0.373640976081179,0.512987012987013,,,,,34.55,35.7,63.35,89.35,47.35,44.1,19057.0,0.9,15.4,8.0,42.1,37.8,44.2
20,Jharkhand,2022,89.2,2.2,2.6,0.5,58996.0,89.2,1.8,2.7,89.3,3.6,2.5,57318.0,70000.0,0.8188285714285715,367853.0,898.0,409.47,1.5,,5.0,9.5,0.352233676975945,0.0206185567010309,0.6973684210526315,0.5029048656499637,0.5043290043290043,,,,,34.55,35.7,63.35,89.35,47.35,44.1,19057.0,0.9,15.4,8.0,42.1,37.8,44.2
21,Odisha,2018,88.0,3.0,5.0,0.0,48307.0,89.0,3.0,5.0,82.0,3.0,2.0,48398.0,72613.0,0.6665197691873356,343587.0,758.0,453.49185,,,,,,,,,,EAG+1 States,25277579.0,14713856.0,7824771.0,28.45,26.25,65.15,93.55,40.6,47.3,11476.0,0.3,20.4,3.1,28.2,71.6,24.8
21,Odisha,2019,87.0,2.2,5.2,0.3,52279.0,88.0,2.1,5.4,82.0,3.2,3.3,52968.0,83000.0,0.6381686746987952,414215.0,904.0,458.4,,,,,0.0,0.3959881129271916,0.8456507521255723,0.0,0.0389189189189189,EAG+1 States,27930179.0,15750593.0,8305554.0,28.45,26.25,65.15,93.55,40.6,47.3,11476.0,0.3,20.4,3.1,28.2,71.6,24.8
21,Odisha,2020,89.0,1.3,5.6,0.2,44995.0,89.0,1.3,5.8,91.0,1.2,2.4,45346.0,65000.0,0.6976307692307693,585578.0,1264.0,463.2,,1.0,,,0.0,0.3579192546583851,0.7887989203778677,0.0,0.0931477516059957,,,,,28.45,26.25,65.15,93.55,40.6,47.3,11476.0,0.3,20.4,3.1,28.2,71.6,24.8
21,Odisha,2021,89.7,1.0,5.7,0.2,51788.0,89.6,1.0,6.0,91.8,0.7,2.6,51990.0,65000.0,0.7998461538461539,874054.0,1867.0,468.0,,,8.0,14.0,0.1986628462273161,0.304282494365139,0.7954996690933157,0.1081430924923511,0.1682151589242053,,,,,28.45,26.25,65.15,93.55,40.6,47.3,11476.0,0.3,20.4,3.1,28.2,71.6,24.8
21,Odisha,2022,91.0,0.8,4.4,0.2,59656.0,91.0,0.8,4.7,91.6,1.1,1.6,60262.0,65000.0,0.9271076923076924,1225297.0,2590.0,473.01,0.9,,8.0,12.5,0.1928251121076233,0.2573143285821455,0.7976190476190477,0.1120436983746336,0.1661097852028639,,,,,28.45,26.25,65.15,93.55,40.6,47.3,11476.0,0.3,20.4,3.1,28.2,71.6,24.8
22,Chhattisgarh,2018,84.0,2.0,3.0,1.0,40527.0,89.0,2.0,4.0,67.0,1.0,1.0,38473.0,55409.0,0.6943456839141656,239783.0,826.0,290.33682,,,,,,,,,,EAG+1 States,19014850.0,12002656.0,1775879.0,32.85,29.25,80.85,96.65,70.44999999999999,39.7,22896.0,3.1,23.9,6.7,23.8,51.7,39.9
22,Chhattisgarh,2019,84.0,1.9,3.7,0.5,42845.0,85.0,1.7,4.4,82.0,2.4,1.7,42594.0,53000.0,0.8036603773584906,301744.0,1021.0,295.4,,,,,0.2660869565217391,0.5946969696969697,0.9090909090909092,0.0,0.1092362344582593,EAG+1 States,24032652.0,14542740.0,2667207.0,32.85,29.25,80.85,96.65,70.44999999999999,39.7,22896.0,3.1,23.9,6.7,23.8,51.7,39.9
22,Chhattisgarh,2020,86.0,2.4,4.7,0.5,29104.0,87.0,1.7,5.2,83.0,4.5,3.4,28573.0,55000.0,0.5195090909090909,175833.0,585.0,300.3,,1.0,,,0.189,0.5215782983970407,0.8932874354561101,0.0715069782029167,0.1232622798887859,,,,,32.85,29.25,80.85,96.65,70.44999999999999,39.7,22896.0,3.1,23.9,6.7,23.8,51.7,39.9
22,Chhattisgarh,2021,85.9,1.9,5.7,0.5,32184.0,86.0,1.4,5.8,85.6,3.8,5.5,31705.0,55000.0,0.5764545454545454,214665.0,703.0,305.0,,,8.0,22.0,0.1405312767780634,0.4302059496567506,0.8283828382838284,0.0,0.2290292177191329,,,,,32.85,29.25,80.85,96.65,70.44999999999999,39.7,22896.0,3.1,23.9,6.7,23.8,51.7,39.9
22,Chhattisgarh,2022,88.3,1.9,5.4,0.5,38788.0,88.7,1.5,5.0,87.0,2.9,6.7,36807.0,55000.0,0.6692181818181818,487368.0,1605.0,303.59,1.8,,9.0,19.5,0.2617342879872713,0.4922440537745605,0.8928571428571429,0.1956486704270749,0.2943294329432943,,,,,32.85,29.25,80.85,96.65,70.44999999999999,39.7,22896.0,3.1,23.9,6.7,23.8,51.7,39.9
23,Madhya Pradesh,2018,81.0,4.0,3.0,1.0,152846.0,88.0,4.0,3.0,57.0,6.0,1.0,150060.0,201982.0,0.7429374894792605,675536.0,826.0,817.41779,,,,,,,,,,EAG+1 States,20157931.0,43835480.0,4163511.0,33.7,31.4,70.2,91.8,39.1,43.05,14655.0,0.0,18.5,4.2,40.3,46.3,45.8
23,Madhya Pradesh,2019,79.0,5.3,3.0,0.6,183177.0,83.0,3.5,3.2,65.0,11.8,2.2,185517.0,227000.0,0.8172555066079296,618246.0,744.0,830.6,,,,,0.0,0.4797430830039526,0.9158576051779936,0.1873539518900343,0.2230337078651685,EAG+1 States,19196464.0,60343651.0,4609052.0,33.7,31.4,70.2,91.8,39.1,43.05,14655.0,0.0,18.5,4.2,40.3,46.3,45.8
23,Madhya Pradesh,2020,80.0,4.5,3.5,0.6,135759.0,84.0,3.3,3.6,64.0,8.6,3.2,136278.0,240100.0,0.5675885047896709,522913.0,620.0,843.6,,1.0,,,0.4542440318302387,0.3016393442622951,0.9554263565891472,0.0633137011779293,0.1226790450928382,,,,,33.7,31.4,70.2,91.8,39.1,43.05,14655.0,0.0,18.5,4.2,40.3,46.3,45.8
23,Madhya Pradesh,2021,84.7,4.4,4.0,0.7,166098.0,85.1,3.4,4.2,83.9,7.0,3.6,164759.0,240100.0,0.6862099125364431,634719.0,741.0,857.0,,,5.0,11.5,0.302158273381295,0.3073661897191309,0.9544973544973544,0.0688583197326494,0.0601700457815565,,,,,33.7,31.4,70.2,91.8,39.1,43.05,14655.0,0.0,18.5,4.2,40.3,46.3,45.8
23,Madhya Pradesh,2022,87.3,3.4,3.5,0.6,186709.0,87.1,2.6,3.6,87.9,5.8,3.2,185873.0,245000.0,0.758665306122449,1309645.0,1505.0,870.0,1.6,,6.0,9.5,0.2797246558197747,0.1618705035971223,0.944677284157586,0.0595782935599869,0.1082603254067584,,,,,33.7,31.4,70.2,91.8,39.1,43.05,14655.0,0.0,18.5,4.2,40.3,46.3,45.8
24,Gujarat,2018,82.0,4.0,4.0,1.0,148695.0,84.0,3.0,6.0,77.0,7.0,2.0,141663.0,160923.0,0.8803154303611044,869701.0,1285.0,676.73985,,,,,,,,,,Major (Non EAG States),13132241.0,44198416.0,16564661.0,37.7,38.4,76.3,97.55,38.7,40.150000000000006,15448.0,0.4,11.7,6.8,30.2,30.2,58.9
24,Gujarat,2019,85.0,2.9,4.5,0.8,150999.0,86.0,2.2,5.3,85.0,4.3,3.1,156113.0,170000.0,0.9183117647058824,977630.0,1423.0,687.2,,,,,0.0608365019011406,0.1716559302766199,0.8036605657237936,0.1385077992858485,0.1066666666666666,Major (Non EAG States),11806439.0,38761054.0,18493113.0,37.7,38.4,76.3,97.55,38.7,40.150000000000006,15448.0,0.4,11.7,6.8,30.2,30.2,58.9
24,Gujarat,2020,88.0,2.1,4.7,0.8,115345.0,87.0,1.4,5.5,90.0,3.4,3.2,117868.0,195000.0,0.6044512820512821,811825.0,1164.0,697.6,,2.0,,,0.1752232142857142,0.2027822364901016,0.9514925373134328,0.2043583132329701,0.1668472372697725,,,,,37.7,38.4,76.3,97.55,38.7,40.150000000000006,15448.0,0.4,11.7,6.8,30.2,30.2,58.9
24,Gujarat,2021,88.7,1.8,5.0,0.7,138070.0,87.7,1.3,5.7,91.2,2.8,3.1,141510.0,195000.0,0.7256923076923077,889374.0,1256.0,708.0,,,5.0,13.5,0.0254143646408839,0.117708880714661,0.6311475409836066,0.1372869684971595,0.1016574585635359,,,,,37.7,38.4,76.3,97.55,38.7,40.150000000000006,15448.0,0.4,11.7,6.8,30.2,30.2,58.9
24,Gujarat,2022,90.1,1.3,4.1,0.7,144685.0,88.5,1.2,4.9,94.6,1.6,2.0,150337.0,150000.0,1.0022466666666667,1261884.0,1768.0,713.84,2.2,,6.0,13.0,0.0961848468565287,0.0985615343633457,0.6909975669099757,0.1339164844319483,0.1319850984566258,,,,,37.7,38.4,76.3,97.55,38.7,40.150000000000006,15448.0,0.4,11.7,6.8,30.2,30.2,58.9
27,Maharashtra,2018,81.0,4.0,4.0,1.0,191294.0,82.0,4.0,5.0,80.0,4.0,2.0,191102.0,259535.0,0.7363245804997399,1081654.0,881.0,1227.65975,,,,,,,,,,Major (Non EAG States),8670985.0,48928218.0,52102997.0,35.2,35.65,72.25,93.9,20.0,33.4,23892.0,0.5,17.0,6.3,35.2,20.7,68.1
27,Maharashtra,2019,83.0,3.2,4.2,0.6,210754.0,83.0,3.2,4.5,84.0,3.2,3.6,221554.0,265000.0,0.8360528301886793,1133935.0,913.0,1241.4,,,,,0.2287862513426423,0.0746315459391658,0.4106925880923451,0.0701064420980635,0.0865865865865865,Major (Non EAG States),11728905.0,46457427.0,64151913.0,35.2,35.65,72.25,93.9,20.0,33.4,23892.0,0.5,17.0,6.3,35.2,20.7,68.1
27,Maharashtra,2020,84.0,2.1,4.7,0.5,147420.0,83.0,2.1,4.8,86.0,2.1,4.6,155714.0,270000.0,0.5767185185185185,884469.0,703.0,1257.4,,4.0,,,0.2568460812086874,0.2060217451909674,0.2849462365591398,0.1328728159284843,0.1120181405895691,,,,,35.2,35.65,72.25,93.9,20.0,33.4,23892.0,0.5,17.0,6.3,35.2,20.7,68.1
27,Maharashtra,2021,86.8,1.5,4.3,0.5,182554.0,85.2,1.8,4.6,89.5,1.1,3.8,192026.0,270000.0,0.7112074074074074,1058856.0,832.0,1272.0,,,7.0,8.0,0.2570647219690063,0.1912459587167371,0.3022774327122153,0.1892315441876084,0.1342069588793493,,,,,35.2,35.65,72.25,93.9,20.0,33.4,23892.0,0.5,17.0,6.3,35.2,20.7,68.1
27,Maharashtra,2022,86.9,1.4,3.9,0.4,219216.0,86.0,1.6,4.2,88.6,0.8,3.4,230396.0,270000.0,0.8533185185185185,1942765.0,1519.0,1278.86,6.1,,7.0,6.5,0.2645551932929669,0.182070707070707,0.3075221238938053,0.2563742517182765,0.1521035598705501,,,,,35.2,35.65,72.25,93.9,20.0,33.4,23892.0,0.5,17.0,6.3,35.2,20.7,68.1
28,Andhra Pradesh,2018,91.0,2.0,4.0,1.0,90680.0,89.0,2.0,5.0,94.0,3.0,1.0,84611.0,115695.0,0.7313280608496477,451321.0,871.0,518.34544,,,,,,,,,,Major (Non EAG States),8540210.0,30207517.0,4140865.0,28.65,28.25,80.6,97.4,67.95,20.700000000000003,16454.0,0.0,13.7,4.7,39.4,26.9,66.6
28,Andhra Pradesh,2019,90.0,1.5,3.7,0.3,96469.0,89.0,1.3,4.4,94.0,2.1,1.5,97237.0,115000.0,0.8455391304347826,402272.0,771.0,521.9,,,,,0.2932525951557093,0.0789473684210526,0.1966101694915254,0.1723292469352014,0.2378094523630907,Major (Non EAG States),8412239.0,33320052.0,4286051.0,28.65,28.25,80.6,97.4,67.95,20.700000000000003,16454.0,0.0,13.7,4.7,39.4,26.9,66.6
28,Andhra Pradesh,2020,90.0,0.8,4.0,0.2,62914.0,88.0,0.8,4.8,94.0,0.9,1.6,63050.0,115000.0,0.5482608695652174,612380.0,1166.0,525.4,,7.0,,,0.2643029814665592,0.0338527673293928,0.1666666666666666,0.0808127992525983,0.1773555027711797,,,,,28.65,28.25,80.6,97.4,67.95,20.700000000000003,16454.0,0.0,13.7,4.7,39.4,26.9,66.6
28,Andhra Pradesh,2021,93.1,0.2,2.6,0.2,85200.0,91.5,0.2,3.3,97.2,0.2,1.0,84987.0,115000.0,0.7390173913043478,750486.0,1419.0,529.0,,,12.0,11.5,0.2288659793814433,0.0675675675675675,0.3192389006342495,0.0840356813288219,0.1520056298381421,,,,,28.65,28.25,80.6,97.4,67.95,20.700000000000003,16454.0,0.0,13.7,4.7,39.4,26.9,66.6
28,Andhra Pradesh,2022,94.7,0.1,1.6,0.2,90840.0,93.3,0.1,2.1,98.0,0.0,0.5,90714.0,115000.0,0.7888173913043478,806156.0,1524.0,528.95,3.0,,14.0,11.5,0.2176470588235294,0.0716228467815049,0.3529411764705882,0.0521093582696837,0.1682626538987688,,,,,28.65,28.25,80.6,97.4,67.95,20.700000000000003,16454.0,0.0,13.7,4.7,39.4,26.9,66.6
29,Karnataka,2018,80.0,5.0,6.0,1.0,78918.0,81.0,5.0,7.0,75.0,3.0,3.0,79070.0,118895.0,0.6650405820261576,764712.0,1144.0,668.68115,,,,,,,,,,Major (Non EAG States),21381769.0,18866254.0,3401651.0,34.7,32.15,76.45,95.7,28.1,26.15,15546.0,0.3,25.3,6.1,43.9,24.1,69.5
29,Karnataka,2019,80.0,3.4,6.4,0.8,87168.0,80.0,3.8,7.0,78.0,1.5,4.0,90064.0,130000.0,0.6928,987369.0,1459.0,676.9,,,,,0.1733258300506471,0.007522331922896,0.4128787878787879,0.0,0.1830227743271221,Major (Non EAG States),20705324.0,19043407.0,4323011.0,34.7,32.15,76.45,95.7,28.1,26.15,15546.0,0.3,25.3,6.1,43.9,24.1,69.5
29,Karnataka,2020,81.0,2.5,7.2,0.6,62534.0,81.0,2.6,7.9,83.0,2.0,4.3,64260.0,135000.0,0.476,527789.0,770.0,685.1,,7.0,,,0.1024973985431841,0.1084804132587171,0.4949899799599198,0.2466193373901284,0.2610899873257287,,,,,34.7,32.15,76.45,95.7,28.1,26.15,15546.0,0.3,25.3,6.1,43.9,24.1,69.5
29,Karnataka,2021,82.5,2.5,7.5,0.6,69405.0,82.1,2.7,8.2,84.7,1.9,4.3,70540.0,135000.0,0.5225185185185185,538482.0,743.0,724.0,,,13.0,12.5,0.1731414868105515,0.2514546965918537,0.525974025974026,0.1998595505617977,0.2902160101651842,,,,,34.7,32.15,76.45,95.7,28.1,26.15,15546.0,0.3,25.3,6.1,43.9,24.1,69.5
29,Karnataka,2022,84.6,2.1,6.7,0.5,76687.0,83.9,2.3,7.3,88.0,0.9,3.0,79092.0,100000.0,0.79092,971808.0,1345.0,722.51,3.2,,15.0,11.5,0.1671996345363179,0.1661316211878009,0.4295010845986984,0.2841142430464812,0.3125261834939254,,,,,34.7,32.15,76.45,95.7,28.1,26.15,15546.0,0.3,25.3,6.1,43.9,24.1,69.5
30,Goa,2018,70.0,3.0,3.0,1.0,2240.0,80.0,4.0,4.0,38.0,0.0,0.0,859.0,2306.0,0.3725065047701648,17975.0,1180.0,15.22877,,,,,,,,,,Major (Non EAG States),1982221.0,4688759.0,487223.0,26.25,24.55,87.7,98.4,66.3,17.9,11983.0,0.0,19.4,3.8,20.9,69.3,28.4
30,Goa,2019,79.0,5.5,3.2,0.6,2271.0,80.0,3.9,3.6,77.0,12.2,1.6,1031.0,3000.0,0.3436666666666667,18666.0,1212.0,15.4,,,,,0.032258064516129,0.0,0.0,0.1883116883116883,0.0465116279069767,Major (Non EAG States),2452005.0,5067431.0,803682.0,26.25,24.55,87.7,98.4,66.3,17.9,11983.0,0.0,19.4,3.8,20.9,69.3,28.4
30,Goa,2020,84.0,3.0,5.6,0.5,1584.0,83.0,2.6,6.6,92.0,4.9,1.6,1007.0,3200.0,0.3146875,12885.0,836.0,15.4,,3.0,,,0.0,0.0,0.0,0.0,0.0,,,,,26.25,24.55,87.7,98.4,66.3,17.9,11983.0,0.0,19.4,3.8,20.9,69.3,28.4
30,Goa,2021,80.1,3.1,9.0,0.8,1948.0,77.6,3.7,9.7,90.1,1.0,6.1,1922.0,3200.0,0.600625,13454.0,868.0,16.0,,,16.0,2.5,0.0,0.09375,0.6875,0.1275167785234899,0.0666666666666666,,,,,26.25,24.55,87.7,98.4,66.3,17.9,11983.0,0.0,19.4,3.8,20.9,69.3,28.4
30,Goa,2022,74.3,4.4,8.6,0.9,1996.0,74.0,4.6,9.9,75.5,3.3,3.3,1843.0,2400.0,0.7679166666666667,20528.0,1316.0,15.6,2.7,,19.0,5.5,0.0,0.1081081081081081,0.9090909090909092,0.2601279317697228,0.108695652173913,,,,,26.25,24.55,87.7,98.4,66.3,17.9,11983.0,0.0,19.4,3.8,20.9,69.3,28.4
31,Lakshadweep,2018,95.0,0.0,0.0,0.0,19.0,95.0,0.0,0.0,,,,4.0,25.0,0.16,941.0,1429.0,0.65864,,,,,,,,,,,,,,33.15,23.45,99.85,90.65,62.55,31.85,10383.0,0.0,50.3,6.3,4.4,61.2,37.5
31,Lakshadweep,2019,64.0,0.0,9.1,0.0,22.0,64.0,0.0,9.1,,,,4.0,30.0,0.1333333333333333,805.0,1218.0,0.7,,,,,0.0,0.0,,0.0,0.0,,,,,33.15,23.45,99.85,90.65,62.55,31.85,10383.0,0.0,50.3,6.3,4.4,61.2,37.5
31,Lakshadweep,2020,88.0,0.0,0.0,0.0,17.0,88.0,0.0,0.0,,,,9.0,20.0,0.45,1152.0,1738.0,0.7,,0.0,,,0.0,0.0,0.0,0.0,0.0,,,,,33.15,23.45,99.85,90.65,62.55,31.85,10383.0,0.0,50.3,6.3,4.4,61.2,37.5
31,Lakshadweep,2021,90.0,0.0,5.0,0.0,20.0,90.0,0.0,5.0,,,,9.0,0.0,,1045.0,1572.0,1.0,,,21.0,5.5,0.1666666666666666,0.0,0.0,0.0769230769230769,0.2142857142857142,,,,,33.15,23.45,99.85,90.65,62.55,31.85,10383.0,0.0,50.3,6.3,4.4,61.2,37.5
31,Lakshadweep,2022,100.0,0.0,0.0,0.0,21.0,100.0,0.0,0.0,,,,10.0,20.0,0.5,2623.0,3933.0,0.67,,,40.0,0.0,0.0,0.0,0.0,0.0222222222222222,0.1333333333333333,,,,,33.15,23.45,99.85,90.65,62.55,31.85,10383.0,0.0,50.3,6.3,4.4,61.2,37.5
32,Kerala,2018,88.0,2.0,5.0,1.0,24572.0,89.0,2.0,5.0,,,,24106.0,31986.0,0.7536422184705809,478758.0,1400.0,342.08129,,,,,,,,,,Major (Non EAG States),10115870.0,24125195.0,10986819.0,23.25,19.65,98.75,95.0,51.3,16.8,17098.0,0.0,17.7,7.6,13.3,39.8,55.4
32,Kerala,2019,83.0,1.9,7.2,0.8,25267.0,83.0,1.9,7.2,81.0,1.9,7.2,25291.0,32000.0,0.79034375,503342.0,1466.0,343.3,,,,,0.0,0.0,0.0,0.0,0.0,Major (Non EAG States),10080331.0,24125670.0,17868865.0,23.25,19.65,98.75,95.0,51.3,16.8,17098.0,0.0,17.7,7.6,13.3,39.8,55.4
32,Kerala,2020,81.0,1.8,8.1,0.6,20641.0,82.0,1.8,7.8,78.0,2.1,9.8,20627.0,28000.0,0.7366785714285714,257917.0,749.0,344.4,,1.0,,,0.0374787052810902,0.1689571544058205,0.0989583333333333,0.0447206974491443,0.1303370786516854,,,,,23.25,19.65,98.75,95.0,51.3,16.8,17098.0,0.0,17.7,7.6,13.3,39.8,55.4
32,Kerala,2021,79.5,2.2,8.1,0.7,21886.0,80.8,2.1,7.9,71.6,2.9,9.5,21772.0,28000.0,0.7775714285714286,228096.0,660.0,346.0,,,31.0,11.0,0.0362844702467343,0.046,0.0,0.1240713224368499,0.0283333333333333,,,,,23.25,19.65,98.75,95.0,51.3,16.8,17098.0,0.0,17.7,7.6,13.3,39.8,55.4
32,Kerala,2022,81.8,2.6,8.4,0.6,23135.0,82.7,2.4,8.3,75.1,4.3,9.2,23535.0,24000.0,0.980625,395812.0,1141.0,346.78,1.4,,33.0,10.5,0.0218579234972677,0.039002557544757,0.04,0.1789383561643835,0.0083402835696413,,,,,23.25,19.65,98.75,95.0,51.3,16.8,17098.0,0.0,17.7,7.6,13.3,39.8,55.4
33,Tamil Nadu,2018,84.0,3.0,4.0,1.0,101101.0,85.0,4.0,5.0,82.0,2.0,1.0,94374.0,153710.0,0.6139743673150738,994312.0,1253.0,793.38612,,,,,,,,,,Major (Non EAG States),12266473.0,43810453.0,6053778.0,24.7,21.75,73.05,98.6,66.25,20.0,15835.0,0.1,16.1,8.9,30.6,49.3,47.8
33,Tamil Nadu,2019,83.0,3.0,4.9,0.5,109772.0,84.0,3.1,5.7,81.0,2.7,2.5,107890.0,140000.0,0.7706428571428572,1133993.0,1411.0,803.7,,,,,0.5213675213675214,0.3751758087201125,,0.1034575662325999,0.2310876928867143,Major (Non EAG States),13801215.0,43881323.0,6247199.0,24.7,21.75,73.05,98.6,66.25,20.0,15835.0,0.1,16.1,8.9,30.6,49.3,47.8
33,Tamil Nadu,2020,83.0,2.5,5.9,0.5,68943.0,82.0,2.2,6.4,83.0,3.6,4.1,68601.0,145000.0,0.4731103448275862,644301.0,792.0,814.0,,4.0,,,0.3776709401709401,0.0900537634408602,0.2852664576802508,0.1267898767898768,0.1305540318156884,,,,,24.7,21.75,73.05,98.6,66.25,20.0,15835.0,0.1,16.1,8.9,30.6,49.3,47.8
33,Tamil Nadu,2021,83.1,2.8,6.0,0.6,82684.0,83.1,2.6,6.6,83.1,3.9,3.6,81199.0,145000.0,0.5599931034482759,785646.0,953.0,824.0,,,25.0,14.5,0.2376926902038786,0.0889334670678702,0.2300613496932515,0.0484577637574483,0.1624933404368673,,,,,24.7,21.75,73.05,98.6,66.25,20.0,15835.0,0.1,16.1,8.9,30.6,49.3,47.8
33,Tamil Nadu,2022,85.8,2.5,5.6,0.6,93657.0,85.1,2.6,6.1,88.8,2.5,3.2,92736.0,120000.0,0.7728,1773904.0,2290.0,774.5,2.8,,27.0,13.0,0.2216162617749132,0.0884125920964501,0.2611275964391691,0.0566827404239832,0.1571656899307405,,,,,24.7,21.75,73.05,98.6,66.25,20.0,15835.0,0.1,16.1,8.9,30.6,49.3,47.8
34,Puducherry,2018,86.0,3.0,6.0,1.0,1542.0,86.0,3.0,6.0,90.0,0.0,0.0,2182.0,2643.0,0.8255769958380628,29934.0,2078.0,14.40247,,,,,,,,,,Union Territories,503393.0,3249662.0,318666.0,18.65,14.8,81.9,99.9,30.25,15.55,19646.0,0.0,29.2,10.6,20.5,68.8,30.3
34,Puducherry,2019,81.0,2.7,7.4,1.4,1565.0,81.0,2.8,7.4,33.0,0.0,0.0,2994.0,3650.0,0.8202739726027397,31827.0,2168.0,14.7,,,,,0.0,0.0,,,0.0,Union Territories,530982.0,3571977.0,336624.0,18.65,14.8,81.9,99.9,30.25,15.55,19646.0,0.0,29.2,10.6,20.5,68.8,30.3
34,Puducherry,2020,81.0,2.3,6.6,1.1,1220.0,81.0,2.3,6.6,100.0,0.0,0.0,1599.0,4500.0,0.3553333333333333,12006.0,802.0,15.0,,2.0,,,0.0666666666666666,0.0,1.0,0.0083333333333333,0.0,,,,,18.65,14.8,81.9,99.9,30.25,15.55,19646.0,0.0,29.2,10.6,20.5,68.8,30.3
34,Puducherry,2021,80.6,2.4,5.4,1.8,1369.0,80.6,2.4,5.4,,,,2982.0,4500.0,0.6626666666666666,15411.0,1011.0,15.0,,,28.0,8.0,0.0666666666666666,0.0,1.0,0.0083333333333333,0.0,,,,,18.65,14.8,81.9,99.9,30.25,15.55,19646.0,0.0,29.2,10.6,20.5,68.8,30.3
34,Puducherry,2022,81.8,2.7,7.7,1.3,1485.0,81.9,2.7,7.8,50.0,0.0,0.0,3348.0,4900.0,0.683265306122449,26451.0,1703.0,15.53,10.2,,30.0,15.0,0.0666666666666666,0.0,,0.0,,,,,,18.65,14.8,81.9,99.9,30.25,15.55,19646.0,0.0,29.2,10.6,20.5,68.8,30.3
35,Andaman And Nicobar Islands,2018,88.0,3.0,2.0,1.0,523.0,88.0,3.0,2.0,90.0,5.0,0.0,149.0,667.0,0.2233883058470764,6163.0,1590.0,3.87466,,,,,,,,,,Union Territories,,,,22.3,23.1,88.0,96.65,1.5,55.55,16379.0,0.0,20.6,5.2,43.4,85.5,14.2
35,Andaman And Nicobar Islands,2019,84.0,3.2,4.5,0.0,554.0,84.0,3.1,4.6,73.0,9.1,0.0,167.0,550.0,0.3036363636363636,5822.0,1498.0,3.9,,,,,0.1739130434782608,0.1904761904761904,1.0,0.04,0.0754716981132075,Union Territories,,,,22.3,23.1,88.0,96.65,1.5,55.55,16379.0,0.0,20.6,5.2,43.4,85.5,14.2
35,Andaman And Nicobar Islands,2020,85.0,1.4,3.7,0.7,434.0,85.0,1.4,3.7,,,,221.0,600.0,0.3683333333333333,3682.0,945.0,3.9,,1.0,,,0.0,0.0,,0.0,0.0,,,,,22.3,23.1,88.0,96.65,1.5,55.55,16379.0,0.0,20.6,5.2,43.4,85.5,14.2
35,Andaman And Nicobar Islands,2021,86.7,2.5,2.7,0.4,480.0,86.8,2.5,2.5,0.0,0.0,100.0,479.0,600.0,0.7983333333333333,6024.0,1542.0,4.0,,,20.0,20.0,0.1111111111111111,0.0566037735849056,0.75,0.0463917525773195,0.0,,,,,22.3,23.1,88.0,96.65,1.5,55.55,16379.0,0.0,20.6,5.2,43.4,85.5,14.2
35,Andaman And Nicobar Islands,2022,85.0,3.1,2.8,1.6,508.0,85.1,3.2,2.8,75.0,0.0,0.0,470.0,530.0,0.8867924528301887,16075.0,4103.0,3.92,6.9,,20.0,8.5,0.1111111111111111,0.0566037735849056,0.75,0.0486486486486486,0.2682926829268293,,,,,22.3,23.1,88.0,96.65,1.5,55.55,16379.0,0.0,20.6,5.2,43.4,85.5,14.2
36,Telangana,2018,90.0,2.0,4.0,1.0,51318.0,90.0,2.0,4.0,91.0,1.0,2.0,50968.0,76916.0,0.6626449633366269,292774.0,790.0,370.61723,,,,,,,,,,Major (Non EAG States),5941215.0,25921115.0,3914995.0,31.9,30.4,77.35,98.9,58.95,20.85,22377.0,0.0,9.6,2.6,53.9,21.1,74.9
36,Telangana,2019,89.0,0.8,3.5,0.5,69076.0,88.0,1.0,3.9,93.0,0.5,2.5,70463.0,70000.0,1.0066142857142857,368374.0,990.0,372.2,,,,,0.1630012936610608,0.0326953748006379,0.5872,0.11827478879502,0.3451851851851852,Major (Non EAG States),5070395.0,25844112.0,5954078.0,31.9,30.4,77.35,98.9,58.95,20.85,22377.0,0.0,9.6,2.6,53.9,21.1,74.9
36,Telangana,2020,89.0,0.6,3.1,0.4,60857.0,87.0,0.6,3.4,92.0,0.6,2.4,61942.0,82000.0,0.755390243902439,262714.0,693.0,379.2,,4.0,,,0.1630012936610608,0.0326953748006379,0.5872,0.1170520231213872,0.3451851851851852,,,,,31.9,30.4,77.35,98.9,58.95,20.85,22377.0,0.0,9.6,2.6,53.9,21.1,74.9
36,Telangana,2021,91.2,0.7,3.0,0.4,59615.0,90.6,0.7,3.1,92.5,0.7,2.5,59877.0,82000.0,0.7302073170731708,253721.0,664.0,382.0,,,7.0,11.0,0.1630012936610608,0.0326953748006379,0.5872,0.1170520231213872,0.3451851851851852,,,,,31.9,30.4,77.35,98.9,58.95,20.85,22377.0,0.0,9.6,2.6,53.9,21.1,74.9
36,Telangana,2022,91.7,0.5,2.3,0.4,71488.0,91.1,0.6,2.7,93.7,0.2,1.2,72304.0,80000.0,0.9038,574341.0,1423.0,403.5,2.3,,7.0,9.5,0.165079365079365,0.3098106712564544,0.125,0.2635684647302904,0.0874587458745874,,,,,31.9,30.4,77.35,98.9,58.95,20.85,22377.0,0.0,9.6,2.6,53.9,21.1,74.9
37,Ladakh,2018,82.0,2.0,2.0,1.0,260.071634017,84.0,2.0,3.0,65.0,1.0,0.0,215.0,458.0,0.4694323144104803,2767.2803008965,883.0,3.1357099391,,,,,,,,,,Major (Non EAG States),117105.444707062,183251.3510385812,7894.5849099425,29.65,19.1,54.75,91.95,19.4,37.3,8724.0,0.0,15.4,1.2,47.2,89.8,5.6
37,Ladakh,2019,86.0,0.2,5.6,0.0,412.0,85.0,0.3,6.0,98.0,0.0,2.2,167.0,420.0,0.3976190476190476,2757.5686267583,864.0,3.1934784328,,,,,0.0394456289985744,0.4040207522710831,0.2965116279084448,0.1006047278726402,0.0104166666680404,Major (Non EAG States),137140.497215389,150204.0550659841,13731.0385893388,29.65,19.1,54.75,91.95,19.4,37.3,8724.0,0.0,15.4,1.2,47.2,89.8,5.6
37,Ladakh,2020,77.0,1.6,7.8,0.8,243.0,76.0,1.8,8.4,100.0,0.0,0.0,128.0,420.0,0.3047619047619048,2922.0,850.0,3.4,,0.0,,,0.0909090909090909,0.5652173913043478,0.5454545454545454,0.0,0.0833333333333333,,,,,29.65,19.1,54.75,91.95,19.4,37.3,8724.0,0.0,15.4,1.2,47.2,89.8,5.6
37,Ladakh,2021,82.2,1.3,6.9,0.6,320.0,82.0,1.4,7.1,84.0,0.0,4.0,286.0,560.0,0.5107142857142857,3974.0,1137.0,3.0,,,1.0,0.5,0.1538461538461538,0.5161290322580645,0.7777777777777778,0.1757322175732217,0.1341463414634146,,,,,29.65,19.1,54.75,91.95,19.4,37.3,8724.0,0.0,15.4,1.2,47.2,89.8,5.6
37,Ladakh,2022,87.8,0.3,4.7,0.6,343.0,88.3,0.3,4.8,72.7,0.0,0.0,324.0,350.0,0.9257142857142856,10530.0,4099.0,2.57,1.4,,5.0,1.5,0.2,0.5,0.5555555555555556,0.2084367245657568,0.064516129032258,,,,,29.65,19.1,54.75,91.95,19.4,37.3,8724.0,0.0,15.4,1.2,47.2,89.8,5.6
38,The Dadra And Nagar Haveli And Daman And Diu,2018,86.4317858735,5.6761605948,3.0,1.0,952.0,85.4317858735,6.3068451054,3.3693154895,97.3693154895,1.8920535316,0.0,665.0,1309.0,0.5080213903743316,13135.0,1718.0,7.55401,,,,,,,,,,Union Territories,,,,39.3,38.55,65.9,95.55,52.9,38.55,13964.7076144477,0.0,3.9971518215,1.8835089963,37.8486854024,36.6333905326,63.3666094674
38,The Dadra And Nagar Haveli And Daman And Diu,2019,92.0,2.5,2.5,0.3,984.0,91.0,2.8,2.8,97.0,1.3,1.3,839.0,1475.0,0.5688135593220339,15410.0,2017.0,7.9,,,,,0.0869565217391304,0.25,,0.0329670329670329,0.1818181818181818,Union Territories,,,,39.3,38.55,65.9,95.55,52.9,38.55,13964.7076144477,0.0,3.9971518215,1.8835089963,37.8486854024,36.6333905326,63.3666094674
38,The Dadra And Nagar Haveli And Daman And Diu,2020,93.0,0.7,2.3,0.3,735.0,93.0,0.8,2.4,95.0,0.0,1.4,593.0,1600.0,0.370625,11635.0,1447.0,8.0,,0.0,,,0.0,0.0,0.5,0.0,0.0,,,,,39.3,38.55,65.9,95.55,52.9,38.55,13964.7076144477,0.0,3.9971518215,1.8835089963,37.8486854024,36.6333905326,63.3666094674
38,The Dadra And Nagar Haveli And Daman And Diu,2021,92.5,0.3,4.1,0.3,730.0,92.1,0.3,4.3,98.0,0.0,2.0,964.0,1020.0,0.9450980392156862,15868.0,1915.0,8.0,,,5.0,12.5,0.0,0.0,,0.0,0.0,,,,,39.3,38.55,65.9,95.55,52.9,38.55,13964.7076144477,0.0,3.9971518215,1.8835089963,37.8486854024,36.6333905326,63.3666094674
38,The Dadra And Nagar Haveli And Daman And Diu,2022,94.3,0.1,2.6,0.2,895.0,93.9,0.1,2.8,98.6,0.0,0.0,1248.0,1100.0,1.1345454545454543,25140.0,2945.0,8.54,3.0,,5.0,7.5,0.0,0.0,,0.0231213872832369,0.0,,,,,39.3,38.55,65.9,95.55,52.9,38.55,13964.7076144477,0.0,3.9971518215,1.8835089963,37.8486854024,36.6333905326,63.3666094674
