Country,StateName,StateCode,Year,I1278_3_sum,I1278_3_avg,I1278_4_sum,I1278_4_avg,I1278_5_sum,I1278_5_avg,I1278_6_sum,I1278_6_avg,I1278_7_sum,I1278_7_avg,I1278_8_sum,I1278_8_avg,I1278_9_sum,I1278_9_avg,I1278_10_sum,I1278_10_avg,I1278_11_sum,I1278_11_avg,I1278_12_sum,I1278_12_avg,I1278_13_sum,I1278_13_avg,I1278_14_sum,I1278_14_avg,I1278_15_sum,I1278_15_avg,I1278_16_sum,I1278_16_avg,I1278_17_sum,I1278_17_avg,I1278_18_sum,I1278_18_avg
India,Jammu And Kashmir,1,"Calendar Year (Jan - Dec), 2018",11629.928365983,11629.928365983,3956.5231488983,3956.5231488983,9559.2338032592,9559.2338032592,271.9192670936,271.9192670936,236.7067001319,236.7067001319,73.3595145037,73.3595145037,43.0375818422,43.0375818422,1445.6714991525,1445.6714991525,67.0,67.0,82.0,82.0,2.0,2.0,2.0,2.0,1.0,1.0,0.0,0.0,12.0,12.0,5883.4330631949,5883.4330631949
India,Jammu And Kashmir,1,"Calendar Year (Jan - Dec), 2019",11345.0,11345.0,3892.0,3892.0,9666.0,9666.0,295.0,295.0,164.0,164.0,52.0,52.0,77.0,77.0,1091.0,1091.0,69.0,69.0,85.0,85.0,2.6,2.6,1.4,1.4,0.5,0.5,0.7,0.7,9.6,9.6,5624.0,5624.0
India,Jammu And Kashmir,1,"Calendar Year (Jan - Dec), 2020",8800.0,8800.0,3172.0,3172.0,7290.0,7290.0,309.0,309.0,120.0,120.0,49.0,49.0,73.0,73.0,503.0,503.0,74.0,74.0,83.0,83.0,3.5,3.5,1.4,1.4,0.6,0.6,0.8,0.8,5.7,5.7,4291.0,4291.0
India,Jammu And Kashmir,1,"Calendar Year (Jan - Dec), 2021",10909.0,10909.0,3995.0,3995.0,9393.0,9393.0,417.0,417.0,177.0,177.0,71.0,71.0,91.0,91.0,103.0,103.0,36.6,36.6,86.1,86.1,3.8,3.8,1.6,1.6,0.7,0.7,0.8,0.8,0.9,0.9,,
India,Jammu And Kashmir,1,"Calendar Year (Jan - Dec), 2022",11802.0,11802.0,4629.0,4629.0,10204.0,10204.0,435.0,435.0,144.0,144.0,38.0,38.0,75.0,75.0,37.0,37.0,39.2,39.2,86.5,86.5,3.7,3.7,1.2,1.2,0.3,0.3,0.6,0.6,0.3,0.3,,
India,Himachal Pradesh,2,"Calendar Year (Jan - Dec), 2018",16595.0,16595.0,6680.0,6680.0,14716.0,14716.0,661.0,661.0,264.0,264.0,71.0,71.0,124.0,124.0,759.0,759.0,67.0,67.0,89.0,89.0,4.0,4.0,2.0,2.0,0.0,0.0,1.0,1.0,5.0,5.0,9997.0,9997.0
India,Himachal Pradesh,2,"Calendar Year (Jan - Dec), 2019",17368.0,17368.0,7492.0,7492.0,15565.0,15565.0,837.0,837.0,257.0,257.0,57.0,57.0,203.0,203.0,449.0,449.0,67.0,67.0,90.0,90.0,4.8,4.8,1.5,1.5,0.3,0.3,1.2,1.2,2.6,2.6,11183.0,11183.0
India,Himachal Pradesh,2,"Calendar Year (Jan - Dec), 2020",13299.0,13299.0,5704.0,5704.0,11643.0,11643.0,723.0,723.0,144.0,144.0,48.0,48.0,244.0,244.0,161.0,161.0,65.0,65.0,88.0,88.0,5.4,5.4,1.1,1.1,0.4,0.4,1.8,1.8,1.2,1.2,8715.0,8715.0
India,Himachal Pradesh,2,"Calendar Year (Jan - Dec), 2021",14532.0,14532.0,6142.0,6142.0,12731.0,12731.0,891.0,891.0,150.0,150.0,68.0,68.0,242.0,242.0,27.0,27.0,42.3,42.3,87.6,87.6,6.1,6.1,1.0,1.0,0.5,0.5,1.7,1.7,0.2,0.2,,
India,Himachal Pradesh,2,"Calendar Year (Jan - Dec), 2022",16168.0,16168.0,6837.0,6837.0,14018.0,14018.0,923.0,923.0,242.0,242.0,52.0,52.0,288.0,288.0,31.0,31.0,42.3,42.3,86.7,86.7,5.7,5.7,1.5,1.5,0.3,0.3,1.8,1.8,0.2,0.2,,
India,Punjab,3,"Calendar Year (Jan - Dec), 2018",52217.0,52217.0,16652.0,16652.0,43507.0,43507.0,2355.0,2355.0,2140.0,2140.0,288.0,288.0,291.0,291.0,3636.0,3636.0,65.0,65.0,83.0,83.0,5.0,5.0,4.0,4.0,1.0,1.0,1.0,1.0,7.0,7.0,25797.0,25797.0
India,Punjab,3,"Calendar Year (Jan - Dec), 2019",58178.0,58178.0,17099.0,17099.0,46931.0,46931.0,2824.0,2824.0,1602.0,1602.0,285.0,285.0,478.0,478.0,6058.0,6058.0,56.0,56.0,81.0,81.0,4.9,4.9,2.8,2.8,0.5,0.5,0.8,0.8,10.4,10.4,30789.0,30789.0
India,Punjab,3,"Calendar Year (Jan - Dec), 2020",46491.0,46491.0,13694.0,13694.0,37006.0,37006.0,2667.0,2667.0,1172.0,1172.0,204.0,204.0,494.0,494.0,2374.0,2374.0,53.0,53.0,80.0,80.0,5.7,5.7,2.5,2.5,0.4,0.4,1.1,1.1,5.1,5.1,25932.0,25932.0
India,Punjab,3,"Calendar Year (Jan - Dec), 2021",52253.0,52253.0,14207.0,14207.0,44092.0,44092.0,2619.0,2619.0,1319.0,1319.0,332.0,332.0,471.0,471.0,387.0,387.0,27.2,27.2,84.4,84.4,5.0,5.0,2.5,2.5,0.6,0.6,0.9,0.9,0.7,0.7,,
India,Punjab,3,"Calendar Year (Jan - Dec), 2022",57373.0,57373.0,16767.0,16767.0,48131.0,48131.0,2648.0,2648.0,1433.0,1433.0,248.0,248.0,359.0,359.0,469.0,469.0,29.2,29.2,83.9,83.9,4.6,4.6,2.5,2.5,0.4,0.4,0.6,0.6,0.8,0.8,,
India,Chandigarh,4,"Calendar Year (Jan - Dec), 2018",3222.0,3222.0,975.0,975.0,2828.0,2828.0,94.0,94.0,96.0,96.0,19.0,19.0,24.0,24.0,161.0,161.0,66.0,66.0,88.0,88.0,3.0,3.0,3.0,3.0,1.0,1.0,1.0,1.0,5.0,5.0,1481.0,1481.0
India,Chandigarh,4,"Calendar Year (Jan - Dec), 2019",3454.0,3454.0,1117.0,1117.0,2850.0,2850.0,114.0,114.0,142.0,142.0,24.0,24.0,36.0,36.0,288.0,288.0,66.0,66.0,83.0,83.0,3.3,3.3,4.1,4.1,0.7,0.7,1.0,1.0,8.3,8.3,1690.0,1690.0
India,Chandigarh,4,"Calendar Year (Jan - Dec), 2020",2829.0,2829.0,950.0,950.0,2278.0,2278.0,129.0,129.0,104.0,104.0,14.0,14.0,53.0,53.0,64.0,64.0,69.0,69.0,81.0,81.0,4.6,4.6,3.7,3.7,0.5,0.5,1.9,1.9,2.3,2.3,1380.0,1380.0
India,Chandigarh,4,"Calendar Year (Jan - Dec), 2021",3145.0,3145.0,1070.0,1070.0,2646.0,2646.0,117.0,117.0,97.0,97.0,31.0,31.0,68.0,68.0,22.0,22.0,34.0,34.0,84.1,84.1,3.7,3.7,3.1,3.1,1.0,1.0,2.2,2.2,0.7,0.7,,
India,Chandigarh,4,"Calendar Year (Jan - Dec), 2022",3687.0,3687.0,1282.0,1282.0,3067.0,3067.0,149.0,149.0,111.0,111.0,29.0,29.0,65.0,65.0,18.0,18.0,34.8,34.8,83.2,83.2,4.0,4.0,3.0,3.0,0.8,0.8,1.8,1.8,0.5,0.5,,
India,Uttarakhand,5,"Calendar Year (Jan - Dec), 2018",20561.0,20561.0,6031.0,6031.0,17526.0,17526.0,690.0,690.0,921.0,921.0,116.0,116.0,205.0,205.0,1103.0,1103.0,66.0,66.0,85.0,85.0,3.0,3.0,4.0,4.0,1.0,1.0,1.0,1.0,5.0,5.0,9106.0,9106.0
India,Uttarakhand,5,"Calendar Year (Jan - Dec), 2019",24504.0,24504.0,6024.0,6024.0,20510.0,20510.0,894.0,894.0,925.0,925.0,124.0,124.0,363.0,363.0,1688.0,1688.0,56.0,56.0,84.0,84.0,3.6,3.6,3.8,3.8,0.5,0.5,1.5,1.5,6.9,6.9,10720.0,10720.0
India,Uttarakhand,5,"Calendar Year (Jan - Dec), 2020",19681.0,19681.0,4267.0,4267.0,16412.0,16412.0,743.0,743.0,614.0,614.0,104.0,104.0,350.0,350.0,595.0,595.0,52.0,52.0,83.0,83.0,3.8,3.8,3.1,3.1,0.5,0.5,1.8,1.8,3.0,3.0,8142.0,8142.0
India,Uttarakhand,5,"Calendar Year (Jan - Dec), 2021",23231.0,23231.0,5841.0,5841.0,20149.0,20149.0,863.0,863.0,566.0,566.0,168.0,168.0,291.0,291.0,121.0,121.0,25.1,25.1,86.7,86.7,3.7,3.7,2.4,2.4,0.7,0.7,1.3,1.3,0.5,0.5,,
India,Uttarakhand,5,"Calendar Year (Jan - Dec), 2022",26875.0,26875.0,8227.0,8227.0,23515.0,23515.0,926.0,926.0,617.0,617.0,186.0,186.0,298.0,298.0,57.0,57.0,30.6,30.6,87.5,87.5,3.4,3.4,2.3,2.3,0.7,0.7,1.1,1.1,0.2,0.2,,
India,Haryana,6,"Calendar Year (Jan - Dec), 2018",61983.0,61983.0,23569.0,23569.0,51081.0,51081.0,2284.0,2284.0,2602.0,2602.0,614.0,614.0,392.0,392.0,5010.0,5010.0,71.0,71.0,82.0,82.0,4.0,4.0,4.0,4.0,1.0,1.0,1.0,1.0,8.0,8.0,33329.0,33329.0
India,Haryana,6,"Calendar Year (Jan - Dec), 2019",72370.0,72370.0,24466.0,24466.0,56861.0,56861.0,2809.0,2809.0,3000.0,3000.0,533.0,533.0,424.0,424.0,8743.0,8743.0,62.0,62.0,79.0,79.0,3.9,3.9,4.1,4.1,0.7,0.7,0.6,0.6,12.1,12.1,39556.0,39556.0
India,Haryana,6,"Calendar Year (Jan - Dec), 2020",63036.0,63036.0,19119.0,19119.0,49505.0,49505.0,2638.0,2638.0,2005.0,2005.0,395.0,395.0,575.0,575.0,2720.0,2720.0,55.0,55.0,79.0,79.0,4.2,4.2,3.2,3.2,0.6,0.6,0.9,0.9,4.3,4.3,34466.0,34466.0
India,Haryana,6,"Calendar Year (Jan - Dec), 2021",69595.0,69595.0,22713.0,22713.0,58097.0,58097.0,3065.0,3065.0,1452.0,1452.0,402.0,402.0,709.0,709.0,1389.0,1389.0,32.6,32.6,83.5,83.5,4.4,4.4,2.1,2.1,0.6,0.6,1.0,1.0,2.0,2.0,,
India,Haryana,6,"Calendar Year (Jan - Dec), 2022",76051.0,76051.0,28025.0,28025.0,65898.0,65898.0,2980.0,2980.0,1172.0,1172.0,463.0,463.0,781.0,781.0,293.0,293.0,36.9,36.9,86.6,86.6,3.9,3.9,1.5,1.5,0.6,0.6,1.0,1.0,0.4,0.4,,
India,Delhi,7,"Calendar Year (Jan - Dec), 2018",71928.0,71928.0,15767.0,15767.0,51563.0,51563.0,1367.0,1367.0,3353.0,3353.0,499.0,499.0,814.0,814.0,14332.0,14332.0,54.0,54.0,72.0,72.0,2.0,2.0,5.0,5.0,1.0,1.0,1.0,1.0,20.0,20.0,29158.0,29158.0
India,Delhi,7,"Calendar Year (Jan - Dec), 2019",93819.0,93819.0,16375.0,16375.0,66366.0,66366.0,2111.0,2111.0,4330.0,4330.0,492.0,492.0,1499.0,1499.0,19021.0,19021.0,40.0,40.0,71.0,71.0,2.3,2.3,4.6,4.6,0.5,0.5,1.6,1.6,20.3,20.3,41337.0,41337.0
India,Delhi,7,"Calendar Year (Jan - Dec), 2020",73390.0,73390.0,13261.0,13261.0,52893.0,52893.0,2008.0,2008.0,3448.0,3448.0,388.0,388.0,1645.0,1645.0,1862.0,1862.0,38.0,38.0,72.0,72.0,2.7,2.7,4.7,4.7,0.5,0.5,2.2,2.2,2.5,2.5,34843.0,34843.0
India,Delhi,7,"Calendar Year (Jan - Dec), 2021",82277.0,82277.0,16107.0,16107.0,60991.0,60991.0,2297.0,2297.0,4308.0,4308.0,551.0,551.0,1608.0,1608.0,1242.0,1242.0,19.6,19.6,74.1,74.1,2.8,2.8,5.2,5.2,0.7,0.7,2.0,2.0,1.5,1.5,,
India,Delhi,7,"Calendar Year (Jan - Dec), 2022",85017.0,85017.0,18549.0,18549.0,64548.0,64548.0,1944.0,1944.0,3985.0,3985.0,552.0,552.0,2037.0,2037.0,720.0,720.0,21.8,21.8,75.9,75.9,2.3,2.3,4.7,4.7,0.6,0.6,2.4,2.4,0.8,0.8,,
India,Rajasthan,8,"Calendar Year (Jan - Dec), 2018",152547.0,152547.0,45801.0,45801.0,117287.0,117287.0,4178.0,4178.0,6220.0,6220.0,938.0,938.0,588.0,588.0,23336.0,23336.0,62.0,62.0,77.0,77.0,3.0,3.0,4.0,4.0,1.0,1.0,0.0,0.0,15.0,15.0,73737.0,73737.0
India,Rajasthan,8,"Calendar Year (Jan - Dec), 2019",169311.0,169311.0,47932.0,47932.0,136017.0,136017.0,4767.0,4767.0,6836.0,6836.0,1020.0,1020.0,1179.0,1179.0,19492.0,19492.0,58.0,58.0,80.0,80.0,2.8,2.8,4.0,4.0,0.6,0.6,0.7,0.7,11.5,11.5,82679.0,82679.0
India,Rajasthan,8,"Calendar Year (Jan - Dec), 2020",133460.0,133460.0,37501.0,37501.0,109972.0,109972.0,4616.0,4616.0,5375.0,5375.0,756.0,756.0,1539.0,1539.0,2348.0,2348.0,61.0,61.0,82.0,82.0,3.5,3.5,4.0,4.0,0.6,0.6,1.2,1.2,1.8,1.8,61688.0,61688.0
India,Rajasthan,8,"Calendar Year (Jan - Dec), 2021",147937.0,147937.0,38339.0,38339.0,126018.0,126018.0,4852.0,4852.0,5070.0,5070.0,798.0,798.0,1646.0,1646.0,1514.0,1514.0,25.9,25.9,85.2,85.2,3.3,3.3,3.4,3.4,0.5,0.5,1.1,1.1,1.0,1.0,,
India,Rajasthan,8,"Calendar Year (Jan - Dec), 2022",166554.0,166554.0,48268.0,48268.0,147786.0,147786.0,4571.0,4571.0,3932.0,3932.0,953.0,953.0,1455.0,1455.0,345.0,345.0,29.0,29.0,88.7,88.7,2.7,2.7,2.4,2.4,0.6,0.6,0.9,0.9,0.2,0.2,,
India,Uttar Pradesh,9,"Calendar Year (Jan - Dec), 2018",406312.0,406312.0,115935.0,115935.0,320703.0,320703.0,13424.0,13424.0,21025.0,21025.0,2779.0,2779.0,2820.0,2820.0,45561.0,45561.0,62.0,62.0,79.0,79.0,3.0,3.0,5.0,5.0,1.0,1.0,1.0,1.0,11.0,11.0,185658.0,185658.0
India,Uttar Pradesh,9,"Calendar Year (Jan - Dec), 2019",486310.0,486310.0,113119.0,113119.0,401680.0,401680.0,18409.0,18409.0,21627.0,21627.0,3287.0,3287.0,5427.0,5427.0,35880.0,35880.0,56.0,56.0,83.0,83.0,3.8,3.8,4.4,4.4,0.7,0.7,1.1,1.1,7.4,7.4,201311.0,201311.0
India,Uttar Pradesh,9,"Calendar Year (Jan - Dec), 2020",363664.0,363664.0,75880.0,75880.0,303785.0,303785.0,14913.0,14913.0,11880.0,11880.0,2049.0,2049.0,4967.0,4967.0,4223.0,4223.0,58.0,58.0,84.0,84.0,4.1,4.1,3.3,3.3,0.6,0.6,1.4,1.4,1.2,1.2,131799.0,131799.0
India,Uttar Pradesh,9,"Calendar Year (Jan - Dec), 2021",453494.0,453494.0,104439.0,104439.0,391143.0,391143.0,16500.0,16500.0,11327.0,11327.0,2274.0,2274.0,6017.0,6017.0,2707.0,2707.0,23.0,23.0,86.3,86.3,3.6,3.6,2.5,2.5,0.5,0.5,1.3,1.3,0.6,0.6,,
India,Uttar Pradesh,9,"Calendar Year (Jan - Dec), 2022",523101.0,523101.0,127299.0,127299.0,468159.0,468159.0,15178.0,15178.0,7247.0,7247.0,2239.0,2239.0,6221.0,6221.0,1470.0,1470.0,24.3,24.3,89.5,89.5,2.9,2.9,1.4,1.4,0.4,0.4,1.2,1.2,0.3,0.3,,
India,Bihar,10,"Calendar Year (Jan - Dec), 2018",106189.0,106189.0,27131.0,27131.0,78116.0,78116.0,2577.0,2577.0,5022.0,5022.0,577.0,577.0,553.0,553.0,19344.0,19344.0,63.0,63.0,74.0,74.0,2.0,2.0,5.0,5.0,1.0,1.0,1.0,1.0,18.0,18.0,43139.0,43139.0
India,Bihar,10,"Calendar Year (Jan - Dec), 2019",123027.0,123027.0,29189.0,29189.0,93872.0,93872.0,2975.0,2975.0,4134.0,4134.0,624.0,624.0,805.0,805.0,20617.0,20617.0,56.0,56.0,76.0,76.0,2.4,2.4,3.4,3.4,0.5,0.5,0.7,0.7,16.8,16.8,52187.0,52187.0
India,Bihar,10,"Calendar Year (Jan - Dec), 2020",99731.0,99731.0,14429.0,14429.0,77503.0,77503.0,3341.0,3341.0,3751.0,3751.0,516.0,516.0,1068.0,1068.0,6743.0,6743.0,41.0,41.0,78.0,78.0,3.4,3.4,3.8,3.8,0.5,0.5,1.1,1.1,6.8,6.8,34789.0,34789.0
India,Bihar,10,"Calendar Year (Jan - Dec), 2021",133418.0,133418.0,16221.0,16221.0,109250.0,109250.0,4881.0,4881.0,5156.0,5156.0,610.0,610.0,1271.0,1271.0,3810.0,3810.0,12.2,12.2,81.9,81.9,3.7,3.7,3.9,3.9,0.5,0.5,1.0,1.0,2.9,2.9,,
India,Bihar,10,"Calendar Year (Jan - Dec), 2022",163263.0,163263.0,20531.0,20531.0,136979.0,136979.0,5158.0,5158.0,7389.0,7389.0,783.0,783.0,1714.0,1714.0,1386.0,1386.0,12.6,12.6,83.9,83.9,3.2,3.2,4.5,4.5,0.5,0.5,1.0,1.0,0.8,0.8,,
India,Sikkim,11,"Calendar Year (Jan - Dec), 2018",1340.0,1340.0,419.0,419.0,1133.0,1133.0,32.0,32.0,6.0,6.0,6.0,6.0,13.0,13.0,150.0,150.0,58.0,58.0,85.0,85.0,2.0,2.0,0.0,0.0,0.0,0.0,1.0,1.0,11.0,11.0,722.0,722.0
India,Sikkim,11,"Calendar Year (Jan - Dec), 2019",1229.0,1229.0,461.0,461.0,1089.0,1089.0,45.0,45.0,10.0,10.0,8.0,8.0,11.0,11.0,66.0,66.0,72.0,72.0,89.0,89.0,3.7,3.7,0.8,0.8,0.7,0.7,0.9,0.9,5.4,5.4,636.0,636.0
India,Sikkim,11,"Calendar Year (Jan - Dec), 2020",1139.0,1139.0,449.0,449.0,1022.0,1022.0,45.0,45.0,9.0,9.0,1.0,1.0,19.0,19.0,15.0,15.0,67.0,67.0,90.0,90.0,4.0,4.0,0.8,0.8,0.1,0.1,1.7,1.7,1.3,1.3,670.0,670.0
India,Sikkim,11,"Calendar Year (Jan - Dec), 2021",1187.0,1187.0,519.0,519.0,1046.0,1046.0,47.0,47.0,18.0,18.0,2.0,2.0,22.0,22.0,7.0,7.0,43.7,43.7,88.1,88.1,4.0,4.0,1.5,1.5,0.2,0.2,1.9,1.9,0.6,0.6,,
India,Sikkim,11,"Calendar Year (Jan - Dec), 2022",1232.0,1232.0,617.0,617.0,1120.0,1120.0,43.0,43.0,6.0,6.0,4.0,4.0,17.0,17.0,2.0,2.0,50.1,50.1,90.9,90.9,3.5,3.5,0.5,0.5,0.3,0.3,1.4,1.4,0.2,0.2,,
India,Arunachal Pradesh,12,"Calendar Year (Jan - Dec), 2018",2900.0,2900.0,896.0,896.0,2364.0,2364.0,59.0,59.0,167.0,167.0,44.0,44.0,72.0,72.0,194.0,194.0,78.0,78.0,82.0,82.0,2.0,2.0,6.0,6.0,2.0,2.0,2.0,2.0,7.0,7.0,1146.0,1146.0
India,Arunachal Pradesh,12,"Calendar Year (Jan - Dec), 2019",2864.0,2864.0,1045.0,1045.0,2362.0,2362.0,64.0,64.0,204.0,204.0,35.0,35.0,79.0,79.0,120.0,120.0,76.0,76.0,82.0,82.0,2.2,2.2,7.1,7.1,1.2,1.2,2.8,2.8,4.2,4.2,1371.0,1371.0
India,Arunachal Pradesh,12,"Calendar Year (Jan - Dec), 2020",2424.0,2424.0,816.0,816.0,2014.0,2014.0,78.0,78.0,123.0,123.0,23.0,23.0,76.0,76.0,24.0,24.0,65.0,65.0,83.0,83.0,3.2,3.2,5.1,5.1,0.9,0.9,3.1,3.1,1.0,1.0,1247.0,1247.0
India,Arunachal Pradesh,12,"Calendar Year (Jan - Dec), 2021",2726.0,2726.0,884.0,884.0,2163.0,2163.0,73.0,73.0,180.0,180.0,18.0,18.0,61.0,61.0,34.0,34.0,32.4,32.4,79.3,79.3,2.7,2.7,6.6,6.6,0.7,0.7,2.2,2.2,1.2,1.2,,
India,Arunachal Pradesh,12,"Calendar Year (Jan - Dec), 2022",2859.0,2859.0,993.0,993.0,2355.0,2355.0,64.0,64.0,214.0,214.0,22.0,22.0,63.0,63.0,4.0,4.0,34.7,34.7,82.4,82.4,2.2,2.2,7.5,7.5,0.8,0.8,2.2,2.2,0.1,0.1,,
India,Nagaland,13,"Calendar Year (Jan - Dec), 2018",4322.0,4322.0,1416.0,1416.0,3395.0,3395.0,95.0,95.0,158.0,158.0,20.0,20.0,22.0,22.0,632.0,632.0,87.0,87.0,79.0,79.0,2.0,2.0,4.0,4.0,0.0,0.0,1.0,1.0,15.0,15.0,1636.0,1636.0
India,Nagaland,13,"Calendar Year (Jan - Dec), 2019",4693.0,4693.0,1594.0,1594.0,3886.0,3886.0,108.0,108.0,165.0,165.0,29.0,29.0,29.0,29.0,476.0,476.0,72.0,72.0,83.0,83.0,2.3,2.3,3.5,3.5,0.6,0.6,0.6,0.6,10.1,10.1,2216.0,2216.0
India,Nagaland,13,"Calendar Year (Jan - Dec), 2020",3518.0,3518.0,1232.0,1232.0,2841.0,2841.0,97.0,97.0,90.0,90.0,26.0,26.0,24.0,24.0,368.0,368.0,74.0,74.0,81.0,81.0,2.8,2.8,2.6,2.6,0.7,0.7,0.7,0.7,10.5,10.5,1658.0,1658.0
India,Nagaland,13,"Calendar Year (Jan - Dec), 2021",3636.0,3636.0,1443.0,1443.0,3122.0,3122.0,113.0,113.0,106.0,106.0,39.0,39.0,17.0,17.0,151.0,151.0,39.7,39.7,85.9,85.9,3.1,3.1,2.9,2.9,1.1,1.1,0.5,0.5,4.2,4.2,,
India,Nagaland,13,"Calendar Year (Jan - Dec), 2022",4142.0,4142.0,1575.0,1575.0,3641.0,3641.0,96.0,96.0,196.0,196.0,28.0,28.0,35.0,35.0,64.0,64.0,38.0,38.0,87.9,87.9,2.3,2.3,4.7,4.7,0.7,0.7,0.8,0.8,1.5,1.5,,
India,Manipur,14,"Calendar Year (Jan - Dec), 2018",2862.0,2862.0,726.0,726.0,2281.0,2281.0,72.0,72.0,87.0,87.0,11.0,11.0,18.0,18.0,393.0,393.0,55.0,55.0,80.0,80.0,3.0,3.0,3.0,3.0,0.0,0.0,1.0,1.0,14.0,14.0,1325.0,1325.0
India,Manipur,14,"Calendar Year (Jan - Dec), 2019",2623.0,2623.0,733.0,733.0,1801.0,1801.0,74.0,74.0,75.0,75.0,6.0,6.0,41.0,41.0,626.0,626.0,51.0,51.0,69.0,69.0,2.8,2.8,2.9,2.9,0.2,0.2,1.6,1.6,23.9,23.9,1429.0,1429.0
India,Manipur,14,"Calendar Year (Jan - Dec), 2020",1564.0,1564.0,533.0,533.0,1245.0,1245.0,55.0,55.0,43.0,43.0,6.0,6.0,17.0,17.0,89.0,89.0,63.0,63.0,80.0,80.0,3.5,3.5,2.7,2.7,0.4,0.4,1.1,1.1,5.7,5.7,851.0,851.0
India,Manipur,14,"Calendar Year (Jan - Dec), 2021",1815.0,1815.0,782.0,782.0,1442.0,1442.0,73.0,73.0,61.0,61.0,9.0,9.0,47.0,47.0,53.0,53.0,43.1,43.1,79.4,79.4,4.0,4.0,3.4,3.4,0.5,0.5,2.6,2.6,2.9,2.9,,
India,Manipur,14,"Calendar Year (Jan - Dec), 2022",2584.0,2584.0,984.0,984.0,1849.0,1849.0,85.0,85.0,108.0,108.0,9.0,9.0,24.0,24.0,30.0,30.0,38.1,38.1,71.6,71.6,3.3,3.3,4.2,4.2,0.3,0.3,0.9,0.9,1.2,1.2,,
India,Mizoram,15,"Calendar Year (Jan - Dec), 2018",2576.0,2576.0,619.0,619.0,2256.0,2256.0,53.0,53.0,45.0,45.0,15.0,15.0,13.0,13.0,194.0,194.0,60.0,60.0,88.0,88.0,2.0,2.0,2.0,2.0,1.0,1.0,1.0,1.0,8.0,8.0,1035.0,1035.0
India,Mizoram,15,"Calendar Year (Jan - Dec), 2019",2930.0,2930.0,732.0,732.0,1971.0,1971.0,48.0,48.0,42.0,42.0,8.0,8.0,16.0,16.0,845.0,845.0,49.0,49.0,67.0,67.0,1.6,1.6,1.4,1.4,0.3,0.3,0.5,0.5,28.8,28.8,1502.0,1502.0
India,Mizoram,15,"Calendar Year (Jan - Dec), 2020",1988.0,1988.0,676.0,676.0,1773.0,1773.0,50.0,50.0,31.0,31.0,5.0,5.0,27.0,27.0,52.0,52.0,69.0,69.0,89.0,89.0,2.5,2.5,1.6,1.6,0.3,0.3,1.4,1.4,2.6,2.6,981.0,981.0
India,Mizoram,15,"Calendar Year (Jan - Dec), 2021",1670.0,1670.0,584.0,584.0,1477.0,1477.0,72.0,72.0,33.0,33.0,16.0,16.0,7.0,7.0,9.0,9.0,35.0,35.0,88.4,88.4,4.3,4.3,2.0,2.0,1.0,1.0,0.4,0.4,0.5,0.5,,
India,Mizoram,15,"Calendar Year (Jan - Dec), 2022",1993.0,1993.0,721.0,721.0,1744.0,1744.0,85.0,85.0,38.0,38.0,9.0,9.0,21.0,21.0,12.0,12.0,36.2,36.2,87.5,87.5,4.3,4.3,1.9,1.9,0.5,0.5,1.1,1.1,0.6,0.6,,
India,Tripura,16,"Calendar Year (Jan - Dec), 2018",2702.0,2702.0,1435.0,1435.0,2359.0,2359.0,127.0,127.0,63.0,63.0,17.0,17.0,15.0,15.0,121.0,121.0,79.0,79.0,87.0,87.0,5.0,5.0,2.0,2.0,1.0,1.0,1.0,1.0,4.0,4.0,1814.0,1814.0
India,Tripura,16,"Calendar Year (Jan - Dec), 2019",2936.0,2936.0,1402.0,1402.0,2423.0,2423.0,173.0,173.0,85.0,85.0,18.0,18.0,62.0,62.0,175.0,175.0,71.0,71.0,83.0,83.0,5.9,5.9,2.9,2.9,0.6,0.6,2.1,2.1,6.0,6.0,1976.0,1976.0
India,Tripura,16,"Calendar Year (Jan - Dec), 2020",2137.0,2137.0,1043.0,1043.0,1739.0,1739.0,159.0,159.0,50.0,50.0,9.0,9.0,60.0,60.0,42.0,42.0,74.0,74.0,81.0,81.0,7.4,7.4,2.3,2.3,0.4,0.4,2.8,2.8,2.0,2.0,1412.0,1412.0
India,Tripura,16,"Calendar Year (Jan - Dec), 2021",2729.0,2729.0,1156.0,1156.0,2328.0,2328.0,167.0,167.0,58.0,58.0,11.0,11.0,52.0,52.0,23.0,23.0,42.4,42.4,85.3,85.3,6.1,6.1,2.1,2.1,0.4,0.4,1.9,1.9,0.8,0.8,,
India,Tripura,16,"Calendar Year (Jan - Dec), 2022",3266.0,3266.0,1332.0,1332.0,2836.0,2836.0,182.0,182.0,79.0,79.0,13.0,13.0,35.0,35.0,2.0,2.0,40.8,40.8,86.8,86.8,5.6,5.6,2.4,2.4,0.4,0.4,1.1,1.1,0.1,0.1,,
India,Meghalaya,17,"Calendar Year (Jan - Dec), 2018",4459.0,4459.0,1329.0,1329.0,3379.0,3379.0,145.0,145.0,120.0,120.0,37.0,37.0,56.0,56.0,722.0,722.0,61.0,61.0,76.0,76.0,3.0,3.0,3.0,3.0,1.0,1.0,1.0,1.0,16.0,16.0,2193.0,2193.0
India,Meghalaya,17,"Calendar Year (Jan - Dec), 2019",4963.0,4963.0,1508.0,1508.0,3955.0,3955.0,186.0,186.0,156.0,156.0,33.0,33.0,75.0,75.0,558.0,558.0,58.0,58.0,80.0,80.0,3.7,3.7,3.1,3.1,0.7,0.7,1.5,1.5,11.2,11.2,2587.0,2587.0
India,Meghalaya,17,"Calendar Year (Jan - Dec), 2020",3864.0,3864.0,1206.0,1206.0,3109.0,3109.0,185.0,185.0,148.0,148.0,27.0,27.0,89.0,89.0,83.0,83.0,58.0,58.0,80.0,80.0,4.8,4.8,3.8,3.8,0.7,0.7,2.3,2.3,2.1,2.1,2090.0,2090.0
India,Meghalaya,17,"Calendar Year (Jan - Dec), 2021",3916.0,3916.0,1314.0,1314.0,3322.0,3322.0,180.0,180.0,83.0,83.0,21.0,21.0,108.0,108.0,6.0,6.0,33.6,33.6,84.8,84.8,4.6,4.6,2.1,2.1,0.5,0.5,2.8,2.8,0.2,0.2,,
India,Meghalaya,17,"Calendar Year (Jan - Dec), 2022",4639.0,4639.0,1740.0,1740.0,3858.0,3858.0,197.0,197.0,139.0,139.0,22.0,22.0,84.0,84.0,63.0,63.0,37.5,37.5,83.2,83.2,4.2,4.2,3.0,3.0,0.5,0.5,1.8,1.8,1.4,1.4,,
India,Assam,18,"Calendar Year (Jan - Dec), 2018",41676.0,41676.0,12825.0,12825.0,34603.0,34603.0,1562.0,1562.0,1510.0,1510.0,227.0,227.0,191.0,191.0,3583.0,3583.0,68.0,68.0,83.0,83.0,4.0,4.0,4.0,4.0,1.0,1.0,0.0,0.0,9.0,9.0,18989.0,18989.0
India,Assam,18,"Calendar Year (Jan - Dec), 2019",47779.0,47779.0,14117.0,14117.0,39876.0,39876.0,1840.0,1840.0,1210.0,1210.0,191.0,191.0,448.0,448.0,4214.0,4214.0,64.0,64.0,83.0,83.0,3.9,3.9,2.5,2.5,0.4,0.4,0.9,0.9,8.8,8.8,22212.0,22212.0
India,Assam,18,"Calendar Year (Jan - Dec), 2020",34540.0,34540.0,9386.0,9386.0,28896.0,28896.0,1422.0,1422.0,634.0,634.0,125.0,125.0,450.0,450.0,1372.0,1372.0,58.0,58.0,84.0,84.0,4.1,4.1,1.8,1.8,0.4,0.4,1.3,1.3,4.0,4.0,16225.0,16225.0
India,Assam,18,"Calendar Year (Jan - Dec), 2021",37553.0,37553.0,9468.0,9468.0,33091.0,33091.0,1649.0,1649.0,732.0,732.0,202.0,202.0,322.0,322.0,105.0,105.0,25.2,25.2,88.1,88.1,4.4,4.4,1.9,1.9,0.5,0.5,0.9,0.9,0.3,0.3,,
India,Assam,18,"Calendar Year (Jan - Dec), 2022",47404.0,47404.0,12165.0,12165.0,42018.0,42018.0,1750.0,1750.0,681.0,681.0,213.0,213.0,463.0,463.0,212.0,212.0,25.7,25.7,88.6,88.6,3.7,3.7,1.4,1.4,0.4,0.4,1.0,1.0,0.4,0.4,,
India,West Bengal,19,"Calendar Year (Jan - Dec), 2018",101033.0,101033.0,45509.0,45509.0,84561.0,84561.0,4571.0,4571.0,3022.0,3022.0,737.0,737.0,1010.0,1010.0,7132.0,7132.0,72.0,72.0,84.0,84.0,5.0,5.0,3.0,3.0,1.0,1.0,1.0,1.0,7.0,7.0,63294.0,63294.0
India,West Bengal,19,"Calendar Year (Jan - Dec), 2019",108497.0,108497.0,46625.0,46625.0,88348.0,88348.0,5417.0,5417.0,2937.0,2937.0,632.0,632.0,1301.0,1301.0,9862.0,9862.0,67.0,67.0,81.0,81.0,5.0,5.0,2.7,2.7,0.6,0.6,1.2,1.2,9.1,9.1,69323.0,69323.0
India,West Bengal,19,"Calendar Year (Jan - Dec), 2020",77477.0,77477.0,35563.0,35563.0,65165.0,65165.0,4320.0,4320.0,1556.0,1556.0,467.0,467.0,1222.0,1222.0,1421.0,1421.0,71.0,71.0,84.0,84.0,5.6,5.6,2.0,2.0,0.6,0.6,1.6,1.6,1.8,1.8,49961.0,49961.0
India,West Bengal,19,"Calendar Year (Jan - Dec), 2021",89277.0,89277.0,42191.0,42191.0,74432.0,74432.0,4963.0,4963.0,1710.0,1710.0,644.0,644.0,1337.0,1337.0,1320.0,1320.0,47.3,47.3,83.4,83.4,5.6,5.6,1.9,1.9,0.7,0.7,1.5,1.5,1.5,1.5,,
India,West Bengal,19,"Calendar Year (Jan - Dec), 2022",92921.0,92921.0,44420.0,44420.0,79661.0,79661.0,4642.0,4642.0,1895.0,1895.0,579.0,579.0,1823.0,1823.0,391.0,391.0,47.8,47.8,85.7,85.7,5.0,5.0,2.0,2.0,0.6,0.6,2.0,2.0,0.4,0.4,,
India,Jharkhand,20,"Calendar Year (Jan - Dec), 2018",48669.0,48669.0,16076.0,16076.0,40573.0,40573.0,1163.0,1163.0,1262.0,1262.0,223.0,223.0,181.0,181.0,5267.0,5267.0,73.0,73.0,83.0,83.0,2.0,2.0,3.0,3.0,0.0,0.0,0.0,0.0,11.0,11.0,21938.0,21938.0
India,Jharkhand,20,"Calendar Year (Jan - Dec), 2019",56524.0,56524.0,15246.0,15246.0,43450.0,43450.0,1314.0,1314.0,1596.0,1596.0,281.0,281.0,270.0,270.0,9613.0,9613.0,58.0,58.0,77.0,77.0,2.3,2.3,2.8,2.8,0.5,0.5,0.5,0.5,17.0,17.0,26301.0,26301.0
India,Jharkhand,20,"Calendar Year (Jan - Dec), 2020",45660.0,45660.0,10097.0,10097.0,38041.0,38041.0,1568.0,1568.0,2378.0,2378.0,169.0,169.0,309.0,309.0,1405.0,1405.0,54.0,54.0,83.0,83.0,3.4,3.4,5.2,5.2,0.4,0.4,0.7,0.7,3.1,3.1,18601.0,18601.0
India,Jharkhand,20,"Calendar Year (Jan - Dec), 2021",52793.0,52793.0,13046.0,13046.0,45672.0,45672.0,1826.0,1826.0,2513.0,2513.0,235.0,235.0,320.0,320.0,684.0,684.0,24.7,24.7,86.5,86.5,3.5,3.5,4.8,4.8,0.4,0.4,0.6,0.6,1.3,1.3,,
India,Jharkhand,20,"Calendar Year (Jan - Dec), 2022",58996.0,58996.0,17833.0,17833.0,52627.0,52627.0,1560.0,1560.0,1281.0,1281.0,275.0,275.0,270.0,270.0,477.0,477.0,30.2,30.2,89.2,89.2,2.6,2.6,2.2,2.2,0.5,0.5,0.5,0.5,0.8,0.8,,
India,Odisha,21,"Calendar Year (Jan - Dec), 2018",48307.0,48307.0,21252.0,21252.0,42703.0,42703.0,2522.0,2522.0,1484.0,1484.0,184.0,184.0,251.0,251.0,1163.0,1163.0,78.0,78.0,88.0,88.0,5.0,5.0,3.0,3.0,0.0,0.0,1.0,1.0,2.0,2.0,27094.0,27094.0
India,Odisha,21,"Calendar Year (Jan - Dec), 2019",52279.0,52279.0,22586.0,22586.0,45619.0,45619.0,2738.0,2738.0,1144.0,1144.0,180.0,180.0,429.0,429.0,2169.0,2169.0,77.0,77.0,87.0,87.0,5.2,5.2,2.2,2.2,0.3,0.3,0.8,0.8,4.1,4.1,29219.0,29219.0
India,Odisha,21,"Calendar Year (Jan - Dec), 2020",44995.0,44995.0,20307.0,20307.0,39995.0,39995.0,2506.0,2506.0,584.0,584.0,107.0,107.0,248.0,248.0,526.0,526.0,81.0,81.0,89.0,89.0,5.6,5.6,1.3,1.3,0.2,0.2,0.6,0.6,1.2,1.2,24976.0,24976.0
India,Odisha,21,"Calendar Year (Jan - Dec), 2021",51788.0,51788.0,22319.0,22319.0,46473.0,46473.0,2973.0,2973.0,498.0,498.0,85.0,85.0,262.0,262.0,390.0,390.0,43.1,43.1,89.7,89.7,5.7,5.7,1.0,1.0,0.2,0.2,0.5,0.5,0.8,0.8,,
India,Odisha,21,"Calendar Year (Jan - Dec), 2022",59656.0,59656.0,25592.0,25592.0,54308.0,54308.0,2646.0,2646.0,490.0,490.0,107.0,107.0,262.0,262.0,411.0,411.0,42.9,42.9,91.0,91.0,4.4,4.4,0.8,0.8,0.2,0.2,0.4,0.4,0.7,0.7,,
India,Chhattisgarh,22,"Calendar Year (Jan - Dec), 2018",40527.0,40527.0,12250.0,12250.0,33878.0,33878.0,1403.0,1403.0,788.0,788.0,247.0,247.0,180.0,180.0,4031.0,4031.0,78.0,78.0,84.0,84.0,3.0,3.0,2.0,2.0,1.0,1.0,0.0,0.0,10.0,10.0,15790.0,15790.0
India,Chhattisgarh,22,"Calendar Year (Jan - Dec), 2019",42845.0,42845.0,12468.0,12468.0,36165.0,36165.0,1603.0,1603.0,821.0,821.0,207.0,207.0,353.0,353.0,3696.0,3696.0,73.0,73.0,84.0,84.0,3.7,3.7,1.9,1.9,0.5,0.5,0.8,0.8,8.6,8.6,17166.0,17166.0
India,Chhattisgarh,22,"Calendar Year (Jan - Dec), 2020",29104.0,29104.0,8434.0,8434.0,25080.0,25080.0,1380.0,1380.0,685.0,685.0,137.0,137.0,261.0,261.0,1072.0,1072.0,74.0,74.0,86.0,86.0,4.7,4.7,2.4,2.4,0.5,0.5,0.9,0.9,3.7,3.7,11358.0,11358.0
India,Chhattisgarh,22,"Calendar Year (Jan - Dec), 2021",32184.0,32184.0,10609.0,10609.0,27646.0,27646.0,1846.0,1846.0,627.0,627.0,176.0,176.0,402.0,402.0,541.0,541.0,33.0,33.0,85.9,85.9,5.7,5.7,1.9,1.9,0.5,0.5,1.2,1.2,1.7,1.7,,
India,Chhattisgarh,22,"Calendar Year (Jan - Dec), 2022",38788.0,38788.0,12617.0,12617.0,34256.0,34256.0,2096.0,2096.0,718.0,718.0,181.0,181.0,430.0,430.0,169.0,169.0,32.5,32.5,88.3,88.3,5.4,5.4,1.9,1.9,0.5,0.5,1.1,1.1,0.4,0.4,,
India,Madhya Pradesh,23,"Calendar Year (Jan - Dec), 2018",152846.0,152846.0,40526.0,40526.0,124165.0,124165.0,4316.0,4316.0,6086.0,6086.0,1068.0,1068.0,594.0,594.0,16617.0,16617.0,71.0,71.0,81.0,81.0,3.0,3.0,4.0,4.0,1.0,1.0,0.0,0.0,11.0,11.0,57357.0,57357.0
India,Madhya Pradesh,23,"Calendar Year (Jan - Dec), 2019",183177.0,183177.0,42677.0,42677.0,144462.0,144462.0,5485.0,5485.0,9721.0,9721.0,1117.0,1117.0,1372.0,1372.0,21020.0,21020.0,60.0,60.0,79.0,79.0,3.0,3.0,5.3,5.3,0.6,0.6,0.7,0.7,11.5,11.5,71333.0,71333.0
India,Madhya Pradesh,23,"Calendar Year (Jan - Dec), 2020",135759.0,135759.0,31912.0,31912.0,108006.0,108006.0,4795.0,4795.0,6092.0,6092.0,767.0,767.0,1431.0,1431.0,8957.0,8957.0,60.0,60.0,80.0,80.0,3.5,3.5,4.5,4.5,0.6,0.6,1.1,1.1,6.6,6.6,53234.0,53234.0
India,Madhya Pradesh,23,"Calendar Year (Jan - Dec), 2021",166098.0,166098.0,34817.0,34817.0,140738.0,140738.0,6643.0,6643.0,7336.0,7336.0,1103.0,1103.0,1615.0,1615.0,2975.0,2975.0,21.0,21.0,84.7,84.7,4.0,4.0,4.4,4.4,0.7,0.7,1.0,1.0,1.8,1.8,,
India,Madhya Pradesh,23,"Calendar Year (Jan - Dec), 2022",186709.0,186709.0,41904.0,41904.0,162931.0,162931.0,6557.0,6557.0,6399.0,6399.0,1099.0,1099.0,1671.0,1671.0,703.0,703.0,22.4,22.4,87.3,87.3,3.5,3.5,3.4,3.4,0.6,0.6,0.9,0.9,0.4,0.4,,
India,Gujarat,24,"Calendar Year (Jan - Dec), 2018",148695.0,148695.0,42366.0,42366.0,121915.0,121915.0,6436.0,6436.0,6206.0,6206.0,1251.0,1251.0,1616.0,1616.0,11271.0,11271.0,73.0,73.0,82.0,82.0,4.0,4.0,4.0,4.0,1.0,1.0,1.0,1.0,8.0,8.0,58346.0,58346.0
India,Gujarat,24,"Calendar Year (Jan - Dec), 2019",150999.0,150999.0,42165.0,42165.0,129063.0,129063.0,6870.0,6870.0,4408.0,4408.0,1266.0,1266.0,2650.0,2650.0,6742.0,6742.0,72.0,72.0,85.0,85.0,4.5,4.5,2.9,2.9,0.8,0.8,1.8,1.8,4.5,4.5,58532.0,58532.0
India,Gujarat,24,"Calendar Year (Jan - Dec), 2020",115345.0,115345.0,31626.0,31626.0,101484.0,101484.0,5472.0,5472.0,2410.0,2410.0,876.0,876.0,2074.0,2074.0,744.0,744.0,77.0,77.0,88.0,88.0,4.7,4.7,2.1,2.1,0.8,0.8,1.8,1.8,0.6,0.6,40867.0,40867.0
India,Gujarat,24,"Calendar Year (Jan - Dec), 2021",138070.0,138070.0,39146.0,39146.0,122521.0,122521.0,6846.0,6846.0,2453.0,2453.0,1015.0,1015.0,2258.0,2258.0,536.0,536.0,28.4,28.4,88.7,88.7,5.0,5.0,1.8,1.8,0.7,0.7,1.6,1.6,0.4,0.4,,
India,Gujarat,24,"Calendar Year (Jan - Dec), 2022",144685.0,144685.0,41769.0,41769.0,130391.0,130391.0,5976.0,5976.0,1944.0,1944.0,1039.0,1039.0,2292.0,2292.0,159.0,159.0,28.9,28.9,90.1,90.1,4.1,4.1,1.3,1.3,0.7,0.7,1.6,1.6,0.1,0.1,,
India,Maharashtra,27,"Calendar Year (Jan - Dec), 2018",191294.0,191294.0,47125.0,47125.0,155573.0,155573.0,7114.0,7114.0,7543.0,7543.0,1278.0,1278.0,3099.0,3099.0,16687.0,16687.0,60.0,60.0,81.0,81.0,4.0,4.0,4.0,4.0,1.0,1.0,2.0,2.0,9.0,9.0,79039.0,79039.0
India,Maharashtra,27,"Calendar Year (Jan - Dec), 2019",210754.0,210754.0,48313.0,48313.0,175859.0,175859.0,8785.0,8785.0,6802.0,6802.0,1160.0,1160.0,3451.0,3451.0,14697.0,14697.0,52.0,52.0,83.0,83.0,4.2,4.2,3.2,3.2,0.6,0.6,1.6,1.6,7.0,7.0,92202.0,92202.0
India,Maharashtra,27,"Calendar Year (Jan - Dec), 2020",147420.0,147420.0,33072.0,33072.0,124317.0,124317.0,6988.0,6988.0,3088.0,3088.0,716.0,716.0,3324.0,3324.0,858.0,858.0,52.0,52.0,84.0,84.0,4.7,4.7,2.1,2.1,0.5,0.5,2.3,2.3,0.6,0.6,63467.0,63467.0
India,Maharashtra,27,"Calendar Year (Jan - Dec), 2021",182554.0,182554.0,38629.0,38629.0,158528.0,158528.0,7809.0,7809.0,2814.0,2814.0,893.0,893.0,5121.0,5121.0,501.0,501.0,21.2,21.2,86.8,86.8,4.3,4.3,1.5,1.5,0.5,0.5,2.8,2.8,0.3,0.3,,
India,Maharashtra,27,"Calendar Year (Jan - Dec), 2022",219216.0,219216.0,44957.0,44957.0,190484.0,190484.0,8559.0,8559.0,2995.0,2995.0,965.0,965.0,5513.0,5513.0,812.0,812.0,20.5,20.5,86.9,86.9,3.9,3.9,1.4,1.4,0.4,0.4,2.5,2.5,0.4,0.4,,
India,Andhra Pradesh,28,"Calendar Year (Jan - Dec), 2018",90680.0,90680.0,30580.0,30580.0,82351.0,82351.0,3636.0,3636.0,1998.0,1998.0,462.0,462.0,870.0,870.0,1363.0,1363.0,68.0,68.0,91.0,91.0,4.0,4.0,2.0,2.0,1.0,1.0,1.0,1.0,2.0,2.0,45051.0,45051.0
India,Andhra Pradesh,28,"Calendar Year (Jan - Dec), 2019",96469.0,96469.0,39092.0,39092.0,86891.0,86891.0,3585.0,3585.0,1432.0,1432.0,322.0,322.0,1459.0,1459.0,2780.0,2780.0,73.0,73.0,90.0,90.0,3.7,3.7,1.5,1.5,0.3,0.3,1.5,1.5,2.9,2.9,53389.0,53389.0
India,Andhra Pradesh,28,"Calendar Year (Jan - Dec), 2020",62914.0,62914.0,24379.0,24379.0,56675.0,56675.0,2490.0,2490.0,499.0,499.0,122.0,122.0,1012.0,1012.0,855.0,855.0,78.0,78.0,90.0,90.0,4.0,4.0,0.8,0.8,0.2,0.2,1.6,1.6,1.4,1.4,31349.0,31349.0
India,Andhra Pradesh,28,"Calendar Year (Jan - Dec), 2021",85200.0,85200.0,34923.0,34923.0,79321.0,79321.0,2223.0,2223.0,186.0,186.0,189.0,189.0,1586.0,1586.0,100.0,100.0,41.0,41.0,93.1,93.1,2.6,2.6,0.2,0.2,0.2,0.2,1.9,1.9,0.1,0.1,,
India,Andhra Pradesh,28,"Calendar Year (Jan - Dec), 2022",90840.0,90840.0,36984.0,36984.0,86004.0,86004.0,1484.0,1484.0,64.0,64.0,179.0,179.0,1514.0,1514.0,33.0,33.0,40.7,40.7,94.7,94.7,1.6,1.6,0.1,0.1,0.2,0.2,1.7,1.7,0.0,0.0,,
India,Karnataka,29,"Calendar Year (Jan - Dec), 2018",78918.0,78918.0,29990.0,29990.0,62976.0,62976.0,4868.0,4868.0,3670.0,3670.0,628.0,628.0,729.0,729.0,6047.0,6047.0,66.0,66.0,80.0,80.0,6.0,6.0,5.0,5.0,1.0,1.0,1.0,1.0,8.0,8.0,45422.0,45422.0
India,Karnataka,29,"Calendar Year (Jan - Dec), 2019",87168.0,87168.0,31021.0,31021.0,69780.0,69780.0,5605.0,5605.0,2955.0,2955.0,657.0,657.0,1495.0,1495.0,6676.0,6676.0,62.0,62.0,80.0,80.0,6.4,6.4,3.4,3.4,0.8,0.8,1.7,1.7,7.7,7.7,49809.0,49809.0
India,Karnataka,29,"Calendar Year (Jan - Dec), 2020",62534.0,62534.0,23508.0,23508.0,50756.0,50756.0,4490.0,4490.0,1555.0,1555.0,368.0,368.0,1518.0,1518.0,873.0,873.0,66.0,66.0,81.0,81.0,7.2,7.2,2.5,2.5,0.6,0.6,2.4,2.4,1.4,1.4,35409.0,35409.0
India,Karnataka,29,"Calendar Year (Jan - Dec), 2021",69405.0,69405.0,28522.0,28522.0,57287.0,57287.0,5236.0,5236.0,1758.0,1758.0,413.0,413.0,1548.0,1548.0,329.0,329.0,41.1,41.1,82.5,82.5,7.5,7.5,2.5,2.5,0.6,0.6,2.2,2.2,0.5,0.5,,
India,Karnataka,29,"Calendar Year (Jan - Dec), 2022",76687.0,76687.0,33245.0,33245.0,64845.0,64845.0,5115.0,5115.0,1603.0,1603.0,353.0,353.0,1883.0,1883.0,120.0,120.0,43.4,43.4,84.6,84.6,6.7,6.7,2.1,2.1,0.5,0.5,2.5,2.5,0.2,0.2,,
India,Goa,30,"Calendar Year (Jan - Dec), 2018",2240.0,2240.0,536.0,536.0,1570.0,1570.0,71.0,71.0,70.0,70.0,20.0,20.0,22.0,22.0,487.0,487.0,48.0,48.0,70.0,70.0,3.0,3.0,3.0,3.0,1.0,1.0,1.0,1.0,22.0,22.0,1123.0,1123.0
India,Goa,30,"Calendar Year (Jan - Dec), 2019",2271.0,2271.0,550.0,550.0,1805.0,1805.0,72.0,72.0,126.0,126.0,14.0,14.0,37.0,37.0,217.0,217.0,46.0,46.0,79.0,79.0,3.2,3.2,5.5,5.5,0.6,0.6,1.6,1.6,9.6,9.6,1188.0,1188.0
India,Goa,30,"Calendar Year (Jan - Dec), 2020",1584.0,1584.0,348.0,348.0,1338.0,1338.0,89.0,89.0,48.0,48.0,8.0,8.0,26.0,26.0,8.0,8.0,41.0,41.0,84.0,84.0,5.6,5.6,3.0,3.0,0.5,0.5,1.6,1.6,0.5,0.5,844.0,844.0
India,Goa,30,"Calendar Year (Jan - Dec), 2021",1948.0,1948.0,452.0,452.0,1560.0,1560.0,175.0,175.0,61.0,61.0,15.0,15.0,43.0,43.0,2.0,2.0,23.2,23.2,80.1,80.1,9.0,9.0,3.1,3.1,0.8,0.8,2.2,2.2,0.1,0.1,,
India,Goa,30,"Calendar Year (Jan - Dec), 2022",1996.0,1996.0,491.0,491.0,1483.0,1483.0,171.0,171.0,87.0,87.0,18.0,18.0,82.0,82.0,17.0,17.0,24.6,24.6,74.3,74.3,8.6,8.6,4.4,4.4,0.9,0.9,4.1,4.1,0.9,0.9,,
India,Lakshadweep,31,"Calendar Year (Jan - Dec), 2018",19.0,19.0,5.0,5.0,18.0,18.0,0.0,0.0,0.0,0.0,0.0,0.0,0.0,0.0,1.0,1.0,50.0,50.0,95.0,95.0,0.0,0.0,0.0,0.0,0.0,0.0,0.0,0.0,5.0,5.0,10.0,10.0
India,Lakshadweep,31,"Calendar Year (Jan - Dec), 2019",22.0,22.0,7.0,7.0,14.0,14.0,2.0,2.0,0.0,0.0,0.0,0.0,0.0,0.0,6.0,6.0,58.0,58.0,64.0,64.0,9.1,9.1,0.0,0.0,0.0,0.0,0.0,0.0,27.3,27.3,12.0,12.0
India,Lakshadweep,31,"Calendar Year (Jan - Dec), 2020",17.0,17.0,9.0,9.0,15.0,15.0,0.0,0.0,0.0,0.0,0.0,0.0,0.0,0.0,2.0,2.0,113.0,113.0,88.0,88.0,0.0,0.0,0.0,0.0,0.0,0.0,0.0,0.0,11.8,11.8,8.0,8.0
India,Lakshadweep,31,"Calendar Year (Jan - Dec), 2021",20.0,20.0,10.0,10.0,18.0,18.0,1.0,1.0,0.0,0.0,0.0,0.0,0.0,0.0,1.0,1.0,50.0,50.0,90.0,90.0,5.0,5.0,0.0,0.0,0.0,0.0,0.0,0.0,5.0,5.0,,
India,Lakshadweep,31,"Calendar Year (Jan - Dec), 2022",21.0,21.0,15.0,15.0,21.0,21.0,0.0,0.0,0.0,0.0,0.0,0.0,0.0,0.0,0.0,0.0,71.4,71.4,100.0,100.0,0.0,0.0,0.0,0.0,0.0,0.0,0.0,0.0,0.0,0.0,,
India,Kerala,32,"Calendar Year (Jan - Dec), 2018",24572.0,24572.0,10407.0,10407.0,21676.0,21676.0,1163.0,1163.0,499.0,499.0,227.0,227.0,190.0,190.0,817.0,817.0,79.0,79.0,88.0,88.0,5.0,5.0,2.0,2.0,1.0,1.0,1.0,1.0,3.0,3.0,13121.0,13121.0
India,Kerala,32,"Calendar Year (Jan - Dec), 2019",25267.0,25267.0,10680.0,10680.0,20948.0,20948.0,1828.0,1828.0,478.0,478.0,191.0,191.0,258.0,258.0,1564.0,1564.0,73.0,73.0,83.0,83.0,7.2,7.2,1.9,1.9,0.8,0.8,1.0,1.0,6.2,6.2,14708.0,14708.0
India,Kerala,32,"Calendar Year (Jan - Dec), 2020",20641.0,20641.0,8114.0,8114.0,16770.0,16770.0,1668.0,1668.0,371.0,371.0,131.0,131.0,234.0,234.0,607.0,607.0,67.0,67.0,81.0,81.0,8.1,8.1,1.8,1.8,0.6,0.6,1.1,1.1,2.9,2.9,12137.0,12137.0
India,Kerala,32,"Calendar Year (Jan - Dec), 2021",21886.0,21886.0,8484.0,8484.0,17394.0,17394.0,1779.0,1779.0,481.0,481.0,155.0,155.0,280.0,280.0,648.0,648.0,38.8,38.8,79.5,79.5,8.1,8.1,2.2,2.2,0.7,0.7,1.3,1.3,3.0,3.0,,
India,Kerala,32,"Calendar Year (Jan - Dec), 2022",23135.0,23135.0,9513.0,9513.0,18918.0,18918.0,1950.0,1950.0,606.0,606.0,131.0,131.0,337.0,337.0,84.0,84.0,41.1,41.1,81.8,81.8,8.4,8.4,2.6,2.6,0.6,0.6,1.5,1.5,0.4,0.4,,
India,Tamil Nadu,33,"Calendar Year (Jan - Dec), 2018",101101.0,101101.0,40304.0,40304.0,85282.0,85282.0,4083.0,4083.0,3435.0,3435.0,583.0,583.0,1214.0,1214.0,6504.0,6504.0,71.0,71.0,84.0,84.0,4.0,4.0,3.0,3.0,1.0,1.0,1.0,1.0,6.0,6.0,56642.0,56642.0
India,Tamil Nadu,33,"Calendar Year (Jan - Dec), 2019",109772.0,109772.0,43362.0,43362.0,91102.0,91102.0,5365.0,5365.0,3279.0,3279.0,572.0,572.0,2107.0,2107.0,7347.0,7347.0,67.0,67.0,83.0,83.0,4.9,4.9,3.0,3.0,0.5,0.5,1.9,1.9,6.7,6.7,64314.0,64314.0
India,Tamil Nadu,33,"Calendar Year (Jan - Dec), 2020",68943.0,68943.0,28686.0,28686.0,56885.0,56885.0,4050.0,4050.0,1712.0,1712.0,342.0,342.0,2036.0,2036.0,1308.0,1308.0,68.0,68.0,83.0,83.0,5.9,5.9,2.5,2.5,0.5,0.5,3.0,3.0,1.9,1.9,41948.0,41948.0
India,Tamil Nadu,33,"Calendar Year (Jan - Dec), 2021",82684.0,82684.0,34685.0,34685.0,68711.0,68711.0,4966.0,4966.0,2318.0,2318.0,464.0,464.0,1639.0,1639.0,830.0,830.0,41.9,41.9,83.1,83.1,6.0,6.0,2.8,2.8,0.6,0.6,2.0,2.0,1.0,1.0,,
India,Tamil Nadu,33,"Calendar Year (Jan - Dec), 2022",93657.0,93657.0,40481.0,40481.0,80353.0,80353.0,5234.0,5234.0,2386.0,2386.0,583.0,583.0,1804.0,1804.0,153.0,153.0,43.2,43.2,85.8,85.8,5.6,5.6,2.5,2.5,0.6,0.6,1.9,1.9,0.2,0.2,,
India,Puducherry,34,"Calendar Year (Jan - Dec), 2018",1542.0,1542.0,722.0,722.0,1322.0,1322.0,92.0,92.0,53.0,53.0,23.0,23.0,7.0,7.0,45.0,45.0,77.0,77.0,86.0,86.0,6.0,6.0,3.0,3.0,1.0,1.0,0.0,0.0,3.0,3.0,940.0,940.0
India,Puducherry,34,"Calendar Year (Jan - Dec), 2019",1565.0,1565.0,751.0,751.0,1268.0,1268.0,116.0,116.0,43.0,43.0,22.0,22.0,37.0,37.0,79.0,79.0,71.0,71.0,81.0,81.0,7.4,7.4,2.7,2.7,1.4,1.4,2.4,2.4,5.0,5.0,1064.0,1064.0
India,Puducherry,34,"Calendar Year (Jan - Dec), 2020",1220.0,1220.0,543.0,543.0,994.0,994.0,80.0,80.0,28.0,28.0,14.0,14.0,37.0,37.0,3.0,3.0,66.0,66.0,81.0,81.0,6.6,6.6,2.3,2.3,1.1,1.1,3.0,3.0,0.2,0.2,827.0,827.0
India,Puducherry,34,"Calendar Year (Jan - Dec), 2021",1369.0,1369.0,593.0,593.0,1103.0,1103.0,74.0,74.0,33.0,33.0,24.0,24.0,30.0,30.0,2.0,2.0,43.3,43.3,80.6,80.6,5.4,5.4,2.4,2.4,1.8,1.8,2.2,2.2,0.1,0.1,,
India,Puducherry,34,"Calendar Year (Jan - Dec), 2022",1485.0,1485.0,674.0,674.0,1215.0,1215.0,115.0,115.0,40.0,40.0,20.0,20.0,32.0,32.0,0.0,0.0,45.4,45.4,81.8,81.8,7.7,7.7,2.7,2.7,1.3,1.3,2.2,2.2,0.0,0.0,,
India,Andaman And Nicobar Islands,35,"Calendar Year (Jan - Dec), 2018",523.0,523.0,146.0,146.0,461.0,461.0,12.0,12.0,18.0,18.0,4.0,4.0,6.0,6.0,22.0,22.0,61.0,61.0,88.0,88.0,2.0,2.0,3.0,3.0,1.0,1.0,1.0,1.0,4.0,4.0,240.0,240.0
India,Andaman And Nicobar Islands,35,"Calendar Year (Jan - Dec), 2019",554.0,554.0,153.0,153.0,463.0,463.0,25.0,25.0,18.0,18.0,0.0,0.0,7.0,7.0,41.0,41.0,52.0,52.0,84.0,84.0,4.5,4.5,3.2,3.2,0.0,0.0,1.3,1.3,7.4,7.4,292.0,292.0
India,Andaman And Nicobar Islands,35,"Calendar Year (Jan - Dec), 2020",434.0,434.0,141.0,141.0,370.0,370.0,16.0,16.0,6.0,6.0,3.0,3.0,8.0,8.0,1.0,1.0,58.0,58.0,85.0,85.0,3.7,3.7,1.4,1.4,0.7,0.7,1.8,1.8,0.2,0.2,242.0,242.0
India,Andaman And Nicobar Islands,35,"Calendar Year (Jan - Dec), 2021",480.0,480.0,167.0,167.0,416.0,416.0,13.0,13.0,12.0,12.0,2.0,2.0,10.0,10.0,3.0,3.0,34.8,34.8,86.7,86.7,2.7,2.7,2.5,2.5,0.4,0.4,2.1,2.1,0.6,0.6,,
India,Andaman And Nicobar Islands,35,"Calendar Year (Jan - Dec), 2022",508.0,508.0,226.0,226.0,432.0,432.0,14.0,14.0,16.0,16.0,8.0,8.0,13.0,13.0,0.0,0.0,44.5,44.5,85.0,85.0,2.8,2.8,3.1,3.1,1.6,1.6,2.6,2.6,0.0,0.0,,
India,Telangana,36,"Calendar Year (Jan - Dec), 2018",51318.0,51318.0,22929.0,22929.0,46274.0,46274.0,1850.0,1850.0,830.0,830.0,350.0,350.0,377.0,377.0,1637.0,1637.0,79.0,79.0,90.0,90.0,4.0,4.0,2.0,2.0,1.0,1.0,1.0,1.0,3.0,3.0,29195.0,29195.0
India,Telangana,36,"Calendar Year (Jan - Dec), 2019",69076.0,69076.0,27594.0,27594.0,61740.0,61740.0,2392.0,2392.0,556.0,556.0,331.0,331.0,683.0,683.0,3374.0,3374.0,74.0,74.0,89.0,89.0,3.5,3.5,0.8,0.8,0.5,0.5,1.0,1.0,4.9,4.9,37398.0,37398.0
India,Telangana,36,"Calendar Year (Jan - Dec), 2020",60857.0,60857.0,23681.0,23681.0,54176.0,54176.0,1876.0,1876.0,376.0,376.0,226.0,226.0,1156.0,1156.0,1537.0,1537.0,85.0,85.0,89.0,89.0,3.1,3.1,0.6,0.6,0.4,0.4,1.9,1.9,2.5,2.5,27933.0,27933.0
India,Telangana,36,"Calendar Year (Jan - Dec), 2021",59615.0,59615.0,24824.0,24824.0,54343.0,54343.0,1759.0,1759.0,428.0,428.0,268.0,268.0,639.0,639.0,576.0,576.0,41.6,41.6,91.2,91.2,3.0,3.0,0.7,0.7,0.4,0.4,1.1,1.1,1.0,1.0,,
India,Telangana,36,"Calendar Year (Jan - Dec), 2022",71488.0,71488.0,29237.0,29237.0,65586.0,65586.0,1659.0,1659.0,345.0,345.0,287.0,287.0,964.0,964.0,477.0,477.0,40.9,40.9,91.7,91.7,2.3,2.3,0.5,0.5,0.4,0.4,1.3,1.3,0.7,0.7,,
India,Ladakh,37,"Calendar Year (Jan - Dec), 2018",260.071634017,260.071634017,88.4768511017,88.4768511017,213.7661967408,213.7661967408,6.0807329064,6.0807329064,5.2932998681,5.2932998681,1.6404854963,1.6404854963,0.9624181578,0.9624181578,32.3285008475,32.3285008475,67.0,67.0,82.0,82.0,2.0,2.0,2.0,2.0,1.0,1.0,0.0,0.0,12.0,12.0,131.5669368051,131.5669368051
India,Ladakh,37,"Calendar Year (Jan - Dec), 2019",412.0,412.0,102.0,102.0,356.0,356.0,23.0,23.0,1.0,1.0,0.0,0.0,0.0,0.0,32.0,32.0,49.0,49.0,86.0,86.0,5.6,5.6,0.2,0.2,0.0,0.0,0.0,0.0,7.8,7.8,210.0,210.0
India,Ladakh,37,"Calendar Year (Jan - Dec), 2020",243.0,243.0,56.0,56.0,188.0,188.0,19.0,19.0,4.0,4.0,2.0,2.0,1.0,1.0,18.0,18.0,44.0,44.0,77.0,77.0,7.8,7.8,1.6,1.6,0.8,0.8,0.4,0.4,7.4,7.4,127.0,127.0
India,Ladakh,37,"Calendar Year (Jan - Dec), 2021",320.0,320.0,124.0,124.0,263.0,263.0,22.0,22.0,4.0,4.0,2.0,2.0,3.0,3.0,5.0,5.0,38.8,38.8,82.2,82.2,6.9,6.9,1.3,1.3,0.6,0.6,0.9,0.9,1.6,1.6,,
India,Ladakh,37,"Calendar Year (Jan - Dec), 2022",343.0,343.0,191.0,191.0,301.0,301.0,16.0,16.0,1.0,1.0,2.0,2.0,2.0,2.0,0.0,0.0,55.7,55.7,87.8,87.8,4.7,4.7,0.3,0.3,0.6,0.6,0.6,0.6,0.0,0.0,,
India,The Dadra And Nagar Haveli And Daman And Diu,38,"Calendar Year (Jan - Dec), 2018",952.0,952.0,247.0,247.0,848.0,848.0,29.0,29.0,37.0,37.0,6.0,6.0,15.0,15.0,17.0,17.0,73.5852084262,73.5852084262,86.4317858735,86.4317858735,3.0,3.0,5.6761605948,5.6761605948,1.0,1.0,2.2613690211,2.2613690211,2.2613690211,2.2613690211,324.0,324.0
India,The Dadra And Nagar Haveli And Daman And Diu,38,"Calendar Year (Jan - Dec), 2019",984.0,984.0,311.0,311.0,906.0,906.0,25.0,25.0,25.0,25.0,3.0,3.0,8.0,8.0,17.0,17.0,82.0,82.0,92.0,92.0,2.5,2.5,2.5,2.5,0.3,0.3,0.8,0.8,1.7,1.7,378.0,378.0
India,The Dadra And Nagar Haveli And Daman And Diu,38,"Calendar Year (Jan - Dec), 2020",735.0,735.0,285.0,285.0,686.0,686.0,17.0,17.0,5.0,5.0,2.0,2.0,2.0,2.0,8.0,8.0,91.0,91.0,93.0,93.0,2.3,2.3,0.7,0.7,0.3,0.3,0.3,0.3,1.1,1.1,314.0,314.0
India,The Dadra And Nagar Haveli And Daman And Diu,38,"Calendar Year (Jan - Dec), 2021",730.0,730.0,273.0,273.0,675.0,675.0,30.0,30.0,2.0,2.0,2.0,2.0,4.0,4.0,2.0,2.0,37.4,37.4,92.5,92.5,4.1,4.1,0.3,0.3,0.3,0.3,0.5,0.5,0.3,0.3,,
India,The Dadra And Nagar Haveli And Daman And Diu,38,"Calendar Year (Jan - Dec), 2022",895.0,895.0,331.0,331.0,844.0,844.0,23.0,23.0,1.0,1.0,2.0,2.0,10.0,10.0,0.0,0.0,37.0,37.0,94.3,94.3,2.6,2.6,0.1,0.1,0.2,0.2,1.1,1.1,0.0,0.0,,
