Country,StateName,StateCode,Year,D6066_3,I6066_4_sum,I6066_4_avg,I6066_5_sum,I6066_5_avg,I6066_6_sum,I6066_6_avg,I6066_7_sum,I6066_7_avg,I6066_8_sum,I6066_8_avg,I6066_9_sum,I6066_9_avg,I6066_10_sum,I6066_10_avg,I6066_11_sum,I6066_11_avg,I6066_12_sum,I6066_12_avg
India,Jammu And Kashmir,1,"Financial Year (Apr - Mar), 2015",Major (Non EAG States),309.0880877755,309.0880877755,898.8985843851,898.8985843851,541.8822804672,541.8822804672,73.3595145037,73.3595145037,0.0,0.0,0.0,0.0,16.6281566208,16.6281566208,0.0,0.0,42.0594549821,42.0594549821
India,Jammu And Kashmir,1,"Financial Year (Apr - Mar), 2016",Major (Non EAG States),7703572.605702301,7703572.605702301,4508883.124290351,4508883.124290351,5461926.899140286,5461926.899140286,650375.1336569433,650375.1336569433,0.0,0.0,0.0,0.0,178358.4985493611,178358.4985493611,0.0,0.0,61911.5177336636,61911.5177336636
India,Jammu And Kashmir,1,"Financial Year (Apr - Mar), 2017",Major (Non EAG States),8318996.332269112,8318996.332269112,5182085.782607118,5182085.782607118,5769969.369302388,5769969.369302388,717616.4646510141,717616.4646510141,0.0,0.0,0.0,0.0,192009.2370082054,192009.2370082054,0.0,0.0,55460.7710916403,55460.7710916403
India,Jammu And Kashmir,1,"Financial Year (Apr - Mar), 2018",Major (Non EAG States),8194665.648961419,8194665.648961419,5236741.555292938,5236741.555292938,4497739.324973811,4497739.324973811,353031.4150900575,353031.4150900575,0.0,0.0,0.0,0.0,0.0,0.0,0.0,0.0,0.0,0.0
India,Jammu And Kashmir,1,"Financial Year (Apr - Mar), 2019",Major (Non EAG States),6716850.944934016,6716850.944934016,6132672.502784611,6132672.502784611,4641576.792251462,4641576.792251462,614026.9614106612,614026.9614106612,0.0,0.0,0.0,0.0,0.0,0.0,0.0,0.0,0.0,0.0
India,Himachal Pradesh,2,"Financial Year (Apr - Mar), 2015",Major (Non EAG States),357.0,357.0,476.0,476.0,262.0,262.0,34.0,34.0,0.0,0.0,10.0,10.0,72.0,72.0,0.0,0.0,206.0,206.0
India,Himachal Pradesh,2,"Financial Year (Apr - Mar), 2016",Major (Non EAG States),4052171.0,4052171.0,7261502.0,7261502.0,3070704.0,3070704.0,373320.0,373320.0,0.0,0.0,119716.0,119716.0,887921.0,887921.0,0.0,0.0,2103130.0,2103130.0
India,Himachal Pradesh,2,"Financial Year (Apr - Mar), 2017",Major (Non EAG States),4443337.0,4443337.0,7427195.0,7427195.0,4214315.0,4214315.0,563807.0,563807.0,0.0,0.0,96887.0,96887.0,884253.0,884253.0,0.0,0.0,2428570.0,2428570.0
India,Himachal Pradesh,2,"Financial Year (Apr - Mar), 2018",Major (Non EAG States),4739312.0,4739312.0,8550963.0,8550963.0,4774031.0,4774031.0,685282.0,685282.0,0.0,0.0,124844.0,124844.0,929163.0,929163.0,0.0,0.0,2575316.0,2575316.0
India,Himachal Pradesh,2,"Financial Year (Apr - Mar), 2019",Major (Non EAG States),4924048.0,4924048.0,7569923.0,7569923.0,5603753.0,5603753.0,835479.0,835479.0,0.0,0.0,107859.0,107859.0,975545.0,975545.0,0.0,0.0,3051680.0,3051680.0
India,Punjab,3,"Financial Year (Apr - Mar), 2015",Major (Non EAG States),1217.0,1217.0,514.0,514.0,263.0,263.0,195.0,195.0,222.0,222.0,11.0,11.0,113.0,113.0,0.0,0.0,73.0,73.0
India,Punjab,3,"Financial Year (Apr - Mar), 2016",Major (Non EAG States),16553164.0,16553164.0,5179139.0,5179139.0,2728629.0,2728629.0,1666279.0,1666279.0,806821.0,806821.0,105539.0,105539.0,1144804.0,1144804.0,0.0,0.0,717952.0,717952.0
India,Punjab,3,"Financial Year (Apr - Mar), 2017",Major (Non EAG States),15120803.0,15120803.0,5348080.0,5348080.0,3113239.0,3113239.0,1713096.0,1713096.0,58249.0,58249.0,119032.0,119032.0,1276072.0,1276072.0,0.0,0.0,729938.0,729938.0
India,Punjab,3,"Financial Year (Apr - Mar), 2018",Major (Non EAG States),19417455.0,19417455.0,6270610.0,6270610.0,2354690.0,2354690.0,1849520.0,1849520.0,172075.0,172075.0,108270.0,108270.0,1240619.0,1240619.0,0.0,0.0,1025324.0,1025324.0
India,Punjab,3,"Financial Year (Apr - Mar), 2019",Major (Non EAG States),21771154.0,21771154.0,6196169.0,6196169.0,2273486.0,2273486.0,1994096.0,1994096.0,634060.0,634060.0,103728.0,103728.0,1294438.0,1294438.0,0.0,0.0,920328.0,920328.0
India,Chandigarh,4,"Financial Year (Apr - Mar), 2015",Union Territories,,,,,,,,,,,,,,,,,,
India,Chandigarh,4,"Financial Year (Apr - Mar), 2016",Union Territories,,,,,,,,,,,,,,,,,,
India,Chandigarh,4,"Financial Year (Apr - Mar), 2017",Union Territories,,,,,,,,,,,,,,,,,,
India,Chandigarh,4,"Financial Year (Apr - Mar), 2018",Union Territories,,,,,,,,,,,,,,,,,,
India,Chandigarh,4,"Financial Year (Apr - Mar), 2019",Union Territories,,,,,,,,,,,,,,,,,,
India,Uttarakhand,5,"Financial Year (Apr - Mar), 2015",EAG+1 States,442.0,442.0,632.0,632.0,115.0,115.0,167.0,167.0,0.0,0.0,4.0,4.0,93.0,93.0,0.0,0.0,11.0,11.0
India,Uttarakhand,5,"Financial Year (Apr - Mar), 2016",EAG+1 States,4577664.0,4577664.0,6494412.0,6494412.0,1473211.0,1473211.0,1420867.0,1420867.0,0.0,0.0,40413.0,40413.0,79564.0,79564.0,634.0,634.0,974713.0,974713.0
India,Uttarakhand,5,"Financial Year (Apr - Mar), 2017",EAG+1 States,5675785.0,5675785.0,5848963.0,5848963.0,1694424.0,1694424.0,1800517.0,1800517.0,0.0,0.0,37849.0,37849.0,1019182.0,1019182.0,0.0,0.0,116573.0,116573.0
India,Uttarakhand,5,"Financial Year (Apr - Mar), 2018",EAG+1 States,7477730.0,7477730.0,8378878.0,8378878.0,2149832.0,2149832.0,1692636.0,1692636.0,0.0,0.0,42904.0,42904.0,1099829.0,1099829.0,0.0,0.0,119157.0,119157.0
India,Uttarakhand,5,"Financial Year (Apr - Mar), 2019",EAG+1 States,7990505.0,7990505.0,7336947.0,7336947.0,2465122.0,2465122.0,1958180.0,1958180.0,0.0,0.0,44503.0,44503.0,1096847.0,1096847.0,0.0,0.0,116978.0,116978.0
India,Haryana,6,"Financial Year (Apr - Mar), 2015",Major (Non EAG States),785.0,785.0,862.0,862.0,555.0,555.0,179.0,179.0,2.0,2.0,3.0,3.0,101.0,101.0,7.0,7.0,30.0,30.0
India,Haryana,6,"Financial Year (Apr - Mar), 2016",Major (Non EAG States),8333562.0,8333562.0,11528157.0,11528157.0,7062905.0,7062905.0,1795210.0,1795210.0,29776.0,29776.0,39984.0,39984.0,1113912.0,1113912.0,237129.0,237129.0,303659.0,303659.0
India,Haryana,6,"Financial Year (Apr - Mar), 2017",Major (Non EAG States),11042530.0,11042530.0,11821712.0,11821712.0,7274892.0,7274892.0,1879478.0,1879478.0,39891.0,39891.0,40536.0,40536.0,1138760.0,1138760.0,234209.0,234209.0,292737.0,292737.0
India,Haryana,6,"Financial Year (Apr - Mar), 2018",Major (Non EAG States),13090636.0,13090636.0,14784312.0,14784312.0,7798090.0,7798090.0,2126840.0,2126840.0,267727.0,267727.0,36642.0,36642.0,1194056.0,1194056.0,539996.0,539996.0,273374.0,273374.0
India,Haryana,6,"Financial Year (Apr - Mar), 2019",Major (Non EAG States),16007802.0,16007802.0,18590048.0,18590048.0,9431468.0,9431468.0,2752346.0,2752346.0,818502.0,818502.0,47135.0,47135.0,1394556.0,1394556.0,485167.0,485167.0,298933.0,298933.0
India,Delhi,7,"Financial Year (Apr - Mar), 2015",Major (Non EAG States),2798.0,2798.0,6.0,6.0,156.0,156.0,293.0,293.0,317.0,317.0,4.0,4.0,0.0,0.0,1.0,1.0,59.0,59.0
India,Delhi,7,"Financial Year (Apr - Mar), 2016",Major (Non EAG States),31106023.0,31106023.0,402359.0,402359.0,1719708.0,1719708.0,2566430.0,2566430.0,4003617.0,4003617.0,69653.0,69653.0,1181.0,1181.0,0.0,0.0,441110.0,441110.0
India,Delhi,7,"Financial Year (Apr - Mar), 2017",Major (Non EAG States),38278718.0,38278718.0,95402.0,95402.0,2037557.0,2037557.0,2042345.0,2042345.0,4341720.0,4341720.0,61298.0,61298.0,0.0,0.0,28173.0,28173.0,446880.0,446880.0
India,Delhi,7,"Financial Year (Apr - Mar), 2018",Major (Non EAG States),42716901.0,42716901.0,160578.0,160578.0,2272065.0,2272065.0,2746570.0,2746570.0,5408889.0,5408889.0,97104.0,97104.0,4093.0,4093.0,3453.0,3453.0,1545143.0,1545143.0
India,Delhi,7,"Financial Year (Apr - Mar), 2019",Major (Non EAG States),45065362.0,45065362.0,488443.0,488443.0,2455370.0,2455370.0,2652885.0,2652885.0,5894985.0,5894985.0,114252.0,114252.0,31207.0,31207.0,0.0,0.0,742902.0,742902.0
India,Rajasthan,8,"Financial Year (Apr - Mar), 2015",EAG+1 States,1829.0,1829.0,1892.0,1892.0,746.0,746.0,849.0,849.0,0.0,0.0,20.0,20.0,0.0,0.0,0.0,0.0,2422.0,2422.0
India,Rajasthan,8,"Financial Year (Apr - Mar), 2016",EAG+1 States,20569608.0,20569608.0,20457303.0,20457303.0,8951450.0,8951450.0,9711815.0,9711815.0,0.0,0.0,204115.0,204115.0,0.0,0.0,0.0,0.0,22626959.0,22626959.0
India,Rajasthan,8,"Financial Year (Apr - Mar), 2017",EAG+1 States,21885115.0,21885115.0,24320500.0,24320500.0,10153783.0,10153783.0,17185638.0,17185638.0,0.0,0.0,229163.0,229163.0,0.0,0.0,0.0,0.0,26221474.0,26221474.0
India,Rajasthan,8,"Financial Year (Apr - Mar), 2018",EAG+1 States,29667992.0,29667992.0,27964304.0,27964304.0,13305972.0,13305972.0,19643184.0,19643184.0,0.0,0.0,315528.0,315528.0,0.0,0.0,0.0,0.0,27717932.0,27717932.0
India,Rajasthan,8,"Financial Year (Apr - Mar), 2019",EAG+1 States,29091681.0,29091681.0,28765451.0,28765451.0,14736998.0,14736998.0,14836671.0,14836671.0,0.0,0.0,420103.0,420103.0,0.0,0.0,0.0,0.0,33587689.0,33587689.0
India,Uttar Pradesh,9,"Financial Year (Apr - Mar), 2015",EAG+1 States,2686.0,2686.0,4378.0,4378.0,1486.0,1486.0,430.0,430.0,6.0,6.0,49.0,49.0,1039.0,1039.0,273.0,273.0,3105.0,3105.0
India,Uttar Pradesh,9,"Financial Year (Apr - Mar), 2016",EAG+1 States,30303063.0,30303063.0,53020412.0,53020412.0,20769220.0,20769220.0,4103898.0,4103898.0,8740.0,8740.0,512123.0,512123.0,10607005.0,10607005.0,2693287.0,2693287.0,35820554.0,35820554.0
India,Uttar Pradesh,9,"Financial Year (Apr - Mar), 2017",EAG+1 States,33780651.0,33780651.0,48283271.0,48283271.0,26299263.0,26299263.0,5717406.0,5717406.0,115268.0,115268.0,544019.0,544019.0,11695486.0,11695486.0,4286500.0,4286500.0,38322498.0,38322498.0
India,Uttar Pradesh,9,"Financial Year (Apr - Mar), 2018",EAG+1 States,36544823.0,36544823.0,53536599.0,53536599.0,28695905.0,28695905.0,5412886.0,5412886.0,95801.0,95801.0,615072.0,615072.0,12126036.0,12126036.0,4498120.0,4498120.0,39498222.0,39498222.0
India,Uttar Pradesh,9,"Financial Year (Apr - Mar), 2019",EAG+1 States,41046196.0,41046196.0,50891538.0,50891538.0,35701217.0,35701217.0,5569761.0,5569761.0,98312.0,98312.0,605149.0,605149.0,11893472.0,11893472.0,4517329.0,4517329.0,49249822.0,49249822.0
India,Bihar,10,"Financial Year (Apr - Mar), 2015",EAG+1 States,1917.0,1917.0,1737.0,1737.0,474.0,474.0,79.0,79.0,0.0,0.0,2.0,2.0,330.0,330.0,4.0,4.0,29.0,29.0
India,Bihar,10,"Financial Year (Apr - Mar), 2016",EAG+1 States,20730954.0,20730954.0,24365340.0,24365340.0,4630112.0,4630112.0,869161.0,869161.0,0.0,0.0,31098.0,31098.0,3864082.0,3864082.0,36353.0,36353.0,401908.0,401908.0
India,Bihar,10,"Financial Year (Apr - Mar), 2017",EAG+1 States,20713631.0,20713631.0,27447856.0,27447856.0,7194319.0,7194319.0,1017346.0,1017346.0,-81736.0,-81736.0,36216.0,36216.0,4963246.0,4963246.0,35129.0,35129.0,489432.0,489432.0
India,Bihar,10,"Financial Year (Apr - Mar), 2018",EAG+1 States,23333038.0,23333038.0,33522365.0,33522365.0,7324162.0,7324162.0,1113161.0,1113161.0,435444.0,435444.0,35860.0,35860.0,6628030.0,6628030.0,317892.0,317892.0,468247.0,468247.0
India,Bihar,10,"Financial Year (Apr - Mar), 2019",EAG+1 States,26788321.0,26788321.0,32391572.0,32391572.0,9189967.0,9189967.0,1435559.0,1435559.0,-2236.0,-2236.0,35154.0,35154.0,6265497.0,6265497.0,146977.0,146977.0,487405.0,487405.0
India,Sikkim,11,"Financial Year (Apr - Mar), 2015",North East States,174.0,174.0,36.0,36.0,1.0,1.0,32.0,32.0,0.0,0.0,1.0,1.0,10.0,10.0,0.0,0.0,7.0,7.0
India,Sikkim,11,"Financial Year (Apr - Mar), 2016",North East States,1861427.0,1861427.0,421741.0,421741.0,10196.0,10196.0,349267.0,349267.0,-533.0,-533.0,5075.0,5075.0,108022.0,108022.0,0.0,0.0,64206.0,64206.0
India,Sikkim,11,"Financial Year (Apr - Mar), 2017",North East States,3692755.0,3692755.0,405213.0,405213.0,35074.0,35074.0,321157.0,321157.0,0.0,0.0,4790.0,4790.0,99206.0,99206.0,0.0,0.0,58806.0,58806.0
India,Sikkim,11,"Financial Year (Apr - Mar), 2018",North East States,2028710.0,2028710.0,999374.0,999374.0,19361.0,19361.0,846512.0,846512.0,0.0,0.0,3708.0,3708.0,111965.0,111965.0,0.0,0.0,59539.0,59539.0
India,Sikkim,11,"Financial Year (Apr - Mar), 2019",North East States,2624081.0,2624081.0,865312.0,865312.0,10018.0,10018.0,496005.0,496005.0,0.0,0.0,16567.0,16567.0,154588.0,154588.0,0.0,0.0,85363.0,85363.0
India,Arunachal Pradesh,12,"Financial Year (Apr - Mar), 2015",North East States,165.0,165.0,226.0,226.0,5.0,5.0,68.0,68.0,26.0,26.0,2.0,2.0,5.0,5.0,0.0,0.0,19.0,19.0
India,Arunachal Pradesh,12,"Financial Year (Apr - Mar), 2016",North East States,2160082.0,2160082.0,3036579.0,3036579.0,651168.0,651168.0,939709.0,939709.0,148954.0,148954.0,17400.0,17400.0,40625.0,40625.0,0.0,0.0,77638.0,77638.0
India,Arunachal Pradesh,12,"Financial Year (Apr - Mar), 2017",North East States,1858409.0,1858409.0,4250714.0,4250714.0,678015.0,678015.0,1223754.0,1223754.0,1155003.0,1155003.0,20653.0,20653.0,45086.0,45086.0,0.0,0.0,120648.0,120648.0
India,Arunachal Pradesh,12,"Financial Year (Apr - Mar), 2018",North East States,2332203.0,2332203.0,4032714.0,4032714.0,1837395.0,1837395.0,1129791.0,1129791.0,1588587.0,1588587.0,19901.0,19901.0,80514.0,80514.0,0.0,0.0,155047.0,155047.0
India,Arunachal Pradesh,12,"Financial Year (Apr - Mar), 2019",North East States,3430065.0,3430065.0,4628654.0,4628654.0,77328.0,77328.0,1202599.0,1202599.0,513690.0,513690.0,9240.0,9240.0,80289.0,80289.0,0.0,0.0,92186.0,92186.0
India,Nagaland,13,"Financial Year (Apr - Mar), 2015",North East States,202.0,202.0,107.0,107.0,5.0,5.0,127.0,127.0,0.0,0.0,0.0,0.0,0.0,0.0,0.0,0.0,24.0,24.0
India,Nagaland,13,"Financial Year (Apr - Mar), 2016",North East States,2422957.0,2422957.0,1069033.0,1069033.0,30464.0,30464.0,1175419.0,1175419.0,0.0,0.0,0.0,0.0,243808.0,243808.0,0.0,0.0,14398.0,14398.0
India,Nagaland,13,"Financial Year (Apr - Mar), 2017",North East States,2553649.0,2553649.0,1806445.0,1806445.0,38402.0,38402.0,1407590.0,1407590.0,0.0,0.0,0.0,0.0,264365.0,264365.0,0.0,0.0,11182.0,11182.0
India,Nagaland,13,"Financial Year (Apr - Mar), 2018",North East States,2896475.0,2896475.0,1399254.0,1399254.0,43026.0,43026.0,1543457.0,1543457.0,0.0,0.0,0.0,0.0,322848.0,322848.0,0.0,0.0,24728.0,24728.0
India,Nagaland,13,"Financial Year (Apr - Mar), 2019",North East States,3858016.0,3858016.0,1519497.0,1519497.0,42564.0,42564.0,899310.0,899310.0,0.0,0.0,0.0,0.0,346912.0,346912.0,0.0,0.0,13181.0,13181.0
India,Manipur,14,"Financial Year (Apr - Mar), 2015",North East States,,,,,,,,,,,,,,,,,,
India,Manipur,14,"Financial Year (Apr - Mar), 2016",North East States,1151413.0,1151413.0,1999546.0,1999546.0,662864.0,662864.0,760725.0,760725.0,24224.0,24224.0,1915.0,1915.0,110801.0,110801.0,0.0,0.0,80469.0,80469.0
India,Manipur,14,"Financial Year (Apr - Mar), 2017",North East States,1078454.0,1078454.0,3006291.0,3006291.0,952408.0,952408.0,502760.0,502760.0,28278.0,28278.0,1879.0,1879.0,92801.0,92801.0,0.0,0.0,139581.0,139581.0
India,Manipur,14,"Financial Year (Apr - Mar), 2018",North East States,897498.0,897498.0,3298171.0,3298171.0,51387.0,51387.0,459079.0,459079.0,21903.0,21903.0,1792.0,1792.0,110391.0,110391.0,0.0,0.0,86210.0,86210.0
India,Manipur,14,"Financial Year (Apr - Mar), 2019",North East States,905950.0,905950.0,3919869.0,3919869.0,1138346.0,1138346.0,418699.0,418699.0,24173.0,24173.0,1359.0,1359.0,123462.0,123462.0,0.0,0.0,87728.0,87728.0
India,Mizoram,15,"Financial Year (Apr - Mar), 2015",North East States,106.0,106.0,98.0,98.0,3.0,3.0,134.0,134.0,6.0,6.0,1.0,1.0,26.0,26.0,0.0,0.0,5.0,5.0
India,Mizoram,15,"Financial Year (Apr - Mar), 2016",North East States,1515059.0,1515059.0,986057.0,986057.0,13333.0,13333.0,1135830.0,1135830.0,38766.0,38766.0,6917.0,6917.0,237852.0,237852.0,4577.0,4577.0,51627.0,51627.0
India,Mizoram,15,"Financial Year (Apr - Mar), 2017",North East States,1648728.0,1648728.0,1335649.0,1335649.0,500826.0,500826.0,1486964.0,1486964.0,227874.0,227874.0,8318.0,8318.0,274963.0,274963.0,5171.0,5171.0,50584.0,50584.0
India,Mizoram,15,"Financial Year (Apr - Mar), 2018",North East States,1878349.0,1878349.0,1233076.0,1233076.0,250854.0,250854.0,1734459.0,1734459.0,364410.0,364410.0,4053.0,4053.0,302023.0,302023.0,5976.0,5976.0,46283.0,46283.0
India,Mizoram,15,"Financial Year (Apr - Mar), 2019",North East States,1925259.0,1925259.0,1351989.0,1351989.0,515680.0,515680.0,1595699.0,1595699.0,5590.0,5590.0,8046.0,8046.0,375777.0,375777.0,5489.0,5489.0,48541.0,48541.0
India,Tripura,16,"Financial Year (Apr - Mar), 2015",North East States,266.0,266.0,102.0,102.0,29.0,29.0,45.0,45.0,3.0,3.0,0.0,0.0,0.0,0.0,35.0,35.0,129.0,129.0
India,Tripura,16,"Financial Year (Apr - Mar), 2016",North East States,3208635.0,3208635.0,1154301.0,1154301.0,331581.0,331581.0,482008.0,482008.0,13381.0,13381.0,0.0,0.0,0.0,0.0,90560.0,90560.0,1621672.0,1621672.0
India,Tripura,16,"Financial Year (Apr - Mar), 2017",North East States,3752090.0,3752090.0,1333073.0,1333073.0,106512.0,106512.0,702119.0,702119.0,2559.0,2559.0,31000.0,31000.0,0.0,0.0,324220.0,324220.0,1594934.0,1594934.0
India,Tripura,16,"Financial Year (Apr - Mar), 2018",North East States,4300090.0,4300090.0,1421656.0,1421656.0,113464.0,113464.0,779163.0,779163.0,40.0,40.0,19308.0,19308.0,0.0,0.0,178206.0,178206.0,2486245.0,2486245.0
India,Tripura,16,"Financial Year (Apr - Mar), 2019",North East States,4211150.0,4211150.0,1442338.0,1442338.0,118258.0,118258.0,828821.0,828821.0,78106.0,78106.0,28498.0,28498.0,0.0,0.0,69589.0,69589.0,2220698.0,2220698.0
India,Meghalaya,17,"Financial Year (Apr - Mar), 2015",North East States,234.0,234.0,137.0,137.0,4.0,4.0,32.0,32.0,155.0,155.0,0.0,0.0,27.0,27.0,8.0,8.0,8.0,8.0
India,Meghalaya,17,"Financial Year (Apr - Mar), 2016",North East States,2511152.0,2511152.0,1450017.0,1450017.0,52681.0,52681.0,340345.0,340345.0,2129125.0,2129125.0,3550.0,3550.0,288816.0,288816.0,20193.0,20193.0,74778.0,74778.0
India,Meghalaya,17,"Financial Year (Apr - Mar), 2017",North East States,5446772.0,5446772.0,3446268.0,3446268.0,116655.0,116655.0,1208907.0,1208907.0,2934820.0,2934820.0,7462.0,7462.0,684659.0,684659.0,37391.0,37391.0,166709.0,166709.0
India,Meghalaya,17,"Financial Year (Apr - Mar), 2018",North East States,4586734.0,4586734.0,2260519.0,2260519.0,169055.0,169055.0,613418.0,613418.0,2411566.0,2411566.0,4990.0,4990.0,429842.0,429842.0,67841.0,67841.0,108654.0,108654.0
India,Meghalaya,17,"Financial Year (Apr - Mar), 2019",North East States,3117258.0,3117258.0,2229958.0,2229958.0,71004.0,71004.0,491883.0,491883.0,2143326.0,2143326.0,5070.0,5070.0,430386.0,430386.0,53403.0,53403.0,115885.0,115885.0
India,Assam,18,"Financial Year (Apr - Mar), 2015",EAG+1 States,292.0,292.0,1727.0,1727.0,411.0,411.0,180.0,180.0,28.0,28.0,3.0,3.0,170.0,170.0,14.0,14.0,37.0,37.0
India,Assam,18,"Financial Year (Apr - Mar), 2016",EAG+1 States,3319106.0,3319106.0,15941540.0,15941540.0,8232115.0,8232115.0,1770284.0,1770284.0,124564.0,124564.0,30736.0,30736.0,1953073.0,1953073.0,196515.0,196515.0,399837.0,399837.0
India,Assam,18,"Financial Year (Apr - Mar), 2017",EAG+1 States,3535706.0,3535706.0,29422825.0,29422825.0,6468514.0,6468514.0,1814153.0,1814153.0,151860.0,151860.0,48968.0,48968.0,2374524.0,2374524.0,162788.0,162788.0,437621.0,437621.0
India,Assam,18,"Financial Year (Apr - Mar), 2018",EAG+1 States,4007036.0,4007036.0,30948977.0,30948977.0,6388210.0,6388210.0,1789286.0,1789286.0,156055.0,156055.0,44975.0,44975.0,2469271.0,2469271.0,174044.0,174044.0,445262.0,445262.0
India,Assam,18,"Financial Year (Apr - Mar), 2019",EAG+1 States,4423527.0,4423527.0,35330211.0,35330211.0,8285289.0,8285289.0,1893122.0,1893122.0,139215.0,139215.0,44856.0,44856.0,2559654.0,2559654.0,190118.0,190118.0,476608.0,476608.0
India,West Bengal,19,"Financial Year (Apr - Mar), 2015",Major (Non EAG States),3910.0,3910.0,2429.0,2429.0,610.0,610.0,288.0,288.0,-2.0,-2.0,0.0,0.0,177.0,177.0,0.0,0.0,447.0,447.0
India,West Bengal,19,"Financial Year (Apr - Mar), 2016",Major (Non EAG States),35212844.0,35212844.0,25014709.0,25014709.0,8071542.0,8071542.0,7549897.0,7549897.0,117851.0,117851.0,0.0,0.0,1723279.0,1723279.0,0.0,0.0,4933225.0,4933225.0
India,West Bengal,19,"Financial Year (Apr - Mar), 2017",Major (Non EAG States),36418882.0,36418882.0,30477621.0,30477621.0,8332096.0,8332096.0,6390413.0,6390413.0,-268823.0,-268823.0,0.0,0.0,2046100.0,2046100.0,0.0,0.0,5162254.0,5162254.0
India,West Bengal,19,"Financial Year (Apr - Mar), 2018",Major (Non EAG States),39339221.0,39339221.0,34620084.0,34620084.0,12255697.0,12255697.0,2695219.0,2695219.0,-328204.0,-328204.0,0.0,0.0,2468227.0,2468227.0,0.0,0.0,5725981.0,5725981.0
India,West Bengal,19,"Financial Year (Apr - Mar), 2019",Major (Non EAG States),42610851.0,42610851.0,37218450.0,37218450.0,10890868.0,10890868.0,7083422.0,7083422.0,-14320.0,-14320.0,0.0,0.0,3157320.0,3157320.0,0.0,0.0,6441434.0,6441434.0
India,Jharkhand,20,"Financial Year (Apr - Mar), 2015",EAG+1 States,1466.0,1466.0,329.0,329.0,202.0,202.0,101.0,101.0,0.0,0.0,1.0,1.0,60.0,60.0,3.0,3.0,12.0,12.0
India,Jharkhand,20,"Financial Year (Apr - Mar), 2016",EAG+1 States,15532089.0,15532089.0,3632608.0,3632608.0,3745400.0,3745400.0,989425.0,989425.0,0.0,0.0,31354.0,31354.0,695601.0,695601.0,17323.0,17323.0,148574.0,148574.0
India,Jharkhand,20,"Financial Year (Apr - Mar), 2017",EAG+1 States,16113661.0,16113661.0,4013771.0,4013771.0,6224672.0,6224672.0,1171500.0,1171500.0,0.0,0.0,22496.0,22496.0,734985.0,734985.0,0.0,0.0,147969.0,147969.0
India,Jharkhand,20,"Financial Year (Apr - Mar), 2018",EAG+1 States,21836250.0,21836250.0,4239461.0,4239461.0,5463709.0,5463709.0,1111829.0,1111829.0,0.0,0.0,38975.0,38975.0,783150.0,783150.0,29966.0,29966.0,205680.0,205680.0
India,Jharkhand,20,"Financial Year (Apr - Mar), 2019",EAG+1 States,22816668.0,22816668.0,4069333.0,4069333.0,3307044.0,3307044.0,1157727.0,1157727.0,0.0,0.0,0.0,0.0,0.0,0.0,34105.0,34105.0,0.0,0.0
India,Odisha,21,"Financial Year (Apr - Mar), 2015",EAG+1 States,1388.0,1388.0,1489.0,1489.0,358.0,358.0,268.0,268.0,10.0,10.0,8.0,8.0,89.0,89.0,0.0,0.0,69.0,69.0
India,Odisha,21,"Financial Year (Apr - Mar), 2016",EAG+1 States,12582116.0,12582116.0,21880292.0,21880292.0,6994382.0,6994382.0,2476690.0,2476690.0,103100.0,103100.0,98267.0,98267.0,1776786.0,1776786.0,0.0,0.0,1380857.0,1380857.0
India,Odisha,21,"Financial Year (Apr - Mar), 2017",EAG+1 States,13890281.0,13890281.0,24282275.0,24282275.0,4416887.0,4416887.0,3037524.0,3037524.0,169280.0,169280.0,109840.0,109840.0,1922092.0,1922092.0,0.0,0.0,1442909.0,1442909.0
India,Odisha,21,"Financial Year (Apr - Mar), 2018",EAG+1 States,14713856.0,14713856.0,25277579.0,25277579.0,5234515.0,5234515.0,7824771.0,7824771.0,114333.0,114333.0,114661.0,114661.0,2076723.0,2076723.0,0.0,0.0,1676651.0,1676651.0
India,Odisha,21,"Financial Year (Apr - Mar), 2019",EAG+1 States,15750593.0,15750593.0,27930179.0,27930179.0,5697792.0,5697792.0,8305554.0,8305554.0,105725.0,105725.0,126511.0,126511.0,2322440.0,2322440.0,0.0,0.0,1614438.0,1614438.0
India,Chhattisgarh,22,"Financial Year (Apr - Mar), 2015",EAG+1 States,743.0,743.0,1465.0,1465.0,167.0,167.0,146.0,146.0,7.0,7.0,2.0,2.0,162.0,162.0,0.0,0.0,17.0,17.0
India,Chhattisgarh,22,"Financial Year (Apr - Mar), 2016",EAG+1 States,9220709.0,9220709.0,17877398.0,17877398.0,2108148.0,2108148.0,1712961.0,1712961.0,19089.0,19089.0,27508.0,27508.0,1780999.0,1780999.0,0.0,0.0,175865.0,175865.0
India,Chhattisgarh,22,"Financial Year (Apr - Mar), 2017",EAG+1 States,12057941.0,12057941.0,21522930.0,21522930.0,2292549.0,2292549.0,1891946.0,1891946.0,11529.0,11529.0,29900.0,29900.0,2073687.0,2073687.0,0.0,0.0,198440.0,198440.0
India,Chhattisgarh,22,"Financial Year (Apr - Mar), 2018",EAG+1 States,12002656.0,12002656.0,19014850.0,19014850.0,2404099.0,2404099.0,1775879.0,1775879.0,11748.0,11748.0,29418.0,29418.0,2141690.0,2141690.0,0.0,0.0,193349.0,193349.0
India,Chhattisgarh,22,"Financial Year (Apr - Mar), 2019",EAG+1 States,14542740.0,14542740.0,24032652.0,24032652.0,2852578.0,2852578.0,2667207.0,2667207.0,13540.0,13540.0,40295.0,40295.0,2417731.0,2417731.0,0.0,0.0,146599.0,146599.0
India,Madhya Pradesh,23,"Financial Year (Apr - Mar), 2015",EAG+1 States,3440.0,3440.0,871.0,871.0,289.0,289.0,398.0,398.0,74.0,74.0,17.0,17.0,0.0,0.0,0.0,0.0,364.0,364.0
India,Madhya Pradesh,23,"Financial Year (Apr - Mar), 2016",EAG+1 States,37050443.0,37050443.0,11423048.0,11423048.0,3624441.0,3624441.0,3199382.0,3199382.0,377010.0,377010.0,159620.0,159620.0,0.0,0.0,0.0,0.0,3568708.0,3568708.0
India,Madhya Pradesh,23,"Financial Year (Apr - Mar), 2017",EAG+1 States,44810635.0,44810635.0,17686387.0,17686387.0,4088536.0,4088536.0,3621223.0,3621223.0,248650.0,248650.0,194096.0,194096.0,0.0,0.0,0.0,0.0,3837960.0,3837960.0
India,Madhya Pradesh,23,"Financial Year (Apr - Mar), 2018",EAG+1 States,43835480.0,43835480.0,20157931.0,20157931.0,1722960.0,1722960.0,4163511.0,4163511.0,2607419.0,2607419.0,226979.0,226979.0,0.0,0.0,0.0,0.0,4670049.0,4670049.0
India,Madhya Pradesh,23,"Financial Year (Apr - Mar), 2019",EAG+1 States,60343651.0,60343651.0,19196464.0,19196464.0,2712170.0,2712170.0,4609052.0,4609052.0,3630959.0,3630959.0,245389.0,245389.0,0.0,0.0,0.0,0.0,5066662.0,5066662.0
India,Gujarat,24,"Financial Year (Apr - Mar), 2015",Major (Non EAG States),3034.0,3034.0,1213.0,1213.0,522.0,522.0,1466.0,1466.0,35.0,35.0,108.0,108.0,253.0,253.0,324.0,324.0,170.0,170.0
India,Gujarat,24,"Financial Year (Apr - Mar), 2016",Major (Non EAG States),32826254.0,32826254.0,12306523.0,12306523.0,6328431.0,6328431.0,14764759.0,14764759.0,251269.0,251269.0,899834.0,899834.0,1830620.0,1830620.0,5446724.0,5446724.0,2340885.0,2340885.0
India,Gujarat,24,"Financial Year (Apr - Mar), 2017",Major (Non EAG States),38251137.0,38251137.0,10817492.0,10817492.0,6937883.0,6937883.0,14850039.0,14850039.0,167818.0,167818.0,2013519.0,2013519.0,2710944.0,2710944.0,6495081.0,6495081.0,2911477.0,2911477.0
India,Gujarat,24,"Financial Year (Apr - Mar), 2018",Major (Non EAG States),44198416.0,44198416.0,13132241.0,13132241.0,7732755.0,7732755.0,16564661.0,16564661.0,73519.0,73519.0,1513553.0,1513553.0,3330100.0,3330100.0,10547680.0,10547680.0,2744561.0,2744561.0
India,Gujarat,24,"Financial Year (Apr - Mar), 2019",Major (Non EAG States),38761054.0,38761054.0,11806439.0,11806439.0,8418689.0,8418689.0,18493113.0,18493113.0,68302.0,68302.0,1587742.0,1587742.0,3768834.0,3768834.0,15695539.0,15695539.0,4234497.0,4234497.0
India,Maharashtra,27,"Financial Year (Apr - Mar), 2015",Major (Non EAG States),3418.0,3418.0,558.0,558.0,813.0,813.0,4567.0,4567.0,7.0,7.0,17.0,17.0,472.0,472.0,65.0,65.0,92.0,92.0
India,Maharashtra,27,"Financial Year (Apr - Mar), 2016",Major (Non EAG States),36271242.0,36271242.0,5603558.0,5603558.0,9138832.0,9138832.0,49337851.0,49337851.0,36123.0,36123.0,138044.0,138044.0,4938487.0,4938487.0,673622.0,673622.0,1100317.0,1100317.0
India,Maharashtra,27,"Financial Year (Apr - Mar), 2017",Major (Non EAG States),43399175.0,43399175.0,6445365.0,6445365.0,9419183.0,9419183.0,53957887.0,53957887.0,299660.0,299660.0,128609.0,128609.0,5004558.0,5004558.0,1710945.0,1710945.0,1380347.0,1380347.0
India,Maharashtra,27,"Financial Year (Apr - Mar), 2018",Major (Non EAG States),48928218.0,48928218.0,8670985.0,8670985.0,10791274.0,10791274.0,52102997.0,52102997.0,142463.0,142463.0,162852.0,162852.0,5384898.0,5384898.0,1536102.0,1536102.0,2340409.0,2340409.0
India,Maharashtra,27,"Financial Year (Apr - Mar), 2019",Major (Non EAG States),46457427.0,46457427.0,11728905.0,11728905.0,13211502.0,13211502.0,64151913.0,64151913.0,158528.0,158528.0,130950.0,130950.0,6707607.0,6707607.0,2175527.0,2175527.0,2198946.0,2198946.0
India,Andhra Pradesh,28,"Financial Year (Apr - Mar), 2015",Major (Non EAG States),2007.0,2007.0,888.0,888.0,373.0,373.0,343.0,343.0,243.0,243.0,0.0,0.0,175.0,175.0,48.0,48.0,1131.0,1131.0
India,Andhra Pradesh,28,"Financial Year (Apr - Mar), 2016",Major (Non EAG States),29512718.0,29512718.0,9568798.0,9568798.0,4676291.0,4676291.0,4459904.0,4459904.0,2661320.0,2661320.0,0.0,0.0,2163170.0,2163170.0,863804.0,863804.0,10471315.0,10471315.0
India,Andhra Pradesh,28,"Financial Year (Apr - Mar), 2017",Major (Non EAG States),25855013.0,25855013.0,8586905.0,8586905.0,5099904.0,5099904.0,4306682.0,4306682.0,2661869.0,2661869.0,0.0,0.0,2258592.0,2258592.0,1284854.0,1284854.0,13831358.0,13831358.0
India,Andhra Pradesh,28,"Financial Year (Apr - Mar), 2018",Major (Non EAG States),30207517.0,30207517.0,8540210.0,8540210.0,7935735.0,7935735.0,4140865.0,4140865.0,3058760.0,3058760.0,0.0,0.0,2345259.0,2345259.0,1501097.0,1501097.0,16271616.0,16271616.0
India,Andhra Pradesh,28,"Financial Year (Apr - Mar), 2019",Major (Non EAG States),33320052.0,33320052.0,8412239.0,8412239.0,5918455.0,5918455.0,4286051.0,4286051.0,1853606.0,1853606.0,0.0,0.0,2467540.0,2467540.0,2263639.0,2263639.0,16862122.0,16862122.0
India,Karnataka,29,"Financial Year (Apr - Mar), 2015",Major (Non EAG States),1433.0,1433.0,1204.0,1204.0,1160.0,1160.0,455.0,455.0,941.0,941.0,14.0,14.0,0.0,0.0,64.0,64.0,559.0,559.0
India,Karnataka,29,"Financial Year (Apr - Mar), 2016",Major (Non EAG States),15666910.0,15666910.0,14799016.0,14799016.0,13157981.0,13157981.0,3985867.0,3985867.0,14933941.0,14933941.0,115750.0,115750.0,0.0,0.0,776031.0,776031.0,5393310.0,5393310.0
India,Karnataka,29,"Financial Year (Apr - Mar), 2017",Major (Non EAG States),18473012.0,18473012.0,20433185.0,20433185.0,14420939.0,14420939.0,3427501.0,3427501.0,18109364.0,18109364.0,121026.0,121026.0,0.0,0.0,1311350.0,1311350.0,4873018.0,4873018.0
India,Karnataka,29,"Financial Year (Apr - Mar), 2018",Major (Non EAG States),18866254.0,18866254.0,21381769.0,21381769.0,19122399.0,19122399.0,3401651.0,3401651.0,24281464.0,24281464.0,132624.0,132624.0,0.0,0.0,1766598.0,1766598.0,5819570.0,5819570.0
India,Karnataka,29,"Financial Year (Apr - Mar), 2019",Major (Non EAG States),19043407.0,19043407.0,20705324.0,20705324.0,21299218.0,21299218.0,4323011.0,4323011.0,18070365.0,18070365.0,160593.0,160593.0,0.0,0.0,1988374.0,1988374.0,6014592.0,6014592.0
India,Goa,30,"Financial Year (Apr - Mar), 2015",Major (Non EAG States),289.0,289.0,103.0,103.0,88.0,88.0,50.0,50.0,31.0,31.0,0.0,0.0,10.0,10.0,0.0,0.0,2.0,2.0
India,Goa,30,"Financial Year (Apr - Mar), 2016",Major (Non EAG States),3471770.0,3471770.0,1028505.0,1028505.0,967164.0,967164.0,368072.0,368072.0,736357.0,736357.0,0.0,0.0,103838.0,103838.0,0.0,0.0,22338.0,22338.0
India,Goa,30,"Financial Year (Apr - Mar), 2017",Major (Non EAG States),4616274.0,4616274.0,1575767.0,1575767.0,1008382.0,1008382.0,639634.0,639634.0,1226743.0,1226743.0,0.0,0.0,120471.0,120471.0,0.0,0.0,33898.0,33898.0
India,Goa,30,"Financial Year (Apr - Mar), 2018",Major (Non EAG States),4688759.0,4688759.0,1982221.0,1982221.0,1370058.0,1370058.0,487223.0,487223.0,867907.0,867907.0,0.0,0.0,108722.0,108722.0,0.0,0.0,29007.0,29007.0
India,Goa,30,"Financial Year (Apr - Mar), 2019",Major (Non EAG States),5067431.0,5067431.0,2452005.0,2452005.0,1563501.0,1563501.0,803682.0,803682.0,934203.0,934203.0,0.0,0.0,125645.0,125645.0,0.0,0.0,27125.0,27125.0
India,Kerala,32,"Financial Year (Apr - Mar), 2015",Major (Non EAG States),1700.0,1700.0,706.0,706.0,980.0,980.0,728.0,728.0,221.0,221.0,0.0,0.0,372.0,372.0,0.0,0.0,64.0,64.0
India,Kerala,32,"Financial Year (Apr - Mar), 2016",Major (Non EAG States),20763575.0,20763575.0,8372351.0,8372351.0,12322253.0,12322253.0,9889631.0,9889631.0,3407704.0,3407704.0,0.0,0.0,4390738.0,4390738.0,0.0,0.0,729467.0,729467.0
India,Kerala,32,"Financial Year (Apr - Mar), 2017",Major (Non EAG States),23964333.0,23964333.0,9967210.0,9967210.0,12660119.0,12660119.0,9748828.0,9748828.0,2725965.0,2725965.0,0.0,0.0,4909299.0,4909299.0,0.0,0.0,842206.0,842206.0
India,Kerala,32,"Financial Year (Apr - Mar), 2018",Major (Non EAG States),24125195.0,24125195.0,10115870.0,10115870.0,15966299.0,15966299.0,10986819.0,10986819.0,4115915.0,4115915.0,0.0,0.0,4851653.0,4851653.0,0.0,0.0,823807.0,823807.0
India,Kerala,32,"Financial Year (Apr - Mar), 2019",Major (Non EAG States),24125670.0,24125670.0,10080331.0,10080331.0,14720777.0,14720777.0,17868865.0,17868865.0,3070894.0,3070894.0,0.0,0.0,4728509.0,4728509.0,0.0,0.0,793106.0,793106.0
India,Tamil Nadu,33,"Financial Year (Apr - Mar), 2015",Major (Non EAG States),2708.0,2708.0,923.0,923.0,863.0,863.0,489.0,489.0,1250.0,1250.0,75.0,75.0,347.0,347.0,1179.0,1179.0,510.0,510.0
India,Tamil Nadu,33,"Financial Year (Apr - Mar), 2016",Major (Non EAG States),31828082.0,31828082.0,9486183.0,9486183.0,9689160.0,9689160.0,4982816.0,4982816.0,11555554.0,11555554.0,753024.0,753024.0,3735387.0,3735387.0,8919434.0,8919434.0,5458936.0,5458936.0
India,Tamil Nadu,33,"Financial Year (Apr - Mar), 2017",Major (Non EAG States),36054129.0,36054129.0,10405610.0,10405610.0,11669384.0,11669384.0,5430703.0,5430703.0,19209929.0,19209929.0,753137.0,753137.0,4135544.0,4135544.0,11733785.0,11733785.0,4970327.0,4970327.0
India,Tamil Nadu,33,"Financial Year (Apr - Mar), 2018",Major (Non EAG States),43810453.0,43810453.0,12266473.0,12266473.0,14461707.0,14461707.0,6053778.0,6053778.0,15888667.0,15888667.0,802997.0,802997.0,4664280.0,4664280.0,20002316.0,20002316.0,6936117.0,6936117.0
India,Tamil Nadu,33,"Financial Year (Apr - Mar), 2019",Major (Non EAG States),43881323.0,43881323.0,13801215.0,13801215.0,16000357.0,16000357.0,6247199.0,6247199.0,13471183.0,13471183.0,824278.0,824278.0,4819781.0,4819781.0,17828823.0,17828823.0,6334170.0,6334170.0
India,Puducherry,34,"Financial Year (Apr - Mar), 2015",Union Territories,282.0,282.0,41.0,41.0,108.0,108.0,25.0,25.0,25.0,25.0,0.0,0.0,4.0,4.0,0.0,0.0,3.0,3.0
India,Puducherry,34,"Financial Year (Apr - Mar), 2016",Union Territories,2781914.0,2781914.0,429936.0,429936.0,981813.0,981813.0,275629.0,275629.0,351213.0,351213.0,0.0,0.0,50342.0,50342.0,0.0,0.0,33000.0,33000.0
India,Puducherry,34,"Financial Year (Apr - Mar), 2017",Union Territories,2936069.0,2936069.0,463264.0,463264.0,863806.0,863806.0,304487.0,304487.0,383441.0,383441.0,0.0,0.0,55563.0,55563.0,0.0,0.0,35901.0,35901.0
India,Puducherry,34,"Financial Year (Apr - Mar), 2018",Union Territories,3249662.0,3249662.0,503393.0,503393.0,1023605.0,1023605.0,318666.0,318666.0,574296.0,574296.0,0.0,0.0,56915.0,56915.0,0.0,0.0,68155.0,68155.0
India,Puducherry,34,"Financial Year (Apr - Mar), 2019",Union Territories,3571977.0,3571977.0,530982.0,530982.0,1053010.0,1053010.0,336624.0,336624.0,1697454.0,1697454.0,0.0,0.0,60957.0,60957.0,0.0,0.0,68669.0,68669.0
India,Andaman And Nicobar Islands,35,"Financial Year (Apr - Mar), 2015",Union Territories,,,,,,,,,,,,,,,,,,
India,Andaman And Nicobar Islands,35,"Financial Year (Apr - Mar), 2016",Union Territories,,,,,,,,,,,,,,,,,,
India,Andaman And Nicobar Islands,35,"Financial Year (Apr - Mar), 2017",Union Territories,,,,,,,,,,,,,,,,,,
India,Andaman And Nicobar Islands,35,"Financial Year (Apr - Mar), 2018",Union Territories,,,,,,,,,,,,,,,,,,
India,Andaman And Nicobar Islands,35,"Financial Year (Apr - Mar), 2019",Union Territories,,,,,,,,,,,,,,,,,,
India,Telangana,36,"Financial Year (Apr - Mar), 2015",Major (Non EAG States),2066.0,2066.0,495.0,495.0,242.0,242.0,261.0,261.0,120.0,120.0,0.0,0.0,85.0,85.0,45.0,45.0,445.0,445.0
India,Telangana,36,"Financial Year (Apr - Mar), 2016",Major (Non EAG States),26192202.0,26192202.0,5087573.0,5087573.0,2733549.0,2733549.0,2901662.0,2901662.0,17696.0,17696.0,0.0,0.0,91910.0,91910.0,545467.0,545467.0,11826579.0,11826579.0
India,Telangana,36,"Financial Year (Apr - Mar), 2017",Major (Non EAG States),22568912.0,22568912.0,5126335.0,5126335.0,2741772.0,2741772.0,2999512.0,2999512.0,3267691.0,3267691.0,0.0,0.0,936090.0,936090.0,1976360.0,1976360.0,10690999.0,10690999.0
India,Telangana,36,"Financial Year (Apr - Mar), 2018",Major (Non EAG States),25921115.0,25921115.0,5941215.0,5941215.0,4454237.0,4454237.0,3914995.0,3914995.0,744980.0,744980.0,0.0,0.0,1019551.0,1019551.0,2457639.0,2457639.0,9299983.0,9299983.0
India,Telangana,36,"Financial Year (Apr - Mar), 2019",Major (Non EAG States),25844112.0,25844112.0,5070395.0,5070395.0,4297441.0,4297441.0,5954078.0,5954078.0,780122.0,780122.0,0.0,0.0,1029321.0,1029321.0,4462653.0,4462653.0,14380661.0,14380661.0
India,Ladakh,37,"Financial Year (Apr - Mar), 2015",Major (Non EAG States),6.9119122245,6.9119122245,20.1014156149,20.1014156149,12.1177195328,12.1177195328,1.6404854963,1.6404854963,0.0,0.0,0.0,0.0,0.3718433792,0.3718433792,0.0,0.0,0.9405450179,0.9405450179
India,Ladakh,37,"Financial Year (Apr - Mar), 2016",Major (Non EAG States),172269.3942976997,172269.3942976997,100828.8757096496,100828.8757096496,122141.1008597135,122141.1008597135,14543.8663430567,14543.8663430567,0.0,0.0,0.0,0.0,3988.5014506389,3988.5014506389,0.0,0.0,1384.4822663364,1384.4822663364
India,Ladakh,37,"Financial Year (Apr - Mar), 2017",Major (Non EAG States),186031.6677308885,186031.6677308885,115883.2173928819,115883.2173928819,129029.6306976113,129029.6306976113,16047.5353489859,16047.5353489859,0.0,0.0,0.0,0.0,4293.7629917946,4293.7629917946,0.0,0.0,1240.2289083598,1240.2289083598
India,Ladakh,37,"Financial Year (Apr - Mar), 2018",Major (Non EAG States),183251.3510385812,183251.3510385812,117105.444707062,117105.444707062,100579.6750261882,100579.6750261882,7894.5849099425,7894.5849099425,0.0,0.0,0.0,0.0,0.0,0.0,0.0,0.0,0.0,0.0
India,Ladakh,37,"Financial Year (Apr - Mar), 2019",Major (Non EAG States),150204.0550659841,150204.0550659841,137140.497215389,137140.497215389,103796.2077485376,103796.2077485376,13731.0385893388,13731.0385893388,0.0,0.0,0.0,0.0,0.0,0.0,0.0,0.0,0.0,0.0
India,The Dadra And Nagar Haveli And Daman And Diu,38,"Financial Year (Apr - Mar), 2015",Union Territories,,,,,,,,,,,,,,,,,,
India,The Dadra And Nagar Haveli And Daman And Diu,38,"Financial Year (Apr - Mar), 2016",Union Territories,,,,,,,,,,,,,,,,,,
India,The Dadra And Nagar Haveli And Daman And Diu,38,"Financial Year (Apr - Mar), 2017",Union Territories,,,,,,,,,,,,,,,,,,
India,The Dadra And Nagar Haveli And Daman And Diu,38,"Financial Year (Apr - Mar), 2018",Union Territories,,,,,,,,,,,,,,,,,,
India,The Dadra And Nagar Haveli And Daman And Diu,38,"Financial Year (Apr - Mar), 2019",Union Territories,,,,,,,,,,,,,,,,,,
