Country,StateName,StateCode,Year,Number_of_new_cases_notified_of_Tuberculosis_sum,Number_of_new_cases_notified_of_Tuberculosis_avg,Number_of_cases_previously_treated_notified_of_Tuberculosis_sum,Number_of_cases_previously_treated_notified_of_Tuberculosis_avg,Number_of_Programmatic_Management_of_Drug-resistant_Tuberculosis_PMDT_cases_notified_of_Tuberculosis_sum,Number_of_Programmatic_Management_of_Drug-resistant_Tuberculosis_PMDT_cases_notified_of_Tuberculosis_avg,Number_of_notified_Tuberculosis_patients_with_site_of_disease_as_pulmonary_sum,Number_of_notified_Tuberculosis_patients_with_site_of_disease_as_pulmonary_avg,Number_of_notified_Tuberculosis_patients_with_site_of_disease_as_extra_pulmonary_sum,Number_of_notified_Tuberculosis_patients_with_site_of_disease_as_extra_pulmonary_avg,Number_of_notified_Tuberculosis_patients_underwent_a_diagnostic_test_through_microscopy_sum,Number_of_notified_Tuberculosis_patients_underwent_a_diagnostic_test_through_microscopy_avg,Number_of_notified_Tuberculosis_patients_underwent_a_diagnostic_test_through_molecualr_tests_sum,Number_of_notified_Tuberculosis_patients_underwent_a_diagnostic_test_through_molecualr_tests_avg,Number_of_notified_Tuberculosis_patients_underwent_a_diagnostic_test_through_chest_X_ray_sum,Number_of_notified_Tuberculosis_patients_underwent_a_diagnostic_test_through_chest_X_ray_avg,Others_sum,Others_avg,Percentage_of_new_cases_notified_of_Tuberculosis_sum,Percentage_of_new_cases_notified_of_Tuberculosis_avg,Percentage_of_previously_treated_cases_notified_as_Tuberculosis_sum,Percentage_of_previously_treated_cases_notified_as_Tuberculosis_avg,Percentage_of_Programmatic_Management_of_Drug-resistant_Tuberculosis_PMDT_cases_notified_of_Tuberculosis_sum,Percentage_of_Programmatic_Management_of_Drug-resistant_Tuberculosis_PMDT_cases_notified_of_Tuberculosis_avg,Percentage_of_site_of_disease_as_pulmonary_sum,Percentage_of_site_of_disease_as_pulmonary_avg,Percentage_of_site_of_disease_as_extra_pulmonary_sum,Percentage_of_site_of_disease_as_extra_pulmonary_avg,Percentage_of_notified_Tuberculosis_patients_underwent_a_diagnostic_test_through_microscopy_sum,Percentage_of_notified_Tuberculosis_patients_underwent_a_diagnostic_test_through_microscopy_avg,Percentage_of_diagnostic_test_through_molecular_tests_sum,Percentage_of_diagnostic_test_through_molecular_tests_avg,Percentage_of_diagnostic_test_through_chest_X_ray_sum,Percentage_of_diagnostic_test_through_chest_X_ray_avg,Percentage_of_others_sum,Percentage_of_others_avg,Number_of_Drug_Resistant_Tuberculosis_DRTB_cases_sum,Number_of_Drug_Resistant_Tuberculosis_DRTB_cases_avg,Basis_of_diagnosis_was_bacteriologically_confirmed_sum,Basis_of_diagnosis_was_bacteriologically_confirmed_avg,Basis_of_diagnosis_as_clinically_diagnosed_sum,Basis_of_diagnosis_as_clinically_diagnosed_avg,Percentage_of_Drug_Resistant_Tuberculosis_DRTB_cases_notified_sum,Percentage_of_Drug_Resistant_Tuberculosis_DRTB_cases_notified_avg,Percentage_of_cases_on_basis_of_diagnosis_was_bacteriologically_confirmed_sum,Percentage_of_cases_on_basis_of_diagnosis_was_bacteriologically_confirmed_avg,Percentage_of_cases_on_basis_of_diagnosis_as_clinically_diagnosed_sum,Percentage_of_cases_on_basis_of_diagnosis_as_clinically_diagnosed_avg,Number_of_male_Tubercluosis_patients_sum,Number_of_male_Tubercluosis_patients_avg,Number_of_female_patients_sum,Number_of_female_patients_avg,Number_of_transgender_Tubercluosis_patients_sum,Number_of_transgender_Tubercluosis_patients_avg
India,Jammu And Kashmir,1,"Calendar Year (Jan - Dec), 2020",10373.03535082,10373.03535082,1080.8301803542,1080.8301803542,,,6845.9098934832,6845.9098934832,4754.6746666984,4754.6746666984,,,,,,,,,,,,,,,,,,,,,,,,,,,,,5878.5424288947,5878.5424288947,5722.0421312868,5722.0421312868,,,,,,,6773.5285058396,6773.5285058396,4801.6247559807,4801.6247559807,25.4312983613,25.4312983613
India,Jammu And Kashmir,1,"Calendar Year (Jan - Dec), 2021",7763.0,7763.0,953.0,953.0,,,5214.0,5214.0,3616.0,3616.0,2435.0,2435.0,1899.0,1899.0,1662.0,1662.0,2834.0,2834.0,89.0,89.0,11.0,11.0,,,59.0,59.0,41.0,41.0,28.0,28.0,22.0,22.0,19.0,19.0,32.0,32.0,,,4345.0,4345.0,4485.0,4485.0,,,49.0,49.0,51.0,51.0,,,,,,
India,Jammu And Kashmir,1,"Calendar Year (Jan - Dec), 2022",9555.0,9555.0,1158.0,1158.0,,,6359.0,6359.0,4467.0,4467.0,2966.0,2966.0,2485.0,2485.0,1873.0,1873.0,3502.0,3502.0,88.3,88.3,10.7,10.7,,,59.0,59.0,41.0,41.0,27.0,27.0,23.0,23.0,17.0,17.0,32.0,32.0,113.0,113.0,5459.0,5459.0,5367.0,5367.0,1.0,1.0,50.0,50.0,50.0,50.0,,,,,,
India,Jammu And Kashmir,1,"Calendar Year (Jan - Dec), 2023",10536.0,10536.0,1111.0,1111.0,157.0,157.0,7485.0,7485.0,4319.0,4319.0,2492.0,2492.0,3203.0,3203.0,2070.0,2070.0,6531.0,6531.0,89.3,89.3,9.4,9.4,1.3,1.3,63.4,63.4,36.6,36.6,17.4,17.4,22.4,22.4,14.5,14.5,45.7,45.7,,,,,,,,,,,,,,,,,,
India,Jammu And Kashmir,1,"Calendar Year (Jan - Dec), 2024",10037.0,10037.0,1717.0,1717.0,,,7687.0,7687.0,4067.0,4067.0,,,,,,,,,85.0,85.0,15.0,15.0,,,65.4,65.4,34.6,34.6,,,,,,,,,,,7827.0,7827.0,3927.0,3927.0,,,66.6,66.6,33.4,33.4,,,,,,
India,Himachal Pradesh,2,"Calendar Year (Jan - Dec), 2020",14854.0,14854.0,2099.0,2099.0,,,11375.0,11375.0,6071.0,6071.0,,,,,,,,,,,,,,,,,,,,,,,,,,,,,11701.0,11701.0,5745.0,5745.0,,,,,,,11005.0,11005.0,6421.0,6421.0,20.0,20.0
India,Himachal Pradesh,2,"Calendar Year (Jan - Dec), 2021",11269.0,11269.0,1745.0,1745.0,,,8530.0,8530.0,4894.0,4894.0,4393.0,4393.0,4649.0,4649.0,1178.0,1178.0,3204.0,3204.0,87.0,87.0,13.0,13.0,,,64.0,64.0,36.0,36.0,33.0,33.0,35.0,35.0,9.0,9.0,24.0,24.0,,,9071.0,9071.0,4353.0,4353.0,,,68.0,68.0,32.0,32.0,,,,,,
India,Himachal Pradesh,2,"Calendar Year (Jan - Dec), 2022",12279.0,12279.0,1845.0,1845.0,,,9495.0,9495.0,4997.0,4997.0,5015.0,5015.0,4918.0,4918.0,978.0,978.0,3581.0,3581.0,84.7,84.7,12.7,12.7,,,66.0,66.0,34.0,34.0,35.0,35.0,34.0,34.0,7.0,7.0,25.0,25.0,368.0,368.0,9957.0,9957.0,4535.0,4535.0,2.5,2.5,69.0,69.0,31.0,31.0,,,,,,
India,Himachal Pradesh,2,"Calendar Year (Jan - Dec), 2023",13943.0,13943.0,1760.0,1760.0,386.0,386.0,11042.0,11042.0,5047.0,5047.0,5092.0,5092.0,5567.0,5567.0,1069.0,1069.0,9453.0,9453.0,86.7,86.7,10.9,10.9,2.4,2.4,68.6,68.6,31.4,31.4,24.0,24.0,26.3,26.3,5.0,5.0,44.6,44.6,,,,,,,,,,,,,,,,,,
India,Himachal Pradesh,2,"Calendar Year (Jan - Dec), 2024",13434.0,13434.0,2214.0,2214.0,,,10547.0,10547.0,5101.0,5101.0,,,,,,,,,86.0,86.0,14.0,14.0,,,67.4,67.4,32.6,32.6,,,,,,,,,,,11162.0,11162.0,4486.0,4486.0,,,71.3,71.3,28.7,28.7,,,,,,
India,Punjab,3,"Calendar Year (Jan - Dec), 2020",50841.0,50841.0,6220.0,6220.0,,,41171.0,41171.0,17033.0,17033.0,,,,,,,,,,,,,,,,,,,,,,,,,,,,,31784.0,31784.0,26420.0,26420.0,,,,,,,33811.0,33811.0,24315.0,24315.0,78.0,78.0
India,Punjab,3,"Calendar Year (Jan - Dec), 2021",40230.0,40230.0,5103.0,5103.0,,,31578.0,31578.0,14620.0,14620.0,13662.0,13662.0,12562.0,12562.0,9672.0,9672.0,10302.0,10302.0,89.0,89.0,11.0,11.0,,,68.0,68.0,32.0,32.0,30.0,30.0,27.0,27.0,21.0,21.0,22.0,22.0,,,26309.0,26309.0,19889.0,19889.0,,,57.0,57.0,43.0,43.0,,,,,,
India,Punjab,3,"Calendar Year (Jan - Dec), 2022",44311.0,44311.0,5005.0,5005.0,,,33800.0,33800.0,16342.0,16342.0,13958.0,13958.0,12025.0,12025.0,11842.0,11842.0,12317.0,12317.0,88.4,88.4,10.0,10.0,,,67.0,67.0,33.0,33.0,28.0,28.0,24.0,24.0,24.0,24.0,25.0,25.0,826.0,826.0,26095.0,26095.0,24047.0,24047.0,1.6,1.6,52.0,52.0,48.0,48.0,,,,,,
India,Punjab,3,"Calendar Year (Jan - Dec), 2023",49022.0,49022.0,5394.0,5394.0,734.0,734.0,40593.0,40593.0,14557.0,14557.0,16371.0,16371.0,12681.0,12681.0,12265.0,12265.0,30204.0,30204.0,88.9,88.9,9.8,9.8,1.3,1.3,73.6,73.6,26.4,26.4,22.9,22.9,17.7,17.7,17.1,17.1,42.2,42.2,,,,,,,,,,,,,,,,,,
India,Punjab,3,"Calendar Year (Jan - Dec), 2024",45170.0,45170.0,10054.0,10054.0,,,41238.0,41238.0,13986.0,13986.0,,,,,,,,,82.0,82.0,18.0,18.0,,,74.7,74.7,25.3,25.3,,,,,,,,,,,33245.0,33245.0,21979.0,21979.0,,,60.2,60.2,39.8,39.8,,,,,,
India,Chandigarh,4,"Calendar Year (Jan - Dec), 2020",6111.0,6111.0,799.0,799.0,,,3266.0,3266.0,3760.0,3760.0,,,,,,,,,,,,,,,,,,,,,,,,,,,,,3075.0,3075.0,3951.0,3951.0,,,,,,,3975.0,3975.0,3036.0,3036.0,15.0,15.0
India,Chandigarh,4,"Calendar Year (Jan - Dec), 2021",3722.0,3722.0,478.0,478.0,,,2029.0,2029.0,2265.0,2265.0,1347.0,1347.0,610.0,610.0,338.0,338.0,1999.0,1999.0,89.0,89.0,11.0,11.0,,,47.0,47.0,53.0,53.0,31.0,31.0,14.0,14.0,8.0,8.0,47.0,47.0,,,1972.0,1972.0,2322.0,2322.0,,,46.0,46.0,54.0,54.0,,,,,,
India,Chandigarh,4,"Calendar Year (Jan - Dec), 2022",4013.0,4013.0,587.0,587.0,,,2394.0,2394.0,2326.0,2326.0,1515.0,1515.0,718.0,718.0,381.0,381.0,2106.0,2106.0,85.0,85.0,12.4,12.4,,,51.0,51.0,49.0,49.0,32.0,32.0,15.0,15.0,8.0,8.0,45.0,45.0,120.0,120.0,2243.0,2243.0,2477.0,2477.0,2.5,2.5,48.0,48.0,52.0,52.0,,,,,,
India,Chandigarh,4,"Calendar Year (Jan - Dec), 2023",5380.0,5380.0,563.0,563.0,123.0,123.0,3276.0,3276.0,2790.0,2790.0,1412.0,1412.0,1572.0,1572.0,337.0,337.0,4157.0,4157.0,88.7,88.7,9.3,9.3,2.0,2.0,54.0,54.0,46.0,46.0,18.9,18.9,21.0,21.0,4.5,4.5,55.6,55.6,,,,,,,,,,,,,,,,,,
India,Chandigarh,4,"Calendar Year (Jan - Dec), 2024",5343.0,5343.0,1378.0,1378.0,,,3874.0,3874.0,2847.0,2847.0,,,,,,,,,79.0,79.0,21.0,21.0,,,57.6,57.6,42.4,42.4,,,,,,,,,,,4528.0,4528.0,2193.0,2193.0,,,67.4,67.4,32.6,32.6,,,,,,
India,Uttarakhand,5,"Calendar Year (Jan - Dec), 2020",22870.0,22870.0,2616.0,2616.0,,,17930.0,17930.0,8130.0,8130.0,,,,,,,,,,,,,,,,,,,,,,,,,,,,,11825.0,11825.0,14235.0,14235.0,,,,,,,15394.0,15394.0,10636.0,10636.0,30.0,30.0
India,Uttarakhand,5,"Calendar Year (Jan - Dec), 2021",17383.0,17383.0,2048.0,2048.0,,,14012.0,14012.0,5988.0,5988.0,6658.0,6658.0,1711.0,1711.0,7673.0,7673.0,3958.0,3958.0,89.0,89.0,11.0,11.0,,,70.0,70.0,30.0,30.0,33.0,33.0,9.0,9.0,38.0,38.0,20.0,20.0,,,8415.0,8415.0,11585.0,11585.0,,,42.0,42.0,58.0,58.0,,,,,,
India,Uttarakhand,5,"Calendar Year (Jan - Dec), 2022",19924.0,19924.0,2360.0,2360.0,,,16508.0,16508.0,6281.0,6281.0,6311.0,6311.0,3872.0,3872.0,8054.0,8054.0,4552.0,4552.0,87.4,87.4,10.4,10.4,,,72.0,72.0,28.0,28.0,28.0,28.0,17.0,17.0,35.0,35.0,20.0,20.0,505.0,505.0,10260.0,10260.0,12529.0,12529.0,2.2,2.2,45.0,45.0,55.0,55.0,,,,,,
India,Uttarakhand,5,"Calendar Year (Jan - Dec), 2024",23230.0,23230.0,3599.0,3599.0,,,19174.0,19174.0,7655.0,7655.0,,,,,,,,,87.0,87.0,13.0,13.0,,,71.5,71.5,28.5,28.5,,,,,,,,,,,13569.0,13569.0,13260.0,13260.0,,,50.6,50.6,49.4,49.4,,,,,,
India,Haryana,6,"Calendar Year (Jan - Dec), 2020",63473.0,63473.0,9030.0,9030.0,,,51035.0,51035.0,22962.0,22962.0,,,,,,,,,,,,,,,,,,,,,,,,,,,,,41858.0,41858.0,32139.0,32139.0,,,,,,,45587.0,45587.0,28330.0,28330.0,80.0,80.0
India,Haryana,6,"Calendar Year (Jan - Dec), 2021",53763.0,53763.0,7586.0,7586.0,,,41949.0,41949.0,20748.0,20748.0,15019.0,15019.0,19798.0,19798.0,12609.0,12609.0,15271.0,15271.0,88.0,88.0,12.0,12.0,,,67.0,67.0,33.0,33.0,24.0,24.0,32.0,32.0,20.0,20.0,24.0,24.0,,,35210.0,35210.0,27487.0,27487.0,,,56.0,56.0,44.0,44.0,,,,,,
India,Haryana,6,"Calendar Year (Jan - Dec), 2022",59461.0,59461.0,8223.0,8223.0,,,47042.0,47042.0,22041.0,22041.0,16119.0,16119.0,22639.0,22639.0,12778.0,12778.0,17547.0,17547.0,86.1,86.1,11.9,11.9,,,68.0,68.0,32.0,32.0,23.0,23.0,33.0,33.0,18.0,18.0,25.0,25.0,1399.0,1399.0,38979.0,38979.0,30104.0,30104.0,2.0,2.0,56.0,56.0,44.0,44.0,,,,,,
India,Haryana,6,"Calendar Year (Jan - Dec), 2023",65939.0,65939.0,8233.0,8233.0,1666.0,1666.0,55872.0,55872.0,19966.0,19966.0,17642.0,17642.0,23526.0,23526.0,13342.0,13342.0,38970.0,38970.0,86.9,86.9,10.9,10.9,2.2,2.2,73.7,73.7,26.3,26.3,18.9,18.9,25.2,25.2,14.3,14.3,41.7,41.7,,,,,,,,,,,,,,,,,,
India,Haryana,6,"Calendar Year (Jan - Dec), 2024",66503.0,66503.0,13987.0,13987.0,,,60597.0,60597.0,19893.0,19893.0,,,,,,,,,83.0,83.0,17.0,17.0,,,75.3,75.3,24.7,24.7,,,,,,,,,,,54048.0,54048.0,26442.0,26442.0,,,67.1,67.1,32.9,32.9,,,,,,
India,Delhi,7,"Calendar Year (Jan - Dec), 2020",91835.0,91835.0,12405.0,12405.0,,,49512.0,49512.0,58470.0,58470.0,,,,,,,,,,,,,,,,,,,,,,,,,,,,,50676.0,50676.0,57306.0,57306.0,,,,,,,57778.0,57778.0,50108.0,50108.0,96.0,96.0
India,Delhi,7,"Calendar Year (Jan - Dec), 2021",73725.0,73725.0,9721.0,9721.0,,,40239.0,40239.0,46603.0,46603.0,18050.0,18050.0,27128.0,27128.0,16984.0,16984.0,24680.0,24680.0,88.0,88.0,12.0,12.0,,,46.0,46.0,54.0,54.0,21.0,21.0,31.0,31.0,20.0,20.0,28.0,28.0,,,46420.0,46420.0,40422.0,40422.0,,,53.0,53.0,47.0,47.0,,,,,,
India,Delhi,7,"Calendar Year (Jan - Dec), 2022",88334.0,88334.0,11374.0,11374.0,,,46741.0,46741.0,56297.0,56297.0,25682.0,25682.0,26988.0,26988.0,20864.0,20864.0,29504.0,29504.0,85.7,85.7,11.0,11.0,,,45.0,45.0,55.0,55.0,25.0,25.0,26.0,26.0,20.0,20.0,29.0,29.0,3330.0,3330.0,54067.0,54067.0,48971.0,48971.0,3.2,3.2,52.0,52.0,48.0,48.0,,,,,,
India,Delhi,7,"Calendar Year (Jan - Dec), 2023",90648.0,90648.0,11965.0,11965.0,4118.0,4118.0,68173.0,68173.0,38558.0,38558.0,26942.0,26942.0,24868.0,24868.0,21218.0,21218.0,60645.0,60645.0,84.9,84.9,11.2,11.2,3.9,3.9,63.9,63.9,36.1,36.1,20.2,20.2,18.6,18.6,15.9,15.9,45.4,45.4,,,,,,,,,,,,,,,,,,
India,Delhi,7,"Calendar Year (Jan - Dec), 2024",76469.0,76469.0,24054.0,24054.0,,,63073.0,63073.0,37450.0,37450.0,,,,,,,,,76.0,76.0,24.0,24.0,,,62.7,62.7,37.3,37.3,,,,,,,,,,,61765.0,61765.0,38758.0,38758.0,,,61.4,61.4,38.6,38.6,,,,,,
India,Rajasthan,8,"Calendar Year (Jan - Dec), 2020",152313.0,152313.0,18466.0,18466.0,,,128883.0,128883.0,46335.0,46335.0,,,,,,,,,,,,,,,,,,,,,,,,,,,,,88674.0,88674.0,86544.0,86544.0,,,,,,,117009.0,117009.0,58051.0,58051.0,158.0,158.0
India,Rajasthan,8,"Calendar Year (Jan - Dec), 2021",115367.0,115367.0,18015.0,18015.0,,,101286.0,101286.0,36057.0,36057.0,39930.0,39930.0,25555.0,25555.0,49122.0,49122.0,22736.0,22736.0,86.0,86.0,14.0,14.0,,,74.0,74.0,26.0,26.0,29.0,29.0,19.0,19.0,36.0,36.0,17.0,17.0,,,65652.0,65652.0,71691.0,71691.0,,,48.0,48.0,52.0,52.0,,,,,,
India,Rajasthan,8,"Calendar Year (Jan - Dec), 2022",126803.0,126803.0,19356.0,19356.0,,,110028.0,110028.0,39197.0,39197.0,44954.0,44954.0,20780.0,20780.0,56343.0,56343.0,27148.0,27148.0,85.0,85.0,13.0,13.0,,,74.0,74.0,26.0,26.0,30.0,30.0,14.0,14.0,38.0,38.0,18.0,18.0,3066.0,3066.0,65866.0,65866.0,83359.0,83359.0,2.1,2.1,44.0,44.0,56.0,56.0,,,,,,
India,Rajasthan,8,"Calendar Year (Jan - Dec), 2023",146481.0,146481.0,19299.0,19299.0,3742.0,3742.0,136440.0,136440.0,33082.0,33082.0,43209.0,43209.0,36316.0,36316.0,59309.0,59309.0,73897.0,73897.0,86.4,86.4,11.4,11.4,2.2,2.2,80.5,80.5,19.5,19.5,20.3,20.3,17.1,17.1,27.9,27.9,34.7,34.7,,,,,,,,,,,,,,,,,,
India,Rajasthan,8,"Calendar Year (Jan - Dec), 2024",135618.0,135618.0,29505.0,29505.0,,,133887.0,133887.0,31236.0,31236.0,,,,,,,,,82.0,82.0,18.0,18.0,,,81.1,81.1,18.9,18.9,,,,,,,,,,,96819.0,96819.0,68304.0,68304.0,,,58.6,58.6,41.4,41.4,,,,,,
India,Uttar Pradesh,9,"Calendar Year (Jan - Dec), 2020",426539.0,426539.0,45897.0,45897.0,,,375414.0,375414.0,110971.0,110971.0,,,,,,,,,,,,,,,,,,,,,,,,,,,,,208408.0,208408.0,277977.0,277977.0,,,,,,,293521.0,293521.0,192421.0,192421.0,443.0,443.0
India,Uttar Pradesh,9,"Calendar Year (Jan - Dec), 2021",319916.0,319916.0,35557.0,35557.0,,,274956.0,274956.0,91685.0,91685.0,89088.0,89088.0,47896.0,47896.0,172217.0,172217.0,57440.0,57440.0,90.0,90.0,10.0,10.0,,,75.0,75.0,25.0,25.0,24.0,24.0,13.0,13.0,47.0,47.0,16.0,16.0,,,137306.0,137306.0,229335.0,229335.0,,,37.0,37.0,63.0,63.0,,,,,,
India,Uttar Pradesh,9,"Calendar Year (Jan - Dec), 2022",397821.0,397821.0,42904.0,42904.0,,,341444.0,341444.0,112268.0,112268.0,90138.0,90138.0,84916.0,84916.0,203981.0,203981.0,74677.0,74677.0,87.7,87.7,9.5,9.5,,,75.0,75.0,25.0,25.0,20.0,20.0,19.0,19.0,45.0,45.0,16.0,16.0,12987.0,12987.0,175391.0,175391.0,278321.0,278321.0,2.9,2.9,39.0,39.0,61.0,61.0,,,,,,
India,Uttar Pradesh,9,"Calendar Year (Jan - Dec), 2024",556474.0,556474.0,76398.0,76398.0,,,496841.0,496841.0,136031.0,136031.0,,,,,,,,,88.0,88.0,12.0,12.0,,,78.5,78.5,21.5,21.5,,,,,,,,,,,279870.0,279870.0,353002.0,353002.0,,,44.2,44.2,55.8,55.8,,,,,,
India,Bihar,10,"Calendar Year (Jan - Dec), 2020",109010.0,109010.0,10706.0,10706.0,,,100166.0,100166.0,22505.0,22505.0,,,,,,,,,,,,,,,,,,,,,,,,,,,,,53692.0,53692.0,68979.0,68979.0,,,,,,,79647.0,79647.0,42905.0,42905.0,119.0,119.0
India,Bihar,10,"Calendar Year (Jan - Dec), 2021",88465.0,88465.0,7932.0,7932.0,,,79881.0,79881.0,19113.0,19113.0,17232.0,17232.0,18056.0,18056.0,53234.0,53234.0,10472.0,10472.0,92.0,92.0,8.0,8.0,,,81.0,81.0,19.0,19.0,17.0,17.0,18.0,18.0,54.0,54.0,11.0,11.0,,,35430.0,35430.0,63564.0,63564.0,,,36.0,36.0,64.0,64.0,,,,,,
India,Bihar,10,"Calendar Year (Jan - Dec), 2022",119930.0,119930.0,8942.0,8942.0,,,106915.0,106915.0,24788.0,24788.0,18553.0,18553.0,20218.0,20218.0,76011.0,76011.0,16921.0,16921.0,91.1,91.1,6.8,6.8,,,81.0,81.0,19.0,19.0,14.0,14.0,15.0,15.0,58.0,58.0,13.0,13.0,2831.0,2831.0,38859.0,38859.0,92844.0,92844.0,2.1,2.1,30.0,30.0,70.0,70.0,,,,,,
India,Bihar,10,"Calendar Year (Jan - Dec), 2023",147718.0,147718.0,10083.0,10083.0,3364.0,3364.0,135151.0,135151.0,26014.0,26014.0,19121.0,19121.0,25897.0,25897.0,90754.0,90754.0,44514.0,44514.0,91.7,91.7,6.3,6.3,2.1,2.1,83.9,83.9,16.1,16.1,10.6,10.6,14.4,14.4,50.3,50.3,24.7,24.7,,,,,,,,,,,,,,,,,,
India,Bihar,10,"Calendar Year (Jan - Dec), 2024",168090.0,168090.0,18884.0,18884.0,,,157292.0,157292.0,29682.0,29682.0,,,,,,,,,90.0,90.0,10.0,10.0,,,84.1,84.1,15.9,15.9,,,,,,,,,,,71759.0,71759.0,115215.0,115215.0,,,38.4,38.4,61.6,61.6,,,,,,
India,Sikkim,11,"Calendar Year (Jan - Dec), 2020",1078.0,1078.0,144.0,144.0,,,953.0,953.0,479.0,479.0,,,,,,,,,,,,,,,,,,,,,,,,,,,,,845.0,845.0,587.0,587.0,,,,,,,795.0,795.0,637.0,637.0,,
India,Sikkim,11,"Calendar Year (Jan - Dec), 2021",1015.0,1015.0,119.0,119.0,,,857.0,857.0,469.0,469.0,178.0,178.0,675.0,675.0,218.0,218.0,255.0,255.0,90.0,90.0,10.0,10.0,,,65.0,65.0,35.0,35.0,13.0,13.0,51.0,51.0,16.0,16.0,19.0,19.0,,,855.0,855.0,471.0,471.0,,,64.0,64.0,36.0,36.0,,,,,,
India,Sikkim,11,"Calendar Year (Jan - Dec), 2022",1028.0,1028.0,123.0,123.0,,,874.0,874.0,499.0,499.0,151.0,151.0,731.0,731.0,205.0,205.0,286.0,286.0,74.9,74.9,9.0,9.0,,,64.0,64.0,36.0,36.0,11.0,11.0,53.0,53.0,15.0,15.0,21.0,21.0,222.0,222.0,890.0,890.0,483.0,483.0,16.2,16.2,65.0,65.0,35.0,35.0,,,,,,
India,Sikkim,11,"Calendar Year (Jan - Dec), 2023",1081.0,1081.0,104.0,104.0,210.0,210.0,909.0,909.0,486.0,486.0,44.0,44.0,844.0,844.0,182.0,182.0,369.0,369.0,77.5,77.5,7.5,7.5,15.1,15.1,65.2,65.2,34.8,34.8,3.1,3.1,58.7,58.7,12.6,12.6,25.6,25.6,,,,,,,,,,,,,,,,,,
India,Sikkim,11,"Calendar Year (Jan - Dec), 2024",1086.0,1086.0,305.0,305.0,,,900.0,900.0,491.0,491.0,,,,,,,,,78.0,78.0,22.0,22.0,,,64.7,64.7,35.3,35.3,,,,,,,,,,,975.0,975.0,416.0,416.0,,,70.1,70.1,29.9,29.9,,,,,,
India,Arunachal Pradesh,12,"Calendar Year (Jan - Dec), 2020",2395.0,2395.0,388.0,388.0,,,1946.0,1946.0,992.0,992.0,,,,,,,,,,,,,,,,,,,,,,,,,,,,,1485.0,1485.0,1453.0,1453.0,,,,,,,1570.0,1570.0,1363.0,1363.0,5.0,5.0
India,Arunachal Pradesh,12,"Calendar Year (Jan - Dec), 2021",2045.0,2045.0,315.0,315.0,,,1668.0,1668.0,854.0,854.0,724.0,724.0,676.0,676.0,474.0,474.0,648.0,648.0,87.0,87.0,13.0,13.0,,,66.0,66.0,34.0,34.0,29.0,29.0,27.0,27.0,19.0,19.0,26.0,26.0,,,1400.0,1400.0,1122.0,1122.0,,,56.0,56.0,44.0,44.0,,,,,,
India,Arunachal Pradesh,12,"Calendar Year (Jan - Dec), 2022",2235.0,2235.0,313.0,313.0,,,1708.0,1708.0,1016.0,1016.0,503.0,503.0,1174.0,1174.0,483.0,483.0,564.0,564.0,82.0,82.0,11.5,11.5,,,63.0,63.0,37.0,37.0,18.0,18.0,43.0,43.0,18.0,18.0,21.0,21.0,176.0,176.0,1677.0,1677.0,1047.0,1047.0,6.5,6.5,62.0,62.0,38.0,38.0,,,,,,
India,Arunachal Pradesh,12,"Calendar Year (Jan - Dec), 2023",2484.0,2484.0,245.0,245.0,134.0,134.0,1866.0,1866.0,997.0,997.0,622.0,622.0,888.0,888.0,390.0,390.0,1585.0,1585.0,86.8,86.8,8.6,8.6,4.7,4.7,65.2,65.2,34.8,34.8,17.8,17.8,25.5,25.5,11.2,11.2,45.5,45.5,,,,,,,,,,,,,,,,,,
India,Arunachal Pradesh,12,"Calendar Year (Jan - Dec), 2024",2120.0,2120.0,484.0,484.0,,,1542.0,1542.0,1062.0,1062.0,,,,,,,,,81.0,81.0,19.0,19.0,,,59.2,59.2,40.8,40.8,,,,,,,,,,,1934.0,1934.0,670.0,670.0,,,74.3,74.3,25.7,25.7,,,,,,
India,Nagaland,13,"Calendar Year (Jan - Dec), 2020",4163.0,4163.0,551.0,551.0,,,3173.0,3173.0,1621.0,1621.0,,,,,,,,,,,,,,,,,,,,,,,,,,,,,2313.0,2313.0,2481.0,2481.0,,,,,,,2826.0,2826.0,1962.0,1962.0,6.0,6.0
India,Nagaland,13,"Calendar Year (Jan - Dec), 2021",3016.0,3016.0,381.0,381.0,,,2352.0,2352.0,1135.0,1135.0,784.0,784.0,925.0,925.0,900.0,900.0,878.0,878.0,89.0,89.0,11.0,11.0,,,67.0,67.0,33.0,33.0,22.0,22.0,27.0,27.0,26.0,26.0,25.0,25.0,,,1709.0,1709.0,1778.0,1778.0,,,49.0,49.0,51.0,51.0,,,,,,
India,Nagaland,13,"Calendar Year (Jan - Dec), 2022",3149.0,3149.0,407.0,407.0,,,2467.0,2467.0,1181.0,1181.0,776.0,776.0,1132.0,1132.0,873.0,873.0,867.0,867.0,86.3,86.3,11.2,11.2,,,68.0,68.0,32.0,32.0,21.0,21.0,31.0,31.0,24.0,24.0,24.0,24.0,92.0,92.0,1909.0,1909.0,1739.0,1739.0,2.5,2.5,52.0,52.0,48.0,48.0,,,,,,
India,Nagaland,13,"Calendar Year (Jan - Dec), 2023",3660.0,3660.0,372.0,372.0,93.0,93.0,2769.0,2769.0,1356.0,1356.0,976.0,976.0,1265.0,1265.0,738.0,738.0,2122.0,2122.0,88.7,88.7,9.0,9.0,2.3,2.3,67.1,67.1,32.9,32.9,19.1,19.1,24.8,24.8,14.5,14.5,41.6,41.6,,,,,,,,,,,,,,,,,,
India,Nagaland,13,"Calendar Year (Jan - Dec), 2024",3547.0,3547.0,740.0,740.0,,,2938.0,2938.0,1349.0,1349.0,,,,,,,,,83.0,83.0,17.0,17.0,,,68.5,68.5,31.5,31.5,,,,,,,,,,,2993.0,2993.0,1294.0,1294.0,,,69.8,69.8,30.2,30.2,,,,,,
India,Manipur,14,"Calendar Year (Jan - Dec), 2020",2270.0,2270.0,259.0,259.0,,,1633.0,1633.0,920.0,920.0,,,,,,,,,,,,,,,,,,,,,,,,,,,,,1410.0,1410.0,1143.0,1143.0,,,,,,,1620.0,1620.0,930.0,930.0,3.0,3.0
India,Manipur,14,"Calendar Year (Jan - Dec), 2021",1368.0,1368.0,159.0,159.0,,,943.0,943.0,620.0,620.0,406.0,406.0,468.0,468.0,330.0,330.0,359.0,359.0,90.0,90.0,10.0,10.0,,,60.0,60.0,40.0,40.0,26.0,26.0,30.0,30.0,21.0,21.0,23.0,23.0,,,878.0,878.0,685.0,685.0,,,56.0,56.0,44.0,44.0,,,,,,
India,Manipur,14,"Calendar Year (Jan - Dec), 2022",1577.0,1577.0,181.0,181.0,,,1189.0,1189.0,604.0,604.0,420.0,420.0,727.0,727.0,289.0,289.0,357.0,357.0,88.0,88.0,10.1,10.1,,,66.0,66.0,34.0,34.0,23.0,23.0,41.0,41.0,16.0,16.0,20.0,20.0,35.0,35.0,1148.0,1148.0,645.0,645.0,2.0,2.0,64.0,64.0,36.0,36.0,,,,,,
India,Manipur,14,"Calendar Year (Jan - Dec), 2023",2331.0,2331.0,165.0,165.0,58.0,58.0,1891.0,1891.0,663.0,663.0,491.0,491.0,1076.0,1076.0,286.0,286.0,1192.0,1192.0,91.3,91.3,6.5,6.5,2.3,2.3,74.0,74.0,26.0,26.0,16.1,16.1,35.3,35.3,9.4,9.4,39.1,39.1,,,,,,,,,,,,,,,,,,
India,Manipur,14,"Calendar Year (Jan - Dec), 2024",2059.0,2059.0,436.0,436.0,,,1668.0,1668.0,827.0,827.0,,,,,,,,,83.0,83.0,17.0,17.0,,,66.9,66.9,33.1,33.1,,,,,,,,,,,1646.0,1646.0,849.0,849.0,,,66.0,66.0,34.0,34.0,,,,,,
India,Mizoram,15,"Calendar Year (Jan - Dec), 2020",2504.0,2504.0,340.0,340.0,,,1441.0,1441.0,1503.0,1503.0,,,,,,,,,,,,,,,,,,,,,,,,,,,,,1558.0,1558.0,1386.0,1386.0,,,,,,,1668.0,1668.0,1274.0,1274.0,2.0,2.0
India,Mizoram,15,"Calendar Year (Jan - Dec), 2021",1932.0,1932.0,260.0,260.0,,,1069.0,1069.0,1265.0,1265.0,148.0,148.0,1186.0,1186.0,199.0,199.0,801.0,801.0,88.0,88.0,12.0,12.0,,,46.0,46.0,54.0,54.0,6.0,6.0,51.0,51.0,9.0,9.0,34.0,34.0,,,1334.0,1334.0,1000.0,1000.0,,,57.0,57.0,43.0,43.0,,,,,,
India,Mizoram,15,"Calendar Year (Jan - Dec), 2022",1446.0,1446.0,191.0,191.0,,,1011.0,1011.0,738.0,738.0,151.0,151.0,905.0,905.0,140.0,140.0,553.0,553.0,82.7,82.7,10.9,10.9,,,58.0,58.0,42.0,42.0,9.0,9.0,52.0,52.0,8.0,8.0,32.0,32.0,112.0,112.0,1057.0,1057.0,692.0,692.0,6.4,6.4,60.0,60.0,40.0,40.0,,,,,,
India,Mizoram,15,"Calendar Year (Jan - Dec), 2023",1778.0,1778.0,204.0,204.0,103.0,103.0,1233.0,1233.0,852.0,852.0,175.0,175.0,1070.0,1070.0,97.0,97.0,918.0,918.0,85.3,85.3,9.8,9.8,4.9,4.9,59.1,59.1,40.9,40.9,7.7,7.7,47.3,47.3,4.3,4.3,40.6,40.6,,,,,,,,,,,,,,,,,,
India,Mizoram,15,"Calendar Year (Jan - Dec), 2024",1916.0,1916.0,357.0,357.0,,,1296.0,1296.0,977.0,977.0,,,,,,,,,84.0,84.0,16.0,16.0,,,57.0,57.0,43.0,43.0,,,,,,,,,,,1488.0,1488.0,785.0,785.0,,,65.5,65.5,34.5,34.5,,,,,,
India,Tripura,16,"Calendar Year (Jan - Dec), 2020",2468.0,2468.0,267.0,267.0,,,2126.0,2126.0,635.0,635.0,,,,,,,,,,,,,,,,,,,,,,,,,,,,,1942.0,1942.0,819.0,819.0,,,,,,,2084.0,2084.0,677.0,677.0,,
India,Tripura,16,"Calendar Year (Jan - Dec), 2021",1811.0,1811.0,236.0,236.0,,,1579.0,1579.0,492.0,492.0,822.0,822.0,604.0,604.0,258.0,258.0,387.0,387.0,88.0,88.0,12.0,12.0,,,76.0,76.0,24.0,24.0,40.0,40.0,29.0,29.0,12.0,12.0,19.0,19.0,,,1426.0,1426.0,645.0,645.0,,,69.0,69.0,31.0,31.0,,,,,,
India,Tripura,16,"Calendar Year (Jan - Dec), 2022",2288.0,2288.0,237.0,237.0,,,1941.0,1941.0,602.0,602.0,895.0,895.0,719.0,719.0,368.0,368.0,561.0,561.0,90.0,90.0,9.3,9.3,,,76.0,76.0,24.0,24.0,35.0,35.0,28.0,28.0,14.0,14.0,22.0,22.0,18.0,18.0,1614.0,1614.0,929.0,929.0,0.7,0.7,63.0,63.0,37.0,37.0,,,,,,
India,Tripura,16,"Calendar Year (Jan - Dec), 2023",2743.0,2743.0,253.0,253.0,28.0,28.0,2467.0,2467.0,557.0,557.0,1015.0,1015.0,933.0,933.0,370.0,370.0,1721.0,1721.0,90.7,90.7,8.4,8.4,0.9,0.9,81.6,81.6,18.4,18.4,25.1,25.1,23.1,23.1,9.2,9.2,42.6,42.6,,,,,,,,,,,,,,,,,,
India,Tripura,16,"Calendar Year (Jan - Dec), 2024",2890.0,2890.0,496.0,496.0,,,2741.0,2741.0,645.0,645.0,,,,,,,,,85.0,85.0,15.0,15.0,,,81.0,81.0,19.0,19.0,,,,,,,,,,,2640.0,2640.0,746.0,746.0,,,78.0,78.0,22.0,22.0,,,,,,
India,Meghalaya,17,"Calendar Year (Jan - Dec), 2020",4742.0,4742.0,469.0,469.0,,,3224.0,3224.0,2304.0,2304.0,,,,,,,,,,,,,,,,,,,,,,,,,,,,,3114.0,3114.0,2414.0,2414.0,,,,,,,3290.0,3290.0,2232.0,2232.0,6.0,6.0
India,Meghalaya,17,"Calendar Year (Jan - Dec), 2021",3494.0,3494.0,369.0,369.0,,,2514.0,2514.0,1625.0,1625.0,966.0,966.0,1396.0,1396.0,832.0,832.0,945.0,945.0,90.0,90.0,10.0,10.0,,,61.0,61.0,39.0,39.0,23.0,23.0,34.0,34.0,20.0,20.0,23.0,23.0,,,2365.0,2365.0,1774.0,1774.0,,,57.0,57.0,43.0,43.0,,,,,,
India,Meghalaya,17,"Calendar Year (Jan - Dec), 2022",3523.0,3523.0,374.0,374.0,,,2613.0,2613.0,1539.0,1539.0,1085.0,1085.0,1451.0,1451.0,631.0,631.0,985.0,985.0,84.9,84.9,9.0,9.0,,,63.0,63.0,37.0,37.0,26.0,26.0,35.0,35.0,15.0,15.0,24.0,24.0,255.0,255.0,2538.0,2538.0,1614.0,1614.0,6.1,6.1,61.0,61.0,39.0,39.0,,,,,,
India,Meghalaya,17,"Calendar Year (Jan - Dec), 2023",4304.0,4304.0,396.0,396.0,289.0,289.0,3562.0,3562.0,1427.0,1427.0,573.0,573.0,2545.0,2545.0,616.0,616.0,1828.0,1828.0,86.3,86.3,7.9,7.9,5.8,5.8,71.4,71.4,28.6,28.6,10.3,10.3,45.8,45.8,11.1,11.1,32.9,32.9,,,,,,,,,,,,,,,,,,
India,Meghalaya,17,"Calendar Year (Jan - Dec), 2024",4082.0,4082.0,826.0,826.0,,,3428.0,3428.0,1480.0,1480.0,,,,,,,,,83.0,83.0,17.0,17.0,,,69.8,69.8,30.2,30.2,,,,,,,,,,,3491.0,3491.0,1417.0,1417.0,,,71.1,71.1,28.9,28.9,,,,,,
India,Assam,18,"Calendar Year (Jan - Dec), 2020",42570.0,42570.0,5047.0,5047.0,,,35739.0,35739.0,12930.0,12930.0,,,,,,,,,,,,,,,,,,,,,,,,,,,,,23189.0,23189.0,25480.0,25480.0,,,,,,,32576.0,32576.0,16052.0,16052.0,41.0,41.0
India,Assam,18,"Calendar Year (Jan - Dec), 2021",30456.0,30456.0,3750.0,3750.0,,,26374.0,26374.0,8887.0,8887.0,8626.0,8626.0,8425.0,8425.0,11201.0,11201.0,7009.0,7009.0,89.0,89.0,11.0,11.0,,,75.0,75.0,25.0,25.0,24.0,24.0,24.0,24.0,32.0,32.0,20.0,20.0,,,17072.0,17072.0,18189.0,18189.0,,,48.0,48.0,52.0,52.0,,,,,,
India,Assam,18,"Calendar Year (Jan - Dec), 2022",33370.0,33370.0,3520.0,3520.0,,,27699.0,27699.0,9942.0,9942.0,11462.0,11462.0,4604.0,4604.0,12768.0,12768.0,8807.0,8807.0,88.7,88.7,9.4,9.4,,,74.0,74.0,26.0,26.0,30.0,30.0,12.0,12.0,34.0,34.0,23.0,23.0,751.0,751.0,16080.0,16080.0,21561.0,21561.0,2.0,2.0,43.0,43.0,57.0,57.0,,,,,,
India,Assam,18,"Calendar Year (Jan - Dec), 2023",43313.0,43313.0,3621.0,3621.0,888.0,888.0,36937.0,36937.0,10885.0,10885.0,14841.0,14841.0,6014.0,6014.0,14821.0,14821.0,26987.0,26987.0,90.6,90.6,7.6,7.6,1.9,1.9,77.2,77.2,22.8,22.8,23.7,23.7,9.6,9.6,23.7,23.7,43.1,43.1,,,,,,,,,,,,,,,,,,
India,Assam,18,"Calendar Year (Jan - Dec), 2024",45400.0,45400.0,6462.0,6462.0,,,40777.0,40777.0,11085.0,11085.0,,,,,,,,,88.0,88.0,12.0,12.0,,,78.6,78.6,21.4,21.4,,,,,,,,,,,28991.0,28991.0,22871.0,22871.0,,,55.9,55.9,44.1,44.1,,,,,,
India,West Bengal,19,"Calendar Year (Jan - Dec), 2020",96206.0,96206.0,11496.0,11496.0,,,77761.0,77761.0,32907.0,32907.0,,,,,,,,,,,,,,,,,,,,,,,,,,,,,72265.0,72265.0,38403.0,38403.0,,,,,,,74875.0,74875.0,35725.0,35725.0,68.0,68.0
India,West Bengal,19,"Calendar Year (Jan - Dec), 2021",68092.0,68092.0,8687.0,8687.0,,,54732.0,54732.0,24307.0,24307.0,36620.0,36620.0,15452.0,15452.0,10338.0,10338.0,16629.0,16629.0,89.0,89.0,11.0,11.0,,,69.0,69.0,31.0,31.0,46.0,46.0,20.0,20.0,13.0,13.0,21.0,21.0,,,52241.0,52241.0,26798.0,26798.0,,,66.0,66.0,34.0,34.0,,,,,,
India,West Bengal,19,"Calendar Year (Jan - Dec), 2022",78530.0,78530.0,9130.0,9130.0,,,63770.0,63770.0,26717.0,26717.0,41413.0,41413.0,18761.0,18761.0,10385.0,10385.0,19928.0,19928.0,86.8,86.8,10.1,10.1,,,70.0,70.0,30.0,30.0,46.0,46.0,21.0,21.0,11.0,11.0,22.0,22.0,2827.0,2827.0,60264.0,60264.0,30223.0,30223.0,3.1,3.1,67.0,67.0,33.0,33.0,,,,,,
India,West Bengal,19,"Calendar Year (Jan - Dec), 2024",89445.0,89445.0,13283.0,13283.0,,,76068.0,76068.0,26660.0,26660.0,,,,,,,,,87.0,87.0,13.0,13.0,,,74.0,74.0,26.0,26.0,,,,,,,,,,,78490.0,78490.0,24238.0,24238.0,,,76.4,76.4,23.6,23.6,,,,,,
India,Jharkhand,20,"Calendar Year (Jan - Dec), 2020",52156.0,52156.0,3592.0,3592.0,,,48999.0,48999.0,7633.0,7633.0,,,,,,,,,,,,,,,,,,,,,,,,,,,,,26820.0,26820.0,29812.0,29812.0,,,,,,,39060.0,39060.0,17517.0,17517.0,55.0,55.0
India,Jharkhand,20,"Calendar Year (Jan - Dec), 2021",41845.0,41845.0,2933.0,2933.0,,,37903.0,37903.0,7602.0,7602.0,12495.0,12495.0,6269.0,6269.0,21524.0,21524.0,5217.0,5217.0,93.0,93.0,7.0,7.0,,,83.0,83.0,17.0,17.0,27.0,27.0,14.0,14.0,47.0,47.0,11.0,11.0,,,18804.0,18804.0,26701.0,26701.0,,,41.0,41.0,59.0,59.0,,,,,,
India,Jharkhand,20,"Calendar Year (Jan - Dec), 2022",47948.0,47948.0,3450.0,3450.0,,,43885.0,43885.0,8294.0,8294.0,14043.0,14043.0,8814.0,8814.0,23369.0,23369.0,5953.0,5953.0,91.9,91.9,6.6,6.6,,,84.0,84.0,16.0,16.0,27.0,27.0,17.0,17.0,45.0,45.0,11.0,11.0,781.0,781.0,22897.0,22897.0,29282.0,29282.0,1.5,1.5,44.0,44.0,56.0,56.0,,,,,,
India,Jharkhand,20,"Calendar Year (Jan - Dec), 2023",53034.0,53034.0,3438.0,3438.0,848.0,848.0,50004.0,50004.0,7316.0,7316.0,15278.0,15278.0,14151.0,14151.0,21861.0,21861.0,21308.0,21308.0,92.5,92.5,6.0,6.0,1.5,1.5,87.2,87.2,12.8,12.8,21.0,21.0,19.5,19.5,30.1,30.1,29.4,29.4,,,,,,,,,,,,,,,,,,
India,Jharkhand,20,"Calendar Year (Jan - Dec), 2024",55020.0,55020.0,6697.0,6697.0,,,53652.0,53652.0,8065.0,8065.0,,,,,,,,,89.0,89.0,11.0,11.0,,,86.9,86.9,13.1,13.1,,,,,,,,,,,33990.0,33990.0,27727.0,27727.0,,,55.1,55.1,44.9,44.9,,,,,,
India,Odisha,21,"Calendar Year (Jan - Dec), 2020",48178.0,48178.0,4683.0,4683.0,,,38138.0,38138.0,15474.0,15474.0,,,,,,,,,,,,,,,,,,,,,,,,,,,,,30113.0,30113.0,23499.0,23499.0,,,,,,,35757.0,35757.0,17792.0,17792.0,63.0,63.0
India,Odisha,21,"Calendar Year (Jan - Dec), 2021",41372.0,41372.0,3712.0,3712.0,,,32709.0,32709.0,12919.0,12919.0,18118.0,18118.0,7369.0,7369.0,9702.0,9702.0,10439.0,10439.0,92.0,92.0,8.0,8.0,,,72.0,72.0,28.0,28.0,40.0,40.0,16.0,16.0,21.0,21.0,23.0,23.0,,,25505.0,25505.0,20123.0,20123.0,,,56.0,56.0,44.0,44.0,,,,,,
India,Odisha,21,"Calendar Year (Jan - Dec), 2022",47988.0,47988.0,3908.0,3908.0,,,37920.0,37920.0,14461.0,14461.0,20507.0,20507.0,7389.0,7389.0,12285.0,12285.0,12200.0,12200.0,91.6,91.6,7.5,7.5,,,72.0,72.0,28.0,28.0,39.0,39.0,14.0,14.0,23.0,23.0,23.0,23.0,485.0,485.0,27908.0,27908.0,24473.0,24473.0,0.9,0.9,53.0,53.0,47.0,47.0,,,,,,
India,Odisha,21,"Calendar Year (Jan - Dec), 2023",56026.0,56026.0,3865.0,3865.0,481.0,481.0,44769.0,44769.0,15603.0,15603.0,21221.0,21221.0,9090.0,9090.0,15469.0,15469.0,35813.0,35813.0,92.8,92.8,6.4,6.4,0.8,0.8,74.2,74.2,25.8,25.8,26.0,26.0,11.1,11.1,19.0,19.0,43.9,43.9,,,,,,,,,,,,,,,,,,
India,Odisha,21,"Calendar Year (Jan - Dec), 2024",55809.0,55809.0,6578.0,6578.0,,,46379.0,46379.0,16008.0,16008.0,,,,,,,,,89.0,89.0,11.0,11.0,,,74.3,74.3,25.7,25.7,,,,,,,,,,,40933.0,40933.0,21454.0,21454.0,,,65.6,65.6,34.4,34.4,,,,,,
India,Chhattisgarh,22,"Calendar Year (Jan - Dec), 2020",39704.0,39704.0,3423.0,3423.0,,,33183.0,33183.0,10535.0,10535.0,,,,,,,,,,,,,,,,,,,,,,,,,,,,,17890.0,17890.0,25828.0,25828.0,,,,,,,28678.0,28678.0,14999.0,14999.0,41.0,41.0
India,Chhattisgarh,22,"Calendar Year (Jan - Dec), 2021",26685.0,26685.0,2255.0,2255.0,,,21304.0,21304.0,8035.0,8035.0,7796.0,7796.0,3680.0,3680.0,12638.0,12638.0,5225.0,5225.0,92.0,92.0,8.0,8.0,,,73.0,73.0,27.0,27.0,27.0,27.0,13.0,13.0,43.0,43.0,18.0,18.0,,,11596.0,11596.0,17743.0,17743.0,,,40.0,40.0,60.0,60.0,,,,,,
India,Chhattisgarh,22,"Calendar Year (Jan - Dec), 2022",29331.0,29331.0,2499.0,2499.0,,,22877.0,22877.0,9539.0,9539.0,8511.0,8511.0,6015.0,6015.0,11407.0,11407.0,6483.0,6483.0,90.5,90.5,7.7,7.7,,,71.0,71.0,29.0,29.0,26.0,26.0,19.0,19.0,35.0,35.0,20.0,20.0,586.0,586.0,14586.0,14586.0,17830.0,17830.0,1.8,1.8,45.0,45.0,55.0,55.0,,,,,,
India,Chhattisgarh,22,"Calendar Year (Jan - Dec), 2023",35300.0,35300.0,2706.0,2706.0,515.0,515.0,27309.0,27309.0,11212.0,11212.0,7483.0,7483.0,9125.0,9125.0,13400.0,13400.0,15996.0,15996.0,91.6,91.6,7.0,7.0,1.3,1.3,70.9,70.9,29.1,29.1,16.3,16.3,19.8,19.8,29.1,29.1,34.8,34.8,,,,,,,,,,,,,,,,,,
India,Chhattisgarh,22,"Calendar Year (Jan - Dec), 2024",34525.0,34525.0,4399.0,4399.0,,,26163.0,26163.0,12761.0,12761.0,,,,,,,,,89.0,89.0,11.0,11.0,,,67.2,67.2,32.8,32.8,,,,,,,,,,,18566.0,18566.0,20358.0,20358.0,,,47.7,47.7,52.3,52.3,,,,,,
India,Madhya Pradesh,23,"Calendar Year (Jan - Dec), 2020",166453.0,166453.0,17169.0,17169.0,,,145361.0,145361.0,42046.0,42046.0,,,,,,,,,,,,,,,,,,,,,,,,,,,,,74408.0,74408.0,112999.0,112999.0,,,,,,,119530.0,119530.0,67695.0,67695.0,182.0,182.0
India,Madhya Pradesh,23,"Calendar Year (Jan - Dec), 2021",119458.0,119458.0,14885.0,14885.0,,,107960.0,107960.0,29688.0,29688.0,29898.0,29898.0,25751.0,25751.0,61409.0,61409.0,20590.0,20590.0,89.0,89.0,11.0,11.0,,,78.0,78.0,22.0,22.0,22.0,22.0,19.0,19.0,45.0,45.0,15.0,15.0,,,55831.0,55831.0,81817.0,81817.0,,,41.0,41.0,59.0,59.0,,,,,,
India,Madhya Pradesh,23,"Calendar Year (Jan - Dec), 2022",145696.0,145696.0,18054.0,18054.0,,,131339.0,131339.0,35007.0,35007.0,36085.0,36085.0,18711.0,18711.0,84109.0,84109.0,27441.0,27441.0,87.6,87.6,10.9,10.9,,,79.0,79.0,21.0,21.0,22.0,22.0,11.0,11.0,51.0,51.0,16.0,16.0,2596.0,2596.0,54931.0,54931.0,111415.0,111415.0,1.6,1.6,33.0,33.0,67.0,67.0,,,,,,
India,Madhya Pradesh,23,"Calendar Year (Jan - Dec), 2023",164091.0,164091.0,19099.0,19099.0,3103.0,3103.0,150155.0,150155.0,36138.0,36138.0,37773.0,37773.0,29212.0,29212.0,86284.0,86284.0,70797.0,70797.0,88.1,88.1,10.3,10.3,1.7,1.7,80.6,80.6,19.4,19.4,16.9,16.9,13.0,13.0,38.5,38.5,31.6,31.6,,,,,,,,,,,,,,,,,,
India,Madhya Pradesh,23,"Calendar Year (Jan - Dec), 2024",156079.0,156079.0,28612.0,28612.0,,,147417.0,147417.0,37274.0,37274.0,,,,,,,,,85.0,85.0,15.0,15.0,,,79.8,79.8,20.2,20.2,,,,,,,,,,,91197.0,91197.0,93494.0,93494.0,,,49.4,49.4,50.6,50.6,,,,,,
India,Gujarat,24,"Calendar Year (Jan - Dec), 2020",126977.0,126977.0,27321.0,27321.0,,,122969.0,122969.0,36189.0,36189.0,,,,,,,,,,,,,,,,,,,,,,,,,,,,,64731.0,64731.0,94427.0,94427.0,,,,,,,103820.0,103820.0,55239.0,55239.0,99.0,99.0
India,Gujarat,24,"Calendar Year (Jan - Dec), 2021",94457.0,94457.0,22531.0,22531.0,,,90787.0,90787.0,29773.0,29773.0,32378.0,32378.0,12467.0,12467.0,53234.0,53234.0,22481.0,22481.0,81.0,81.0,19.0,19.0,,,75.0,75.0,25.0,25.0,27.0,27.0,10.0,10.0,44.0,44.0,19.0,19.0,,,45105.0,45105.0,75455.0,75455.0,,,37.0,37.0,63.0,63.0,,,,,,
India,Gujarat,24,"Calendar Year (Jan - Dec), 2022",115756.0,115756.0,25749.0,25749.0,,,109471.0,109471.0,35260.0,35260.0,38277.0,38277.0,12525.0,12525.0,65767.0,65767.0,28162.0,28162.0,80.0,80.0,17.8,17.8,,,76.0,76.0,24.0,24.0,26.0,26.0,9.0,9.0,45.0,45.0,19.0,19.0,3226.0,3226.0,51105.0,51105.0,93626.0,93626.0,2.2,2.2,35.0,35.0,65.0,65.0,,,,,,
India,Gujarat,24,"Calendar Year (Jan - Dec), 2023",123738.0,123738.0,24809.0,24809.0,3365.0,3365.0,115534.0,115534.0,36378.0,36378.0,43009.0,43009.0,9891.0,9891.0,68207.0,68207.0,73814.0,73814.0,81.5,81.5,16.3,16.3,2.2,2.2,76.1,76.1,23.9,23.9,22.1,22.1,5.1,5.1,35.0,35.0,37.9,37.9,,,,,,,,,,,,,,,,,,
India,Gujarat,24,"Calendar Year (Jan - Dec), 2024",115740.0,115740.0,28767.0,28767.0,,,108968.0,108968.0,35539.0,35539.0,,,,,,,,,80.0,80.0,20.0,20.0,,,75.4,75.4,24.6,24.6,,,,,,,,,,,78132.0,78132.0,66375.0,66375.0,,,54.1,54.1,45.9,45.9,,,,,,
India,Maharashtra,27,"Calendar Year (Jan - Dec), 2020",196037.0,196037.0,19838.0,19838.0,,,153421.0,153421.0,73927.0,73927.0,,,,,,,,,,,,,,,,,,,,,,,,,,,,,107022.0,107022.0,120326.0,120326.0,,,,,,,128933.0,128933.0,98208.0,98208.0,207.0,207.0
India,Maharashtra,27,"Calendar Year (Jan - Dec), 2021",135017.0,135017.0,14699.0,14699.0,,,101234.0,101234.0,58429.0,58429.0,25155.0,25155.0,46025.0,46025.0,48425.0,48425.0,40058.0,40058.0,90.0,90.0,10.0,10.0,,,63.0,63.0,37.0,37.0,16.0,16.0,29.0,29.0,30.0,30.0,25.0,25.0,,,75082.0,75082.0,84581.0,84581.0,,,47.0,47.0,53.0,53.0,,,,,,
India,Maharashtra,27,"Calendar Year (Jan - Dec), 2022",170295.0,170295.0,17477.0,17477.0,,,122403.0,122403.0,77573.0,77573.0,27547.0,27547.0,56622.0,56622.0,61722.0,61722.0,54085.0,54085.0,85.2,85.2,8.7,8.7,,,61.0,61.0,39.0,39.0,14.0,14.0,28.0,28.0,31.0,31.0,27.0,27.0,12204.0,12204.0,87565.0,87565.0,112411.0,112411.0,6.1,6.1,44.0,44.0,56.0,56.0,,,,,,
India,Maharashtra,27,"Calendar Year (Jan - Dec), 2023",203419.0,203419.0,18764.0,18764.0,11922.0,11922.0,156476.0,156476.0,77629.0,77629.0,30747.0,30747.0,55559.0,55559.0,82786.0,82786.0,95760.0,95760.0,86.9,86.9,8.0,8.0,5.1,5.1,66.8,66.8,33.2,33.2,11.6,11.6,21.0,21.0,31.3,31.3,36.2,36.2,,,,,,,,,,,,,,,,,,
India,Maharashtra,27,"Calendar Year (Jan - Dec), 2024",190710.0,190710.0,36954.0,36954.0,,,152126.0,152126.0,75538.0,75538.0,,,,,,,,,84.0,84.0,16.0,16.0,,,66.8,66.8,33.2,33.2,,,,,,,,,,,120858.0,120858.0,106806.0,106806.0,,,53.1,53.1,46.9,46.9,,,,,,
India,Andhra Pradesh,28,"Calendar Year (Jan - Dec), 2020",85006.0,85006.0,10519.0,10519.0,,,80556.0,80556.0,18313.0,18313.0,,,,,,,,,,,,,,,,,,,,,,,,,,,,,56252.0,56252.0,42617.0,42617.0,,,,,,,65972.0,65972.0,32772.0,32772.0,125.0,125.0
India,Andhra Pradesh,28,"Calendar Year (Jan - Dec), 2021",54646.0,54646.0,7497.0,7497.0,,,47385.0,47385.0,16680.0,16680.0,4846.0,4846.0,27952.0,27952.0,18129.0,18129.0,13138.0,13138.0,88.0,88.0,12.0,12.0,,,74.0,74.0,26.0,26.0,8.0,8.0,44.0,44.0,28.0,28.0,21.0,21.0,,,32855.0,32855.0,31210.0,31210.0,,,51.0,51.0,49.0,49.0,,,,,,
India,Andhra Pradesh,28,"Calendar Year (Jan - Dec), 2022",74857.0,74857.0,9403.0,9403.0,,,64910.0,64910.0,21922.0,21922.0,3992.0,3992.0,39834.0,39834.0,25564.0,25564.0,17442.0,17442.0,86.2,86.2,10.8,10.8,,,75.0,75.0,25.0,25.0,5.0,5.0,46.0,46.0,29.0,29.0,20.0,20.0,2572.0,2572.0,43878.0,43878.0,42954.0,42954.0,3.0,3.0,51.0,51.0,49.0,49.0,,,,,,
India,Andhra Pradesh,28,"Calendar Year (Jan - Dec), 2023",81132.0,81132.0,8769.0,8769.0,2286.0,2286.0,70426.0,70426.0,21761.0,21761.0,3908.0,3908.0,37040.0,37040.0,30923.0,30923.0,24224.0,24224.0,88.0,88.0,9.5,9.5,2.5,2.5,76.4,76.4,23.6,23.6,4.1,4.1,38.5,38.5,32.2,32.2,25.2,25.2,,,,,,,,,,,,,,,,,,
India,Andhra Pradesh,28,"Calendar Year (Jan - Dec), 2024",79743.0,79743.0,9321.0,9321.0,,,66743.0,66743.0,22321.0,22321.0,,,,,,,,,90.0,90.0,10.0,10.0,,,74.9,74.9,25.1,25.1,,,,,,,,,,,53493.0,53493.0,35571.0,35571.0,,,60.1,60.1,39.9,39.9,,,,,,
India,Karnataka,29,"Calendar Year (Jan - Dec), 2020",78705.0,78705.0,10021.0,10021.0,,,64346.0,64346.0,27357.0,27357.0,,,,,,,,,,,,,,,,,,,,,,,,,,,,,53957.0,53957.0,37746.0,37746.0,,,,,,,59199.0,59199.0,32409.0,32409.0,95.0,95.0
India,Karnataka,29,"Calendar Year (Jan - Dec), 2021",55663.0,55663.0,7529.0,7529.0,,,44942.0,44942.0,20843.0,20843.0,13889.0,13889.0,24355.0,24355.0,11269.0,11269.0,16272.0,16272.0,88.0,88.0,12.0,12.0,,,68.0,68.0,32.0,32.0,21.0,21.0,37.0,37.0,17.0,17.0,25.0,25.0,,,38465.0,38465.0,27320.0,27320.0,,,58.0,58.0,42.0,42.0,,,,,,
India,Karnataka,29,"Calendar Year (Jan - Dec), 2022",62621.0,62621.0,7471.0,7471.0,,,49199.0,49199.0,23236.0,23236.0,16455.0,16455.0,24888.0,24888.0,12250.0,12250.0,18842.0,18842.0,86.5,86.5,10.3,10.3,,,68.0,68.0,32.0,32.0,23.0,23.0,34.0,34.0,17.0,17.0,26.0,26.0,2343.0,2343.0,41591.0,41591.0,30844.0,30844.0,3.2,3.2,57.0,57.0,43.0,43.0,,,,,,
India,Karnataka,29,"Calendar Year (Jan - Dec), 2023",69836.0,69836.0,7853.0,7853.0,2727.0,2727.0,58761.0,58761.0,21655.0,21655.0,16389.0,16389.0,29779.0,29779.0,12808.0,12808.0,37829.0,37829.0,86.8,86.8,9.8,9.8,3.4,3.4,73.1,73.1,26.9,26.9,16.9,16.9,30.8,30.8,13.2,13.2,39.1,39.1,,,,,,,,,,,,,,,,,,
India,Karnataka,29,"Calendar Year (Jan - Dec), 2024",71132.0,71132.0,10730.0,10730.0,,,59415.0,59415.0,22447.0,22447.0,,,,,,,,,87.0,87.0,13.0,13.0,,,72.6,72.6,27.4,27.4,,,,,,,,,,,58454.0,58454.0,23408.0,23408.0,,,71.4,71.4,28.6,28.6,,,,,,
India,Goa,30,"Calendar Year (Jan - Dec), 2020",2157.0,2157.0,205.0,205.0,,,1308.0,1308.0,1102.0,1102.0,,,,,,,,,,,,,,,,,,,,,,,,,,,,,1278.0,1278.0,1132.0,1132.0,,,,,,,1449.0,1449.0,958.0,958.0,3.0,3.0
India,Goa,30,"Calendar Year (Jan - Dec), 2021",1503.0,1503.0,113.0,113.0,,,928.0,928.0,732.0,732.0,328.0,328.0,569.0,569.0,174.0,174.0,589.0,589.0,93.0,93.0,7.0,7.0,,,56.0,56.0,44.0,44.0,20.0,20.0,34.0,34.0,10.0,10.0,35.0,35.0,,,900.0,900.0,760.0,760.0,,,54.0,54.0,46.0,46.0,,,,,,
India,Goa,30,"Calendar Year (Jan - Dec), 2022",1830.0,1830.0,134.0,134.0,,,1155.0,1155.0,863.0,863.0,43.0,43.0,1107.0,1107.0,144.0,144.0,724.0,724.0,90.7,90.7,6.6,6.6,,,57.0,57.0,43.0,43.0,2.0,2.0,55.0,55.0,7.0,7.0,36.0,36.0,54.0,54.0,1155.0,1155.0,863.0,863.0,2.7,2.7,57.0,57.0,43.0,43.0,,,,,,
India,Goa,30,"Calendar Year (Jan - Dec), 2023",1852.0,1852.0,162.0,162.0,77.0,77.0,1297.0,1297.0,794.0,794.0,23.0,23.0,1050.0,1050.0,221.0,221.0,820.0,820.0,88.6,88.6,7.7,7.7,3.7,3.7,62.0,62.0,38.0,38.0,1.1,1.1,49.7,49.7,10.5,10.5,38.8,38.8,,,,,,,,,,,,,,,,,,
India,Goa,30,"Calendar Year (Jan - Dec), 2024",1715.0,1715.0,367.0,367.0,,,1360.0,1360.0,722.0,722.0,,,,,,,,,82.0,82.0,18.0,18.0,,,65.3,65.3,34.7,34.7,,,,,,,,,,,1489.0,1489.0,593.0,593.0,,,71.5,71.5,28.5,28.5,,,,,,
India,Lakshadweep,31,"Calendar Year (Jan - Dec), 2020",15.0,15.0,0.0,0.0,,,12.0,12.0,3.0,3.0,,,,,,,,,,,,,,,,,,,,,,,,,,,,,8.0,8.0,7.0,7.0,,,,,,,11.0,11.0,4.0,4.0,,
India,Lakshadweep,31,"Calendar Year (Jan - Dec), 2021",18.0,18.0,2.0,2.0,,,18.0,18.0,2.0,2.0,2.0,2.0,10.0,10.0,7.0,7.0,1.0,1.0,90.0,90.0,10.0,10.0,,,90.0,90.0,10.0,10.0,10.0,10.0,50.0,50.0,35.0,35.0,5.0,5.0,,,12.0,12.0,8.0,8.0,,,60.0,60.0,40.0,40.0,,,,,,
India,Lakshadweep,31,"Calendar Year (Jan - Dec), 2022",12.0,12.0,0.0,0.0,,,10.0,10.0,2.0,2.0,0.0,0.0,9.0,9.0,2.0,2.0,1.0,1.0,100.0,100.0,0.0,0.0,,,83.0,83.0,17.0,17.0,0.0,0.0,75.0,75.0,17.0,17.0,8.0,8.0,0.0,0.0,9.0,9.0,3.0,3.0,,,75.0,75.0,25.0,25.0,,,,,,
India,Lakshadweep,31,"Calendar Year (Jan - Dec), 2023",9.0,9.0,1.0,1.0,1.0,1.0,11.0,11.0,0.0,0.0,0.0,0.0,11.0,11.0,0.0,0.0,0.0,0.0,81.8,81.8,9.1,9.1,9.1,9.1,100.0,100.0,0.0,0.0,0.0,0.0,100.0,100.0,0.0,0.0,0.0,0.0,,,,,,,,,,,,,,,,,,
India,Lakshadweep,31,"Calendar Year (Jan - Dec), 2024",6.0,6.0,0.0,0.0,,,5.0,5.0,1.0,1.0,,,,,,,,,100.0,100.0,0.0,0.0,,,83.3,83.3,16.7,16.7,,,,,,,,,,,6.0,6.0,0.0,0.0,,,100.0,100.0,,,,,,,,
India,Kerala,32,"Calendar Year (Jan - Dec), 2020",23492.0,23492.0,1775.0,1775.0,,,16476.0,16476.0,9141.0,9141.0,,,,,,,,,,,,,,,,,,,,,,,,,,,,,15164.0,15164.0,10453.0,10453.0,,,,,,,17140.0,17140.0,8464.0,8464.0,13.0,13.0
India,Kerala,32,"Calendar Year (Jan - Dec), 2021",19100.0,19100.0,1423.0,1423.0,,,12426.0,12426.0,8409.0,8409.0,7732.0,7732.0,4522.0,4522.0,1121.0,1121.0,7460.0,7460.0,93.0,93.0,7.0,7.0,,,60.0,60.0,40.0,40.0,37.0,37.0,22.0,22.0,5.0,5.0,36.0,36.0,,,12382.0,12382.0,8453.0,8453.0,,,59.0,59.0,41.0,41.0,,,,,,
India,Kerala,32,"Calendar Year (Jan - Dec), 2022",20196.0,20196.0,1364.0,1364.0,,,12784.0,12784.0,9088.0,9088.0,4391.0,4391.0,8862.0,8862.0,949.0,949.0,7670.0,7670.0,92.3,92.3,6.2,6.2,,,58.0,58.0,42.0,42.0,20.0,20.0,41.0,41.0,4.0,4.0,35.0,35.0,312.0,312.0,13355.0,13355.0,8517.0,8517.0,1.4,1.4,61.0,61.0,39.0,39.0,,,,,,
India,Kerala,32,"Calendar Year (Jan - Dec), 2023",21588.0,21588.0,1384.0,1384.0,416.0,416.0,15476.0,15476.0,7912.0,7912.0,4228.0,4228.0,10234.0,10234.0,1229.0,1229.0,11925.0,11925.0,92.3,92.3,5.9,5.9,1.8,1.8,66.2,66.2,33.8,33.8,15.3,15.3,37.1,37.1,4.5,4.5,43.2,43.2,,,,,,,,,,,,,,,,,,
India,Kerala,32,"Calendar Year (Jan - Dec), 2024",19525.0,19525.0,2274.0,2274.0,,,14859.0,14859.0,6940.0,6940.0,,,,,,,,,90.0,90.0,10.0,10.0,,,68.2,68.2,31.8,31.8,,,,,,,,,,,17640.0,17640.0,4159.0,4159.0,,,80.9,80.9,19.1,19.1,,,,,,
India,Tamil Nadu,33,"Calendar Year (Jan - Dec), 2020",96956.0,96956.0,10680.0,10680.0,,,85068.0,85068.0,25777.0,25777.0,,,,,,,,,,,,,,,,,,,,,,,,,,,,,66246.0,66246.0,44599.0,44599.0,,,,,,,76815.0,76815.0,33905.0,33905.0,125.0,125.0
India,Tamil Nadu,33,"Calendar Year (Jan - Dec), 2021",59960.0,59960.0,7562.0,7562.0,,,51655.0,51655.0,18649.0,18649.0,25351.0,25351.0,18447.0,18447.0,12013.0,12013.0,14493.0,14493.0,89.0,89.0,11.0,11.0,,,73.0,73.0,27.0,27.0,36.0,36.0,26.0,26.0,17.0,17.0,21.0,21.0,,,43914.0,43914.0,26390.0,26390.0,,,62.0,62.0,38.0,38.0,,,,,,
India,Tamil Nadu,33,"Calendar Year (Jan - Dec), 2022",72513.0,72513.0,8005.0,8005.0,,,59997.0,59997.0,22826.0,22826.0,29800.0,29800.0,21503.0,21503.0,11941.0,11941.0,19579.0,19579.0,87.6,87.6,9.7,9.7,,,72.0,72.0,28.0,28.0,36.0,36.0,26.0,26.0,14.0,14.0,24.0,24.0,2305.0,2305.0,51426.0,51426.0,31397.0,31397.0,2.8,2.8,62.0,62.0,38.0,38.0,,,,,,
India,Tamil Nadu,33,"Calendar Year (Jan - Dec), 2023",82944.0,82944.0,8579.0,8579.0,2356.0,2356.0,71165.0,71165.0,22714.0,22714.0,36283.0,36283.0,19462.0,19462.0,15022.0,15022.0,59395.0,59395.0,88.4,88.4,9.1,9.1,2.5,2.5,75.8,75.8,24.2,24.2,27.9,27.9,15.0,15.0,11.5,11.5,45.6,45.6,,,,,,,,,,,,,,,,,,
India,Tamil Nadu,33,"Calendar Year (Jan - Dec), 2024",85460.0,85460.0,12791.0,12791.0,,,75514.0,75514.0,22737.0,22737.0,,,,,,,,,87.0,87.0,13.0,13.0,,,76.9,76.9,23.1,23.1,,,,,,,,,,,71527.0,71527.0,26724.0,26724.0,,,72.8,72.8,27.2,27.2,,,,,,
India,Puducherry,34,"Calendar Year (Jan - Dec), 2020",3667.0,3667.0,504.0,504.0,,,3073.0,3073.0,1533.0,1533.0,,,,,,,,,,,,,,,,,,,,,,,,,,,,,3293.0,3293.0,1313.0,1313.0,,,,,,,3217.0,3217.0,1383.0,1383.0,6.0,6.0
India,Puducherry,34,"Calendar Year (Jan - Dec), 2021",2170.0,2170.0,225.0,225.0,,,1784.0,1784.0,978.0,978.0,1096.0,1096.0,853.0,853.0,133.0,133.0,680.0,680.0,91.0,91.0,9.0,9.0,,,65.0,65.0,35.0,35.0,40.0,40.0,31.0,31.0,5.0,5.0,25.0,25.0,,,1966.0,1966.0,796.0,796.0,,,71.0,71.0,29.0,29.0,,,,,,
India,Puducherry,34,"Calendar Year (Jan - Dec), 2022",2875.0,2875.0,217.0,217.0,,,2148.0,2148.0,1296.0,1296.0,1353.0,1353.0,1059.0,1059.0,143.0,143.0,889.0,889.0,83.5,83.5,6.3,6.3,,,62.0,62.0,38.0,38.0,39.0,39.0,31.0,31.0,4.0,4.0,26.0,26.0,352.0,352.0,2437.0,2437.0,1007.0,1007.0,10.2,10.2,71.0,71.0,29.0,29.0,,,,,,
India,Puducherry,34,"Calendar Year (Jan - Dec), 2023",3244.0,3244.0,229.0,229.0,362.0,362.0,2696.0,2696.0,1139.0,1139.0,1334.0,1334.0,798.0,798.0,107.0,107.0,2930.0,2930.0,84.6,84.6,6.0,6.0,9.4,9.4,70.3,70.3,29.7,29.7,25.8,25.8,15.4,15.4,2.1,2.1,56.7,56.7,,,,,,,,,,,,,,,,,,
India,Puducherry,34,"Calendar Year (Jan - Dec), 2024",3464.0,3464.0,705.0,705.0,,,3069.0,3069.0,1100.0,1100.0,,,,,,,,,83.0,83.0,17.0,17.0,,,73.6,73.6,26.4,26.4,,,,,,,,,,,3458.0,3458.0,711.0,711.0,,,82.9,82.9,17.1,17.1,,,,,,
India,Andaman And Nicobar Islands,35,"Calendar Year (Jan - Dec), 2020",504.0,504.0,48.0,48.0,,,342.0,342.0,245.0,245.0,,,,,,,,,,,,,,,,,,,,,,,,,,,,,325.0,325.0,262.0,262.0,,,,,,,348.0,348.0,239.0,239.0,,
India,Andaman And Nicobar Islands,35,"Calendar Year (Jan - Dec), 2021",390.0,390.0,42.0,42.0,,,292.0,292.0,186.0,186.0,141.0,141.0,143.0,143.0,70.0,70.0,124.0,124.0,90.0,90.0,10.0,10.0,,,61.0,61.0,39.0,39.0,29.0,29.0,30.0,30.0,15.0,15.0,26.0,26.0,,,284.0,284.0,194.0,194.0,,,59.0,59.0,41.0,41.0,,,,,,
India,Andaman And Nicobar Islands,35,"Calendar Year (Jan - Dec), 2022",437.0,437.0,35.0,35.0,,,294.0,294.0,213.0,213.0,146.0,146.0,137.0,137.0,86.0,86.0,138.0,138.0,86.2,86.2,6.9,6.9,,,58.0,58.0,42.0,42.0,29.0,29.0,27.0,27.0,17.0,17.0,27.0,27.0,35.0,35.0,283.0,283.0,224.0,224.0,6.9,6.9,56.0,56.0,44.0,44.0,,,,,,
India,Andaman And Nicobar Islands,35,"Calendar Year (Jan - Dec), 2023",461.0,461.0,37.0,37.0,36.0,36.0,369.0,369.0,165.0,165.0,147.0,147.0,196.0,196.0,87.0,87.0,251.0,251.0,86.3,86.3,6.9,6.9,6.7,6.7,69.1,69.1,30.9,30.9,21.6,21.6,28.8,28.8,12.8,12.8,36.9,36.9,,,,,,,,,,,,,,,,,,
India,Andaman And Nicobar Islands,35,"Calendar Year (Jan - Dec), 2024",456.0,456.0,105.0,105.0,,,387.0,387.0,174.0,174.0,,,,,,,,,81.0,81.0,19.0,19.0,,,69.0,69.0,31.0,31.0,,,,,,,,,,,398.0,398.0,163.0,163.0,,,70.9,70.9,29.1,29.1,,,,,,
India,Telangana,36,"Calendar Year (Jan - Dec), 2020",62708.0,62708.0,7022.0,7022.0,,,56470.0,56470.0,15185.0,15185.0,,,,,,,,,,,,,,,,,,,,,,,,,,,,,39814.0,39814.0,31841.0,31841.0,,,,,,,44498.0,44498.0,27071.0,27071.0,86.0,86.0
India,Telangana,36,"Calendar Year (Jan - Dec), 2021",55024.0,55024.0,6078.0,6078.0,,,48160.0,48160.0,15049.0,15049.0,13528.0,13528.0,16738.0,16738.0,22184.0,22184.0,10759.0,10759.0,90.0,90.0,10.0,10.0,,,76.0,76.0,24.0,24.0,21.0,21.0,26.0,26.0,35.0,35.0,17.0,17.0,,,30381.0,30381.0,32828.0,32828.0,,,48.0,48.0,52.0,52.0,,,,,,
India,Telangana,36,"Calendar Year (Jan - Dec), 2022",53332.0,53332.0,5959.0,5959.0,,,44842.0,44842.0,15872.0,15872.0,13494.0,13494.0,17718.0,17718.0,17713.0,17713.0,11789.0,11789.0,87.8,87.8,9.8,9.8,,,74.0,74.0,26.0,26.0,22.0,22.0,29.0,29.0,29.0,29.0,19.0,19.0,1423.0,1423.0,31254.0,31254.0,29460.0,29460.0,2.3,2.3,51.0,51.0,49.0,49.0,,,,,,
India,Telangana,36,"Calendar Year (Jan - Dec), 2023",64606.0,64606.0,6613.0,6613.0,1722.0,1722.0,55437.0,55437.0,17504.0,17504.0,9186.0,9186.0,27431.0,27431.0,20884.0,20884.0,24626.0,24626.0,88.6,88.6,9.1,9.1,2.4,2.4,76.0,76.0,24.0,24.0,11.2,11.2,33.4,33.4,25.4,25.4,30.0,30.0,,,,,,,,,,,,,,,,,,
India,Telangana,36,"Calendar Year (Jan - Dec), 2024",64581.0,64581.0,10413.0,10413.0,,,56553.0,56553.0,18441.0,18441.0,,,,,,,,,86.0,86.0,14.0,14.0,,,75.4,75.4,24.6,24.6,,,,,,,,,,,44601.0,44601.0,30393.0,30393.0,,,59.5,59.5,40.5,40.5,,,,,,
India,Ladakh,37,"Calendar Year (Jan - Dec), 2020",231.96464918,231.96464918,24.1698196458,24.1698196458,,,153.0901065168,153.0901065168,106.3253333016,106.3253333016,,,,,,,,,,,,,,,,,,,,,,,,,,,,,131.4575711053,131.4575711053,127.9578687132,127.9578687132,,,,,,,151.4714941604,151.4714941604,107.3752440193,107.3752440193,0.5687016387,0.5687016387
India,Ladakh,37,"Calendar Year (Jan - Dec), 2021",194.0,194.0,40.0,40.0,,,138.0,138.0,101.0,101.0,60.0,60.0,68.0,68.0,6.0,6.0,105.0,105.0,83.0,83.0,17.0,17.0,,,58.0,58.0,42.0,42.0,25.0,25.0,28.0,28.0,3.0,3.0,44.0,44.0,,,128.0,128.0,111.0,111.0,,,54.0,54.0,46.0,46.0,,,,,,
India,Ladakh,37,"Calendar Year (Jan - Dec), 2022",246.0,246.0,41.0,41.0,,,182.0,182.0,109.0,109.0,72.0,72.0,112.0,112.0,10.0,10.0,97.0,97.0,84.5,84.5,14.1,14.1,,,63.0,63.0,37.0,37.0,25.0,25.0,38.0,38.0,3.0,3.0,33.0,33.0,4.0,4.0,184.0,184.0,107.0,107.0,1.4,1.4,63.0,63.0,37.0,37.0,,,,,,
India,Ladakh,37,"Calendar Year (Jan - Dec), 2023",264.0,264.0,54.0,54.0,2.0,2.0,235.0,235.0,85.0,85.0,52.0,52.0,179.0,179.0,10.0,10.0,131.0,131.0,82.5,82.5,16.9,16.9,0.6,0.6,73.4,73.4,26.6,26.6,14.0,14.0,48.1,48.1,2.7,2.7,35.2,35.2,,,,,,,,,,,,,,,,,,
India,Ladakh,37,"Calendar Year (Jan - Dec), 2024",269.0,269.0,51.0,51.0,,,241.0,241.0,79.0,79.0,,,,,,,,,84.0,84.0,16.0,16.0,,,75.3,75.3,24.7,24.7,,,,,,,,,,,267.0,267.0,53.0,53.0,,,83.4,83.4,16.6,16.6,,,,,,
India,The Dadra And Nagar Haveli And Daman And Diu,38,"Calendar Year (Jan - Dec), 2020",1221.0,1221.0,246.0,246.0,,,947.0,947.0,550.0,550.0,,,,,,,,,,,,,,,,,,,,,,,,,,,,,630.0,630.0,867.0,867.0,,,,,,,926.0,926.0,571.0,571.0,,
India,The Dadra And Nagar Haveli And Daman And Diu,38,"Calendar Year (Jan - Dec), 2021",797.0,797.0,130.0,130.0,,,599.0,599.0,366.0,366.0,185.0,185.0,261.0,261.0,216.0,216.0,303.0,303.0,86.0,86.0,14.0,14.0,,,62.0,62.0,38.0,38.0,19.0,19.0,27.0,27.0,22.0,22.0,31.0,31.0,,,446.0,446.0,519.0,519.0,,,46.0,46.0,54.0,54.0,,,,,,
India,The Dadra And Nagar Haveli And Daman And Diu,38,"Calendar Year (Jan - Dec), 2022",875.0,875.0,108.0,108.0,,,586.0,586.0,427.0,427.0,196.0,196.0,217.0,217.0,205.0,205.0,395.0,395.0,86.4,86.4,10.7,10.7,,,58.0,58.0,42.0,42.0,19.0,19.0,21.0,21.0,20.0,20.0,39.0,39.0,30.0,30.0,413.0,413.0,600.0,600.0,3.0,3.0,41.0,41.0,59.0,59.0,,,,,,
India,The Dadra And Nagar Haveli And Daman And Diu,38,"Calendar Year (Jan - Dec), 2023",1225.0,1225.0,141.0,141.0,33.0,33.0,810.0,810.0,589.0,589.0,261.0,261.0,301.0,301.0,214.0,214.0,884.0,884.0,87.6,87.6,10.1,10.1,2.4,2.4,57.9,57.9,42.1,42.1,15.7,15.7,18.1,18.1,12.9,12.9,53.3,53.3,,,,,,,,,,,,,,,,,,
India,The Dadra And Nagar Haveli And Daman And Diu,38,"Calendar Year (Jan - Dec), 2024",996.0,996.0,171.0,171.0,,,764.0,764.0,403.0,403.0,,,,,,,,,85.0,85.0,15.0,15.0,,,65.5,65.5,34.5,34.5,,,,,,,,,,,860.0,860.0,307.0,307.0,,,73.7,73.7,26.3,26.3,,,,,,
