Country,StateName,StateCode,Year,Number_of_previously_treated_TB_patients_notified_under_public_sector_sum,Number_of_previously_treated_TB_patients_notified_under_public_sector_avg,Number_of_persons_cured_sum,Number_of_persons_cured_avg,Percentage_of_cure_rate_sum,Percentage_of_cure_rate_avg,Number_of_persons_treated_successfully_sum,Number_of_persons_treated_successfully_avg,Percentage_of_success_rate_sum,Percentage_of_success_rate_avg,Number_of_persons_died_sum,Number_of_persons_died_avg,Percentage_of_death_rate_sum,Percentage_of_death_rate_avg,Number_of_persons_who_do_not_return_for_necessary_follow-up_visits_sum,Number_of_persons_who_do_not_return_for_necessary_follow-up_visits_avg,Percentage_of_lost_to_follow_up_sum,Percentage_of_lost_to_follow_up_avg,Number_of_persons_for_whom_the_treatment_was_a_failure_sum,Number_of_persons_for_whom_the_treatment_was_a_failure_avg,Percentage_of_treatment_failure_rate_sum,Percentage_of_treatment_failure_rate_avg,Number_of_persons_for_whom_the_treatment_regimen_has_to_change_sum,Number_of_persons_for_whom_the_treatment_regimen_has_to_change_avg,Percentage_of_regimen_change_sum,Percentage_of_regimen_change_avg,Number_of_persons_whose_treatments_is_not_clear_sum,Number_of_persons_whose_treatments_is_not_clear_avg,Percentage_of_not_evaluated_sum,Percentage_of_not_evaluated_avg,Number_of_bacteriologically_confirmed_TB_patients_sum,Number_of_bacteriologically_confirmed_TB_patients_avg
India,Jammu And Kashmir,1,"Calendar Year (Jan - Dec), 2017",1149.2990605576,1149.2990605576,538.947899887,538.947899887,47.0,47.0,674.9075334338,674.9075334338,59.0,59.0,48.9063430025,48.9063430025,4.0,4.0,48.9063430025,48.9063430025,4.0,4.0,29.3438058015,29.3438058015,3.0,3.0,16.6281566208,16.6281566208,1.0,1.0,330.6068786966,330.6068786966,,,,
India,Jammu And Kashmir,1,"Calendar Year (Jan - Dec), 2018",1465.2340363535,1465.2340363535,865.6422711434,865.6422711434,71.0,71.0,1229.5054630816,1229.5054630816,84.0,84.0,59.665738463,59.665738463,4.0,4.0,66.5126264833,66.5126264833,5.0,5.0,29.3438058015,29.3438058015,2.0,2.0,8.8031417404,8.8031417404,1.0,1.0,71.4032607836,71.4032607836,5.0,5.0,1210.9210527407,1210.9210527407
India,Jammu And Kashmir,1,"Calendar Year (Jan - Dec), 2019",1046.0,1046.0,573.0,573.0,70.0,70.0,893.0,893.0,85.0,85.0,34.0,34.0,3.3,3.3,24.0,24.0,2.3,2.3,11.0,11.0,1.1,1.1,18.0,18.0,1.7,1.7,66.0,66.0,6.3,6.3,823.0,823.0
India,Jammu And Kashmir,1,"Calendar Year (Jan - Dec), 2020",936.0,936.0,485.0,485.0,72.0,72.0,758.0,758.0,81.0,81.0,45.0,45.0,4.8,4.8,16.0,16.0,1.7,1.7,9.0,9.0,1.0,1.0,15.0,15.0,1.6,1.6,67.0,67.0,7.2,7.2,671.0,671.0
India,Jammu And Kashmir,1,"Calendar Year (Jan - Dec), 2021",1144.0,1144.0,604.0,604.0,52.8,52.8,975.0,975.0,85.2,85.2,60.0,60.0,5.2,5.2,24.0,24.0,2.1,2.1,14.0,14.0,1.2,1.2,13.0,13.0,1.1,1.1,17.0,17.0,1.5,1.5,,
India,Jammu And Kashmir,1,"Calendar Year (Jan - Dec), 2022",1422.0,1422.0,704.0,704.0,49.5,49.5,1149.0,1149.0,80.8,80.8,51.0,51.0,3.6,3.6,25.0,25.0,1.8,1.8,12.0,12.0,0.8,0.8,14.0,14.0,1.0,1.0,5.0,5.0,0.4,0.4,,
India,Himachal Pradesh,2,"Calendar Year (Jan - Dec), 2017",2222.0,2222.0,1324.0,1324.0,60.0,60.0,1811.0,1811.0,82.0,82.0,151.0,151.0,7.0,7.0,82.0,82.0,4.0,4.0,32.0,32.0,1.0,1.0,95.0,95.0,4.0,4.0,51.0,51.0,,,,
India,Himachal Pradesh,2,"Calendar Year (Jan - Dec), 2018",2258.0,2258.0,1326.0,1326.0,67.0,67.0,1930.0,1930.0,85.0,85.0,130.0,130.0,6.0,6.0,54.0,54.0,2.0,2.0,17.0,17.0,1.0,1.0,37.0,37.0,2.0,2.0,90.0,90.0,4.0,4.0,1979.0,1979.0
India,Himachal Pradesh,2,"Calendar Year (Jan - Dec), 2019",2096.0,2096.0,1228.0,1228.0,66.0,66.0,1820.0,1820.0,87.0,87.0,127.0,127.0,6.1,6.1,43.0,43.0,2.1,2.1,11.0,11.0,0.5,0.5,42.0,42.0,2.0,2.0,53.0,53.0,2.5,2.5,1853.0,1853.0
India,Himachal Pradesh,2,"Calendar Year (Jan - Dec), 2020",1747.0,1747.0,1022.0,1022.0,66.0,66.0,1516.0,1516.0,87.0,87.0,100.0,100.0,5.7,5.7,18.0,18.0,1.0,1.0,11.0,11.0,0.6,0.6,37.0,37.0,2.1,2.1,18.0,18.0,1.0,1.0,1545.0,1545.0
India,Himachal Pradesh,2,"Calendar Year (Jan - Dec), 2021",1840.0,1840.0,1001.0,1001.0,54.4,54.4,1606.0,1606.0,87.3,87.3,121.0,121.0,6.6,6.6,14.0,14.0,0.8,0.8,13.0,13.0,0.7,0.7,37.0,37.0,2.0,2.0,10.0,10.0,0.5,0.5,,
India,Himachal Pradesh,2,"Calendar Year (Jan - Dec), 2022",1787.0,1787.0,996.0,996.0,55.7,55.7,1515.0,1515.0,84.8,84.8,115.0,115.0,6.4,6.4,20.0,20.0,1.1,1.1,9.0,9.0,0.5,0.5,42.0,42.0,2.4,2.4,3.0,3.0,0.2,0.2,,
India,Punjab,3,"Calendar Year (Jan - Dec), 2017",6319.0,6319.0,3319.0,3319.0,53.0,53.0,4887.0,4887.0,77.0,77.0,425.0,425.0,7.0,7.0,405.0,405.0,6.0,6.0,114.0,114.0,2.0,2.0,191.0,191.0,3.0,3.0,297.0,297.0,,,,
India,Punjab,3,"Calendar Year (Jan - Dec), 2018",6201.0,6201.0,3158.0,3158.0,61.0,61.0,4860.0,4860.0,78.0,78.0,451.0,451.0,7.0,7.0,350.0,350.0,6.0,6.0,72.0,72.0,1.0,1.0,82.0,82.0,1.0,1.0,386.0,386.0,6.0,6.0,5148.0,5148.0
India,Punjab,3,"Calendar Year (Jan - Dec), 2019",5936.0,5936.0,2839.0,2839.0,58.0,58.0,4582.0,4582.0,77.0,77.0,309.0,309.0,5.2,5.2,242.0,242.0,4.1,4.1,75.0,75.0,1.3,1.3,124.0,124.0,2.1,2.1,604.0,604.0,10.2,10.2,4916.0,4916.0
India,Punjab,3,"Calendar Year (Jan - Dec), 2020",4827.0,4827.0,2279.0,2279.0,58.0,58.0,3798.0,3798.0,79.0,79.0,318.0,318.0,6.6,6.6,175.0,175.0,3.6,3.6,42.0,42.0,0.9,0.9,85.0,85.0,1.8,1.8,168.0,168.0,3.5,3.5,3954.0,3954.0
India,Punjab,3,"Calendar Year (Jan - Dec), 2021",4826.0,4826.0,2172.0,2172.0,45.0,45.0,3870.0,3870.0,80.2,80.2,314.0,314.0,6.5,6.5,182.0,182.0,3.8,3.8,48.0,48.0,1.0,1.0,98.0,98.0,2.0,2.0,40.0,40.0,0.8,0.8,,
India,Punjab,3,"Calendar Year (Jan - Dec), 2022",6980.0,6980.0,2662.0,2662.0,38.1,38.1,4807.0,4807.0,68.9,68.9,296.0,296.0,4.2,4.2,199.0,199.0,2.9,2.9,57.0,57.0,0.8,0.8,80.0,80.0,1.1,1.1,45.0,45.0,0.6,0.6,,
India,Chandigarh,4,"Calendar Year (Jan - Dec), 2017",376.0,376.0,216.0,216.0,57.0,57.0,281.0,281.0,75.0,75.0,30.0,30.0,8.0,8.0,33.0,33.0,9.0,9.0,5.0,5.0,1.0,1.0,9.0,9.0,2.0,2.0,18.0,18.0,,,,
India,Chandigarh,4,"Calendar Year (Jan - Dec), 2018",442.0,442.0,197.0,197.0,65.0,65.0,377.0,377.0,85.0,85.0,15.0,15.0,3.0,3.0,26.0,26.0,6.0,6.0,4.0,4.0,1.0,1.0,2.0,2.0,0.0,0.0,18.0,18.0,4.0,4.0,305.0,305.0
India,Chandigarh,4,"Calendar Year (Jan - Dec), 2019",423.0,423.0,196.0,196.0,67.0,67.0,321.0,321.0,76.0,76.0,23.0,23.0,5.4,5.4,28.0,28.0,6.6,6.6,6.0,6.0,1.4,1.4,2.0,2.0,0.5,0.5,43.0,43.0,10.2,10.2,293.0,293.0
India,Chandigarh,4,"Calendar Year (Jan - Dec), 2020",325.0,325.0,157.0,157.0,69.0,69.0,260.0,260.0,80.0,80.0,15.0,15.0,4.6,4.6,12.0,12.0,3.7,3.7,1.0,1.0,0.3,0.3,7.0,7.0,2.2,2.2,5.0,5.0,1.5,1.5,226.0,226.0
India,Chandigarh,4,"Calendar Year (Jan - Dec), 2021",425.0,425.0,184.0,184.0,43.3,43.3,342.0,342.0,80.5,80.5,27.0,27.0,6.4,6.4,17.0,17.0,4.0,4.0,11.0,11.0,2.6,2.6,10.0,10.0,2.4,2.4,3.0,3.0,0.7,0.7,,
India,Chandigarh,4,"Calendar Year (Jan - Dec), 2022",675.0,675.0,305.0,305.0,45.2,45.2,550.0,550.0,81.5,81.5,34.0,34.0,5.0,5.0,24.0,24.0,3.6,3.6,8.0,8.0,1.2,1.2,14.0,14.0,2.1,2.1,5.0,5.0,0.7,0.7,,
India,Uttarakhand,5,"Calendar Year (Jan - Dec), 2017",2811.0,2811.0,1099.0,1099.0,39.0,39.0,1897.0,1897.0,67.0,67.0,145.0,145.0,5.0,5.0,207.0,207.0,7.0,7.0,45.0,45.0,2.0,2.0,85.0,85.0,3.0,3.0,432.0,432.0,,,,
India,Uttarakhand,5,"Calendar Year (Jan - Dec), 2018",2839.0,2839.0,1312.0,1312.0,65.0,65.0,2285.0,2285.0,80.0,80.0,142.0,142.0,5.0,5.0,140.0,140.0,5.0,5.0,31.0,31.0,1.0,1.0,76.0,76.0,3.0,3.0,165.0,165.0,6.0,6.0,2033.0,2033.0
India,Uttarakhand,5,"Calendar Year (Jan - Dec), 2019",2205.0,2205.0,847.0,847.0,58.0,58.0,1765.0,1765.0,80.0,80.0,116.0,116.0,5.3,5.3,60.0,60.0,2.7,2.7,24.0,24.0,1.1,1.1,81.0,81.0,3.7,3.7,159.0,159.0,7.2,7.2,1456.0,1456.0
India,Uttarakhand,5,"Calendar Year (Jan - Dec), 2020",1870.0,1870.0,738.0,738.0,58.0,58.0,1550.0,1550.0,83.0,83.0,95.0,95.0,5.1,5.1,50.0,50.0,2.7,2.7,19.0,19.0,1.0,1.0,62.0,62.0,3.3,3.3,22.0,22.0,1.2,1.2,1283.0,1283.0
India,Uttarakhand,5,"Calendar Year (Jan - Dec), 2021",2164.0,2164.0,851.0,851.0,39.3,39.3,1846.0,1846.0,85.3,85.3,110.0,110.0,5.1,5.1,57.0,57.0,2.6,2.6,21.0,21.0,1.0,1.0,55.0,55.0,2.5,2.5,10.0,10.0,0.5,0.5,,
India,Uttarakhand,5,"Calendar Year (Jan - Dec), 2022",2616.0,2616.0,1172.0,1172.0,44.8,44.8,2178.0,2178.0,83.3,83.3,103.0,103.0,3.9,3.9,40.0,40.0,1.5,1.5,14.0,14.0,0.5,0.5,49.0,49.0,1.9,1.9,4.0,4.0,0.2,0.2,,
India,Haryana,6,"Calendar Year (Jan - Dec), 2017",6148.0,6148.0,3450.0,3450.0,56.0,56.0,4592.0,4592.0,75.0,75.0,425.0,425.0,7.0,7.0,301.0,301.0,5.0,5.0,172.0,172.0,3.0,3.0,164.0,164.0,3.0,3.0,494.0,494.0,,,,
India,Haryana,6,"Calendar Year (Jan - Dec), 2018",8604.0,8604.0,4548.0,4548.0,66.0,66.0,6855.0,6855.0,80.0,80.0,509.0,509.0,6.0,6.0,425.0,425.0,5.0,5.0,181.0,181.0,2.0,2.0,150.0,150.0,2.0,2.0,484.0,484.0,6.0,6.0,6887.0,6887.0
India,Haryana,6,"Calendar Year (Jan - Dec), 2019",7577.0,7577.0,3705.0,3705.0,60.0,60.0,5840.0,5840.0,77.0,77.0,411.0,411.0,5.4,5.4,244.0,244.0,3.2,3.2,133.0,133.0,1.8,1.8,110.0,110.0,1.5,1.5,839.0,839.0,11.1,11.1,6201.0,6201.0
India,Haryana,6,"Calendar Year (Jan - Dec), 2020",6609.0,6609.0,3050.0,3050.0,56.0,56.0,5075.0,5075.0,77.0,77.0,384.0,384.0,5.8,5.8,162.0,162.0,2.5,2.5,86.0,86.0,1.3,1.3,119.0,119.0,1.8,1.8,157.0,157.0,2.4,2.4,5492.0,5492.0
India,Haryana,6,"Calendar Year (Jan - Dec), 2021",7468.0,7468.0,3525.0,3525.0,47.2,47.2,6057.0,6057.0,81.1,81.1,441.0,441.0,5.9,5.9,132.0,132.0,1.8,1.8,87.0,87.0,1.2,1.2,150.0,150.0,2.0,2.0,118.0,118.0,1.6,1.6,,
India,Haryana,6,"Calendar Year (Jan - Dec), 2022",8405.0,8405.0,3906.0,3906.0,46.5,46.5,6552.0,6552.0,78.0,78.0,402.0,402.0,4.8,4.8,113.0,113.0,1.3,1.3,107.0,107.0,1.3,1.3,161.0,161.0,1.9,1.9,17.0,17.0,0.2,0.2,,
India,Delhi,7,"Calendar Year (Jan - Dec), 2017",8432.0,8432.0,3570.0,3570.0,42.0,42.0,4530.0,4530.0,54.0,54.0,322.0,322.0,4.0,4.0,677.0,677.0,8.0,8.0,135.0,135.0,2.0,2.0,377.0,377.0,4.0,4.0,2391.0,2391.0,,,,
India,Delhi,7,"Calendar Year (Jan - Dec), 2018",9297.0,9297.0,3802.0,3802.0,60.0,60.0,6840.0,6840.0,74.0,74.0,333.0,333.0,4.0,4.0,691.0,691.0,7.0,7.0,136.0,136.0,1.0,1.0,313.0,313.0,3.0,3.0,984.0,984.0,11.0,11.0,6331.0,6331.0
India,Delhi,7,"Calendar Year (Jan - Dec), 2019",9937.0,9937.0,3316.0,3316.0,52.0,52.0,7348.0,7348.0,74.0,74.0,333.0,333.0,3.4,3.4,608.0,608.0,6.1,6.1,132.0,132.0,1.3,1.3,378.0,378.0,3.8,3.8,1138.0,1138.0,11.5,11.5,6325.0,6325.0
India,Delhi,7,"Calendar Year (Jan - Dec), 2020",8278.0,8278.0,2795.0,2795.0,52.0,52.0,6128.0,6128.0,74.0,74.0,315.0,315.0,3.8,3.8,480.0,480.0,5.8,5.8,93.0,93.0,1.1,1.1,381.0,381.0,4.6,4.6,157.0,157.0,1.9,1.9,5423.0,5423.0
India,Delhi,7,"Calendar Year (Jan - Dec), 2021",9743.0,9743.0,3287.0,3287.0,33.7,33.7,7370.0,7370.0,75.6,75.6,409.0,409.0,4.2,4.2,545.0,545.0,5.6,5.6,126.0,126.0,1.3,1.3,369.0,369.0,3.8,3.8,133.0,133.0,1.4,1.4,,
India,Delhi,7,"Calendar Year (Jan - Dec), 2022",12066.0,12066.0,3853.0,3853.0,31.9,31.9,8394.0,8394.0,69.6,69.6,403.0,403.0,3.3,3.3,594.0,594.0,4.9,4.9,126.0,126.0,1.0,1.0,535.0,535.0,4.4,4.4,36.0,36.0,0.3,0.3,,
India,Rajasthan,8,"Calendar Year (Jan - Dec), 2017",18185.0,18185.0,9401.0,9401.0,52.0,52.0,13935.0,13935.0,77.0,77.0,1115.0,1115.0,6.0,6.0,1190.0,1190.0,7.0,7.0,301.0,301.0,2.0,2.0,346.0,346.0,2.0,2.0,1298.0,1298.0,,,,
India,Rajasthan,8,"Calendar Year (Jan - Dec), 2018",20415.0,20415.0,10491.0,10491.0,63.0,63.0,15776.0,15776.0,77.0,77.0,1140.0,1140.0,6.0,6.0,919.0,919.0,5.0,5.0,235.0,235.0,1.0,1.0,217.0,217.0,1.0,1.0,2128.0,2128.0,10.0,10.0,16687.0,16687.0
India,Rajasthan,8,"Calendar Year (Jan - Dec), 2019",16128.0,16128.0,7303.0,7303.0,55.0,55.0,11951.0,11951.0,74.0,74.0,793.0,793.0,4.9,4.9,605.0,605.0,3.8,3.8,196.0,196.0,1.2,1.2,227.0,227.0,1.4,1.4,2356.0,2356.0,14.6,14.6,13196.0,13196.0
India,Rajasthan,8,"Calendar Year (Jan - Dec), 2020",15752.0,15752.0,7003.0,7003.0,58.0,58.0,12047.0,12047.0,76.0,76.0,741.0,741.0,4.7,4.7,516.0,516.0,3.3,3.3,162.0,162.0,1.0,1.0,307.0,307.0,1.9,1.9,197.0,197.0,1.3,1.3,12015.0,12015.0
India,Rajasthan,8,"Calendar Year (Jan - Dec), 2021",16929.0,16929.0,6910.0,6910.0,40.8,40.8,13649.0,13649.0,80.6,80.6,834.0,834.0,4.9,4.9,463.0,463.0,2.7,2.7,171.0,171.0,1.0,1.0,369.0,369.0,2.2,2.2,130.0,130.0,0.8,0.8,,
India,Rajasthan,8,"Calendar Year (Jan - Dec), 2022",18309.0,18309.0,7211.0,7211.0,39.4,39.4,14643.0,14643.0,80.0,80.0,707.0,707.0,3.9,3.9,378.0,378.0,2.1,2.1,139.0,139.0,0.8,0.8,269.0,269.0,1.5,1.5,39.0,39.0,0.2,0.2,,
India,Uttar Pradesh,9,"Calendar Year (Jan - Dec), 2017",34081.0,34081.0,12581.0,12581.0,37.0,37.0,21022.0,21022.0,62.0,62.0,1742.0,1742.0,5.0,5.0,2225.0,2225.0,7.0,7.0,463.0,463.0,1.0,1.0,969.0,969.0,3.0,3.0,7660.0,7660.0,,,,
India,Uttar Pradesh,9,"Calendar Year (Jan - Dec), 2018",48066.0,48066.0,19208.0,19208.0,57.0,57.0,37207.0,37207.0,77.0,77.0,2522.0,2522.0,5.0,5.0,2734.0,2734.0,6.0,6.0,525.0,525.0,1.0,1.0,1010.0,1010.0,2.0,2.0,4068.0,4068.0,8.0,8.0,33564.0,33564.0
India,Uttar Pradesh,9,"Calendar Year (Jan - Dec), 2019",43013.0,43013.0,14950.0,14950.0,52.0,52.0,32981.0,32981.0,77.0,77.0,1914.0,1914.0,4.4,4.4,1937.0,1937.0,4.5,4.5,455.0,455.0,1.1,1.1,1326.0,1326.0,3.1,3.1,4400.0,4400.0,10.2,10.2,28731.0,28731.0
India,Uttar Pradesh,9,"Calendar Year (Jan - Dec), 2020",33136.0,33136.0,10412.0,10412.0,53.0,53.0,26283.0,26283.0,79.0,79.0,1435.0,1435.0,4.3,4.3,1012.0,1012.0,3.1,3.1,287.0,287.0,0.9,0.9,997.0,997.0,3.0,3.0,307.0,307.0,0.9,0.9,19728.0,19728.0
India,Uttar Pradesh,9,"Calendar Year (Jan - Dec), 2021",40671.0,40671.0,13866.0,13866.0,34.1,34.1,33597.0,33597.0,82.6,82.6,1713.0,1713.0,4.2,4.2,889.0,889.0,2.2,2.2,316.0,316.0,0.8,0.8,1143.0,1143.0,2.8,2.8,229.0,229.0,0.6,0.6,,
India,Uttar Pradesh,9,"Calendar Year (Jan - Dec), 2022",48405.0,48405.0,15436.0,15436.0,31.9,31.9,37328.0,37328.0,77.1,77.1,1609.0,1609.0,3.3,3.3,557.0,557.0,1.2,1.2,274.0,274.0,0.6,0.6,1200.0,1200.0,2.5,2.5,89.0,89.0,0.2,0.2,,
India,Bihar,10,"Calendar Year (Jan - Dec), 2017",5707.0,5707.0,2077.0,2077.0,36.0,36.0,3639.0,3639.0,64.0,64.0,177.0,177.0,3.0,3.0,319.0,319.0,6.0,6.0,53.0,53.0,1.0,1.0,77.0,77.0,1.0,1.0,1442.0,1442.0,,,,
India,Bihar,10,"Calendar Year (Jan - Dec), 2018",9248.0,9248.0,3624.0,3624.0,57.0,57.0,7067.0,7067.0,76.0,76.0,312.0,312.0,3.0,3.0,588.0,588.0,6.0,6.0,80.0,80.0,1.0,1.0,142.0,142.0,2.0,2.0,1059.0,1059.0,11.0,11.0,6353.0,6353.0
India,Bihar,10,"Calendar Year (Jan - Dec), 2019",9806.0,9806.0,3406.0,3406.0,51.0,51.0,6856.0,6856.0,70.0,70.0,312.0,312.0,3.2,3.2,393.0,393.0,4.0,4.0,67.0,67.0,0.7,0.7,143.0,143.0,1.5,1.5,2035.0,2035.0,20.8,20.8,6722.0,6722.0
India,Bihar,10,"Calendar Year (Jan - Dec), 2020",6837.0,6837.0,1691.0,1691.0,40.0,40.0,4732.0,4732.0,69.0,69.0,183.0,183.0,2.7,2.7,305.0,305.0,4.5,4.5,38.0,38.0,0.6,0.6,114.0,114.0,1.7,1.7,463.0,463.0,6.8,6.8,4261.0,4261.0
India,Bihar,10,"Calendar Year (Jan - Dec), 2021",7660.0,7660.0,1828.0,1828.0,23.9,23.9,5540.0,5540.0,72.3,72.3,221.0,221.0,2.9,2.9,304.0,304.0,4.0,4.0,50.0,50.0,0.7,0.7,106.0,106.0,1.4,1.4,257.0,257.0,3.4,3.4,,
India,Bihar,10,"Calendar Year (Jan - Dec), 2022",11430.0,11430.0,2025.0,2025.0,17.7,17.7,6269.0,6269.0,54.8,54.8,218.0,218.0,1.9,1.9,306.0,306.0,2.7,2.7,53.0,53.0,0.5,0.5,178.0,178.0,1.6,1.6,91.0,91.0,0.8,0.8,,
India,Sikkim,11,"Calendar Year (Jan - Dec), 2017",105.0,105.0,52.0,52.0,50.0,50.0,70.0,70.0,67.0,67.0,5.0,5.0,5.0,5.0,1.0,1.0,1.0,1.0,0.0,0.0,0.0,0.0,7.0,7.0,7.0,7.0,22.0,22.0,,,,
India,Sikkim,11,"Calendar Year (Jan - Dec), 2018",149.0,149.0,61.0,61.0,62.0,62.0,131.0,131.0,88.0,88.0,4.0,4.0,3.0,3.0,2.0,2.0,1.0,1.0,2.0,2.0,1.0,1.0,4.0,4.0,3.0,3.0,6.0,6.0,4.0,4.0,98.0,98.0
India,Sikkim,11,"Calendar Year (Jan - Dec), 2019",149.0,149.0,83.0,83.0,74.0,74.0,126.0,126.0,85.0,85.0,8.0,8.0,5.4,5.4,1.0,1.0,0.7,0.7,2.0,2.0,1.3,1.3,0.0,0.0,0.0,0.0,12.0,12.0,8.1,8.1,112.0,112.0
India,Sikkim,11,"Calendar Year (Jan - Dec), 2020",121.0,121.0,77.0,77.0,77.0,77.0,104.0,104.0,86.0,86.0,4.0,4.0,3.3,3.3,2.0,2.0,1.7,1.7,0.0,0.0,0.0,0.0,1.0,1.0,0.8,0.8,1.0,1.0,0.8,0.8,100.0,100.0
India,Sikkim,11,"Calendar Year (Jan - Dec), 2021",117.0,117.0,62.0,62.0,53.0,53.0,98.0,98.0,83.8,83.8,6.0,6.0,5.1,5.1,2.0,2.0,1.7,1.7,0.0,0.0,0.0,0.0,2.0,2.0,1.7,1.7,1.0,1.0,0.9,0.9,,
India,Sikkim,11,"Calendar Year (Jan - Dec), 2022",155.0,155.0,82.0,82.0,52.9,52.9,126.0,126.0,81.3,81.3,8.0,8.0,5.2,5.2,0.0,0.0,0.0,0.0,1.0,1.0,0.6,0.6,6.0,6.0,3.9,3.9,0.0,0.0,0.0,0.0,,
India,Arunachal Pradesh,12,"Calendar Year (Jan - Dec), 2017",389.0,389.0,135.0,135.0,35.0,35.0,206.0,206.0,53.0,53.0,9.0,9.0,2.0,2.0,32.0,32.0,8.0,8.0,8.0,8.0,2.0,2.0,32.0,32.0,8.0,8.0,102.0,102.0,,,,
India,Arunachal Pradesh,12,"Calendar Year (Jan - Dec), 2018",332.0,332.0,153.0,153.0,70.0,70.0,241.0,241.0,73.0,73.0,12.0,12.0,4.0,4.0,32.0,32.0,10.0,10.0,3.0,3.0,1.0,1.0,21.0,21.0,6.0,6.0,23.0,23.0,7.0,7.0,218.0,218.0
India,Arunachal Pradesh,12,"Calendar Year (Jan - Dec), 2019",389.0,389.0,156.0,156.0,67.0,67.0,302.0,302.0,78.0,78.0,9.0,9.0,2.3,2.3,27.0,27.0,6.9,6.9,8.0,8.0,2.1,2.1,25.0,25.0,6.4,6.4,18.0,18.0,4.6,4.6,233.0,233.0
India,Arunachal Pradesh,12,"Calendar Year (Jan - Dec), 2020",311.0,311.0,108.0,108.0,57.0,57.0,238.0,238.0,77.0,77.0,13.0,13.0,4.2,4.2,19.0,19.0,6.1,6.1,3.0,3.0,1.0,1.0,16.0,16.0,5.1,5.1,4.0,4.0,1.3,1.3,188.0,188.0
India,Arunachal Pradesh,12,"Calendar Year (Jan - Dec), 2021",336.0,336.0,134.0,134.0,39.9,39.9,247.0,247.0,73.5,73.5,14.0,14.0,4.2,4.2,24.0,24.0,7.1,7.1,1.0,1.0,0.3,0.3,11.0,11.0,3.3,3.3,7.0,7.0,2.1,2.1,,
India,Arunachal Pradesh,12,"Calendar Year (Jan - Dec), 2022",336.0,336.0,132.0,132.0,39.3,39.3,229.0,229.0,68.2,68.2,8.0,8.0,2.4,2.4,15.0,15.0,4.5,4.5,2.0,2.0,0.6,0.6,9.0,9.0,2.7,2.7,0.0,0.0,0.0,0.0,,
India,Nagaland,13,"Calendar Year (Jan - Dec), 2017",353.0,353.0,148.0,148.0,42.0,42.0,231.0,231.0,65.0,65.0,13.0,13.0,4.0,4.0,26.0,26.0,7.0,7.0,9.0,9.0,3.0,3.0,3.0,3.0,1.0,1.0,71.0,71.0,,,,
India,Nagaland,13,"Calendar Year (Jan - Dec), 2018",479.0,479.0,258.0,258.0,79.0,79.0,392.0,392.0,82.0,82.0,14.0,14.0,3.0,3.0,35.0,35.0,7.0,7.0,6.0,6.0,1.0,1.0,6.0,6.0,1.0,1.0,26.0,26.0,5.0,5.0,326.0,326.0
India,Nagaland,13,"Calendar Year (Jan - Dec), 2019",512.0,512.0,260.0,260.0,69.0,69.0,416.0,416.0,81.0,81.0,17.0,17.0,3.3,3.3,16.0,16.0,3.1,3.1,8.0,8.0,1.6,1.6,8.0,8.0,1.6,1.6,47.0,47.0,9.2,9.2,377.0,377.0
India,Nagaland,13,"Calendar Year (Jan - Dec), 2020",366.0,366.0,181.0,181.0,70.0,70.0,288.0,288.0,79.0,79.0,14.0,14.0,3.8,3.8,9.0,9.0,2.5,2.5,4.0,4.0,1.1,1.1,3.0,3.0,0.8,0.8,42.0,42.0,11.5,11.5,260.0,260.0
India,Nagaland,13,"Calendar Year (Jan - Dec), 2021",388.0,388.0,221.0,221.0,57.0,57.0,330.0,330.0,85.1,85.1,9.0,9.0,2.3,2.3,12.0,12.0,3.1,3.1,7.0,7.0,1.8,1.8,6.0,6.0,1.5,1.5,16.0,16.0,4.1,4.1,,
India,Nagaland,13,"Calendar Year (Jan - Dec), 2022",502.0,502.0,203.0,203.0,40.4,40.4,404.0,404.0,80.5,80.5,13.0,13.0,2.6,2.6,17.0,17.0,3.4,3.4,9.0,9.0,1.8,1.8,7.0,7.0,1.4,1.4,12.0,12.0,2.4,2.4,,
India,Manipur,14,"Calendar Year (Jan - Dec), 2017",218.0,218.0,92.0,92.0,42.0,42.0,145.0,145.0,67.0,67.0,12.0,12.0,6.0,6.0,8.0,8.0,4.0,4.0,5.0,5.0,2.0,2.0,2.0,2.0,1.0,1.0,46.0,46.0,,,,
India,Manipur,14,"Calendar Year (Jan - Dec), 2018",293.0,293.0,119.0,119.0,58.0,58.0,232.0,232.0,79.0,79.0,13.0,13.0,4.0,4.0,13.0,13.0,4.0,4.0,3.0,3.0,1.0,1.0,5.0,5.0,2.0,2.0,27.0,27.0,9.0,9.0,204.0,204.0
India,Manipur,14,"Calendar Year (Jan - Dec), 2019",230.0,230.0,77.0,77.0,51.0,51.0,154.0,154.0,67.0,67.0,10.0,10.0,4.3,4.3,8.0,8.0,3.5,3.5,1.0,1.0,0.4,0.4,9.0,9.0,3.9,3.9,48.0,48.0,20.9,20.9,151.0,151.0
India,Manipur,14,"Calendar Year (Jan - Dec), 2020",142.0,142.0,74.0,74.0,79.0,79.0,121.0,121.0,85.0,85.0,6.0,6.0,4.2,4.2,1.0,1.0,0.7,0.7,1.0,1.0,0.7,0.7,3.0,3.0,2.1,2.1,7.0,7.0,4.9,4.9,94.0,94.0
India,Manipur,14,"Calendar Year (Jan - Dec), 2021",176.0,176.0,76.0,76.0,43.2,43.2,137.0,137.0,77.8,77.8,7.0,7.0,4.0,4.0,5.0,5.0,2.8,2.8,2.0,2.0,1.1,1.1,7.0,7.0,4.0,4.0,12.0,12.0,6.8,6.8,,
India,Manipur,14,"Calendar Year (Jan - Dec), 2022",370.0,370.0,94.0,94.0,25.4,25.4,173.0,173.0,46.8,46.8,7.0,7.0,1.9,1.9,5.0,5.0,1.4,1.4,2.0,2.0,0.5,0.5,2.0,2.0,0.5,0.5,4.0,4.0,1.1,1.1,,
India,Mizoram,15,"Calendar Year (Jan - Dec), 2017",204.0,204.0,50.0,50.0,25.0,25.0,91.0,91.0,45.0,45.0,6.0,6.0,3.0,3.0,9.0,9.0,4.0,4.0,6.0,6.0,3.0,3.0,2.0,2.0,1.0,1.0,90.0,90.0,,,,
India,Mizoram,15,"Calendar Year (Jan - Dec), 2018",274.0,274.0,105.0,105.0,58.0,58.0,237.0,237.0,86.0,86.0,7.0,7.0,3.0,3.0,8.0,8.0,3.0,3.0,3.0,3.0,1.0,1.0,1.0,1.0,0.0,0.0,18.0,18.0,7.0,7.0,182.0,182.0
India,Mizoram,15,"Calendar Year (Jan - Dec), 2019",346.0,346.0,87.0,87.0,42.0,42.0,182.0,182.0,53.0,53.0,8.0,8.0,2.3,2.3,6.0,6.0,1.7,1.7,2.0,2.0,0.6,0.6,2.0,2.0,0.6,0.6,146.0,146.0,42.2,42.2,208.0,208.0
India,Mizoram,15,"Calendar Year (Jan - Dec), 2020",199.0,199.0,80.0,80.0,54.0,54.0,171.0,171.0,86.0,86.0,4.0,4.0,2.0,2.0,2.0,2.0,1.0,1.0,1.0,1.0,0.5,0.5,8.0,8.0,4.0,4.0,7.0,7.0,3.5,3.5,147.0,147.0
India,Mizoram,15,"Calendar Year (Jan - Dec), 2021",181.0,181.0,68.0,68.0,37.6,37.6,152.0,152.0,84.0,84.0,11.0,11.0,6.1,6.1,5.0,5.0,2.8,2.8,5.0,5.0,2.8,2.8,2.0,2.0,1.1,1.1,2.0,2.0,1.1,1.1,,
India,Mizoram,15,"Calendar Year (Jan - Dec), 2022",257.0,257.0,106.0,106.0,41.2,41.2,211.0,211.0,82.1,82.1,11.0,11.0,4.3,4.3,5.0,5.0,1.9,1.9,2.0,2.0,0.8,0.8,6.0,6.0,2.3,2.3,2.0,2.0,0.8,0.8,,
India,Tripura,16,"Calendar Year (Jan - Dec), 2017",241.0,241.0,96.0,96.0,40.0,40.0,146.0,146.0,61.0,61.0,21.0,21.0,9.0,9.0,25.0,25.0,10.0,10.0,2.0,2.0,1.0,1.0,2.0,2.0,1.0,1.0,45.0,45.0,,,,
India,Tripura,16,"Calendar Year (Jan - Dec), 2018",310.0,310.0,197.0,197.0,76.0,76.0,259.0,259.0,84.0,84.0,22.0,22.0,7.0,7.0,16.0,16.0,5.0,5.0,3.0,3.0,1.0,1.0,3.0,3.0,1.0,1.0,7.0,7.0,2.0,2.0,258.0,258.0
India,Tripura,16,"Calendar Year (Jan - Dec), 2019",289.0,289.0,148.0,148.0,65.0,65.0,215.0,215.0,74.0,74.0,24.0,24.0,8.3,8.3,17.0,17.0,5.9,5.9,2.0,2.0,0.7,0.7,9.0,9.0,3.1,3.1,22.0,22.0,7.6,7.6,226.0,226.0
India,Tripura,16,"Calendar Year (Jan - Dec), 2020",243.0,243.0,110.0,110.0,64.0,64.0,191.0,191.0,79.0,79.0,17.0,17.0,7.0,7.0,9.0,9.0,3.7,3.7,0.0,0.0,0.0,0.0,7.0,7.0,2.9,2.9,4.0,4.0,1.6,1.6,171.0,171.0
India,Tripura,16,"Calendar Year (Jan - Dec), 2021",256.0,256.0,109.0,109.0,42.6,42.6,204.0,204.0,79.7,79.7,25.0,25.0,9.8,9.8,5.0,5.0,2.0,2.0,2.0,2.0,0.8,0.8,5.0,5.0,2.0,2.0,3.0,3.0,1.2,1.2,,
India,Tripura,16,"Calendar Year (Jan - Dec), 2022",450.0,450.0,204.0,204.0,45.3,45.3,384.0,384.0,85.3,85.3,27.0,27.0,6.0,6.0,14.0,14.0,3.1,3.1,2.0,2.0,0.4,0.4,6.0,6.0,1.3,1.3,0.0,0.0,0.0,0.0,,
India,Meghalaya,17,"Calendar Year (Jan - Dec), 2017",336.0,336.0,102.0,102.0,30.0,30.0,168.0,168.0,50.0,50.0,15.0,15.0,4.0,4.0,24.0,24.0,7.0,7.0,4.0,4.0,1.0,1.0,5.0,5.0,1.0,1.0,120.0,120.0,,,,
India,Meghalaya,17,"Calendar Year (Jan - Dec), 2018",459.0,459.0,189.0,189.0,60.0,60.0,363.0,363.0,79.0,79.0,19.0,19.0,4.0,4.0,15.0,15.0,3.0,3.0,8.0,8.0,2.0,2.0,18.0,18.0,4.0,4.0,36.0,36.0,8.0,8.0,317.0,317.0
India,Meghalaya,17,"Calendar Year (Jan - Dec), 2019",442.0,442.0,165.0,165.0,55.0,55.0,341.0,341.0,77.0,77.0,21.0,21.0,4.8,4.8,21.0,21.0,4.8,4.8,8.0,8.0,1.8,1.8,15.0,15.0,3.4,3.4,36.0,36.0,8.1,8.1,301.0,301.0
India,Meghalaya,17,"Calendar Year (Jan - Dec), 2020",368.0,368.0,133.0,133.0,53.0,53.0,283.0,283.0,77.0,77.0,19.0,19.0,5.2,5.2,14.0,14.0,3.8,3.8,10.0,10.0,2.7,2.7,10.0,10.0,2.7,2.7,8.0,8.0,2.2,2.2,252.0,252.0
India,Meghalaya,17,"Calendar Year (Jan - Dec), 2021",371.0,371.0,136.0,136.0,36.7,36.7,296.0,296.0,79.8,79.8,23.0,23.0,6.2,6.2,16.0,16.0,4.3,4.3,8.0,8.0,2.2,2.2,9.0,9.0,2.4,2.4,1.0,1.0,0.3,0.3,,
India,Meghalaya,17,"Calendar Year (Jan - Dec), 2022",415.0,415.0,186.0,186.0,44.8,44.8,327.0,327.0,78.8,78.8,14.0,14.0,3.4,3.4,13.0,13.0,3.1,3.1,6.0,6.0,1.4,1.4,12.0,12.0,2.9,2.9,5.0,5.0,1.2,1.2,,
India,Assam,18,"Calendar Year (Jan - Dec), 2017",4169.0,4169.0,1418.0,1418.0,34.0,34.0,2636.0,2636.0,63.0,63.0,256.0,256.0,6.0,6.0,355.0,355.0,9.0,9.0,71.0,71.0,2.0,2.0,84.0,84.0,2.0,2.0,767.0,767.0,,,,
India,Assam,18,"Calendar Year (Jan - Dec), 2018",4739.0,4739.0,1669.0,1669.0,60.0,60.0,3929.0,3929.0,83.0,83.0,223.0,223.0,5.0,5.0,280.0,280.0,6.0,6.0,41.0,41.0,1.0,1.0,63.0,63.0,1.0,1.0,203.0,203.0,4.0,4.0,2776.0,2776.0
India,Assam,18,"Calendar Year (Jan - Dec), 2019",4933.0,4933.0,1529.0,1529.0,58.0,58.0,3985.0,3985.0,81.0,81.0,239.0,239.0,4.8,4.8,176.0,176.0,3.6,3.6,30.0,30.0,0.6,0.6,86.0,86.0,1.7,1.7,417.0,417.0,8.5,8.5,2649.0,2649.0
India,Assam,18,"Calendar Year (Jan - Dec), 2020",3590.0,3590.0,1080.0,1080.0,57.0,57.0,2945.0,2945.0,82.0,82.0,162.0,162.0,4.5,4.5,81.0,81.0,2.3,2.3,27.0,27.0,0.8,0.8,68.0,68.0,1.9,1.9,134.0,134.0,3.7,3.7,1898.0,1898.0
India,Assam,18,"Calendar Year (Jan - Dec), 2021",3333.0,3333.0,937.0,937.0,28.1,28.1,2880.0,2880.0,86.4,86.4,158.0,158.0,4.7,4.7,66.0,66.0,2.0,2.0,34.0,34.0,1.0,1.0,44.0,44.0,1.3,1.3,21.0,21.0,0.6,0.6,,
India,Assam,18,"Calendar Year (Jan - Dec), 2022",3968.0,3968.0,970.0,970.0,24.4,24.4,3053.0,3053.0,76.9,76.9,144.0,144.0,3.6,3.6,69.0,69.0,1.7,1.7,24.0,24.0,0.6,0.6,73.0,73.0,1.8,1.8,19.0,19.0,0.5,0.5,,
India,West Bengal,19,"Calendar Year (Jan - Dec), 2017",10101.0,10101.0,5452.0,5452.0,54.0,54.0,7095.0,7095.0,70.0,70.0,710.0,710.0,7.0,7.0,1055.0,1055.0,10.0,10.0,260.0,260.0,3.0,3.0,322.0,322.0,3.0,3.0,659.0,659.0,,,,
India,West Bengal,19,"Calendar Year (Jan - Dec), 2018",11225.0,11225.0,6137.0,6137.0,65.0,65.0,8758.0,8758.0,78.0,78.0,762.0,762.0,7.0,7.0,705.0,705.0,6.0,6.0,201.0,201.0,2.0,2.0,235.0,235.0,2.0,2.0,564.0,564.0,5.0,5.0,9501.0,9501.0
India,West Bengal,19,"Calendar Year (Jan - Dec), 2019",10792.0,10792.0,5297.0,5297.0,63.0,63.0,8331.0,8331.0,77.0,77.0,633.0,633.0,5.9,5.9,459.0,459.0,4.3,4.3,175.0,175.0,1.6,1.6,302.0,302.0,2.8,2.8,892.0,892.0,8.3,8.3,8471.0,8471.0
India,West Bengal,19,"Calendar Year (Jan - Dec), 2020",8313.0,8313.0,4207.0,4207.0,65.0,65.0,6534.0,6534.0,79.0,79.0,559.0,559.0,6.7,6.7,282.0,282.0,3.4,3.4,133.0,133.0,1.6,1.6,271.0,271.0,3.3,3.3,120.0,120.0,1.4,1.4,6484.0,6484.0
India,West Bengal,19,"Calendar Year (Jan - Dec), 2021",8656.0,8656.0,4492.0,4492.0,51.9,51.9,6970.0,6970.0,80.5,80.5,507.0,507.0,5.9,5.9,235.0,235.0,2.7,2.7,156.0,156.0,1.8,1.8,245.0,245.0,2.8,2.8,77.0,77.0,0.9,0.9,,
India,West Bengal,19,"Calendar Year (Jan - Dec), 2022",8634.0,8634.0,4085.0,4085.0,47.3,47.3,6578.0,6578.0,76.2,76.2,419.0,419.0,4.9,4.9,215.0,215.0,2.5,2.5,111.0,111.0,1.3,1.3,281.0,281.0,3.3,3.3,138.0,138.0,1.6,1.6,,
India,Jharkhand,20,"Calendar Year (Jan - Dec), 2017",4041.0,4041.0,1440.0,1440.0,36.0,36.0,2917.0,2917.0,72.0,72.0,138.0,138.0,3.0,3.0,174.0,174.0,4.0,4.0,40.0,40.0,1.0,1.0,42.0,42.0,1.0,1.0,730.0,730.0,,,,
India,Jharkhand,20,"Calendar Year (Jan - Dec), 2018",4331.0,4331.0,1716.0,1716.0,63.0,63.0,3707.0,3707.0,86.0,86.0,167.0,167.0,4.0,4.0,144.0,144.0,3.0,3.0,37.0,37.0,1.0,1.0,42.0,42.0,1.0,1.0,234.0,234.0,5.0,5.0,2721.0,2721.0
India,Jharkhand,20,"Calendar Year (Jan - Dec), 2019",3368.0,3368.0,999.0,999.0,48.0,48.0,2555.0,2555.0,76.0,76.0,113.0,113.0,3.4,3.4,99.0,99.0,2.9,2.9,31.0,31.0,0.9,0.9,41.0,41.0,1.2,1.2,529.0,529.0,15.7,15.7,2070.0,2070.0
India,Jharkhand,20,"Calendar Year (Jan - Dec), 2020",2711.0,2711.0,785.0,785.0,49.0,49.0,2197.0,2197.0,81.0,81.0,83.0,83.0,3.1,3.1,61.0,61.0,2.3,2.3,20.0,20.0,0.7,0.7,38.0,38.0,1.4,1.4,89.0,89.0,3.3,3.3,1589.0,1589.0
India,Jharkhand,20,"Calendar Year (Jan - Dec), 2021",3191.0,3191.0,1018.0,1018.0,31.9,31.9,2720.0,2720.0,85.2,85.2,96.0,96.0,3.0,3.0,82.0,82.0,2.6,2.6,26.0,26.0,0.8,0.8,31.0,31.0,1.0,1.0,56.0,56.0,1.8,1.8,,
India,Jharkhand,20,"Calendar Year (Jan - Dec), 2022",5179.0,5179.0,1054.0,1054.0,20.4,20.4,3750.0,3750.0,72.4,72.4,98.0,98.0,1.9,1.9,98.0,98.0,1.9,1.9,33.0,33.0,0.6,0.6,26.0,26.0,0.5,0.5,149.0,149.0,2.9,2.9,,
India,Odisha,21,"Calendar Year (Jan - Dec), 2017",7298.0,7298.0,2592.0,2592.0,36.0,36.0,3587.0,3587.0,49.0,49.0,422.0,422.0,6.0,6.0,456.0,456.0,6.0,6.0,91.0,91.0,1.0,1.0,101.0,101.0,1.0,1.0,2641.0,2641.0,,,,
India,Odisha,21,"Calendar Year (Jan - Dec), 2018",5645.0,5645.0,2863.0,2863.0,67.0,67.0,4535.0,4535.0,80.0,80.0,445.0,445.0,8.0,8.0,367.0,367.0,7.0,7.0,45.0,45.0,1.0,1.0,80.0,80.0,1.0,1.0,173.0,173.0,3.0,3.0,4244.0,4244.0
India,Odisha,21,"Calendar Year (Jan - Dec), 2019",4423.0,4423.0,2122.0,2122.0,70.0,70.0,3692.0,3692.0,83.0,83.0,293.0,293.0,6.6,6.6,153.0,153.0,3.5,3.5,35.0,35.0,0.8,0.8,79.0,79.0,1.8,1.8,171.0,171.0,3.9,3.9,3046.0,3046.0
India,Odisha,21,"Calendar Year (Jan - Dec), 2020",3561.0,3561.0,1751.0,1751.0,72.0,72.0,3038.0,3038.0,85.0,85.0,254.0,254.0,7.1,7.1,80.0,80.0,2.2,2.2,23.0,23.0,0.6,0.6,46.0,46.0,1.3,1.3,43.0,43.0,1.2,1.2,2446.0,2446.0
India,Odisha,21,"Calendar Year (Jan - Dec), 2021",3767.0,3767.0,1693.0,1693.0,44.9,44.9,3244.0,3244.0,86.1,86.1,304.0,304.0,8.1,8.1,54.0,54.0,1.4,1.4,13.0,13.0,0.3,0.3,48.0,48.0,1.3,1.3,26.0,26.0,0.7,0.7,,
India,Odisha,21,"Calendar Year (Jan - Dec), 2022",4046.0,4046.0,1632.0,1632.0,40.3,40.3,3290.0,3290.0,81.3,81.3,201.0,201.0,5.0,5.0,45.0,45.0,1.1,1.1,18.0,18.0,0.4,0.4,48.0,48.0,1.2,1.2,26.0,26.0,0.6,0.6,,
India,Chhattisgarh,22,"Calendar Year (Jan - Dec), 2017",3289.0,3289.0,1385.0,1385.0,42.0,42.0,2578.0,2578.0,78.0,78.0,235.0,235.0,7.0,7.0,235.0,235.0,7.0,7.0,84.0,84.0,3.0,3.0,82.0,82.0,2.0,2.0,75.0,75.0,,,,
India,Chhattisgarh,22,"Calendar Year (Jan - Dec), 2018",3080.0,3080.0,1422.0,1422.0,69.0,69.0,2495.0,2495.0,81.0,81.0,207.0,207.0,7.0,7.0,154.0,154.0,5.0,5.0,49.0,49.0,2.0,2.0,59.0,59.0,2.0,2.0,116.0,116.0,4.0,4.0,2070.0,2070.0
India,Chhattisgarh,22,"Calendar Year (Jan - Dec), 2019",3077.0,3077.0,1222.0,1222.0,68.0,68.0,2496.0,2496.0,81.0,81.0,169.0,169.0,5.5,5.5,101.0,101.0,3.3,3.3,35.0,35.0,1.1,1.1,68.0,68.0,2.2,2.2,208.0,208.0,6.8,6.8,1804.0,1804.0
India,Chhattisgarh,22,"Calendar Year (Jan - Dec), 2020",2129.0,2129.0,853.0,853.0,68.0,68.0,1800.0,1800.0,85.0,85.0,124.0,124.0,5.8,5.8,57.0,57.0,2.7,2.7,18.0,18.0,0.8,0.8,42.0,42.0,2.0,2.0,49.0,49.0,2.3,2.3,1263.0,1263.0
India,Chhattisgarh,22,"Calendar Year (Jan - Dec), 2021",2370.0,2370.0,988.0,988.0,41.7,41.7,1996.0,1996.0,84.2,84.2,134.0,134.0,5.7,5.7,45.0,45.0,1.9,1.9,30.0,30.0,1.3,1.3,41.0,41.0,1.7,1.7,59.0,59.0,2.5,2.5,,
India,Chhattisgarh,22,"Calendar Year (Jan - Dec), 2022",3873.0,3873.0,1465.0,1465.0,37.8,37.8,3367.0,3367.0,86.9,86.9,153.0,153.0,4.0,4.0,85.0,85.0,2.2,2.2,25.0,25.0,0.6,0.6,62.0,62.0,1.6,1.6,11.0,11.0,0.3,0.3,,
India,Madhya Pradesh,23,"Calendar Year (Jan - Dec), 2017",15344.0,15344.0,6575.0,6575.0,43.0,43.0,11601.0,11601.0,76.0,76.0,925.0,925.0,6.0,6.0,1322.0,1322.0,9.0,9.0,308.0,308.0,2.0,2.0,361.0,361.0,2.0,2.0,827.0,827.0,,,,
India,Madhya Pradesh,23,"Calendar Year (Jan - Dec), 2018",16751.0,16751.0,6943.0,6943.0,62.0,62.0,13719.0,13719.0,82.0,82.0,850.0,850.0,5.0,5.0,839.0,839.0,5.0,5.0,256.0,256.0,2.0,2.0,210.0,210.0,1.0,1.0,877.0,877.0,5.0,5.0,11220.0,11220.0
India,Madhya Pradesh,23,"Calendar Year (Jan - Dec), 2019",15639.0,15639.0,5379.0,5379.0,54.0,54.0,12142.0,12142.0,78.0,78.0,674.0,674.0,4.3,4.3,639.0,639.0,4.1,4.1,186.0,186.0,1.2,1.2,316.0,316.0,2.0,2.0,1682.0,1682.0,10.8,10.8,10002.0,10002.0
India,Madhya Pradesh,23,"Calendar Year (Jan - Dec), 2020",13782.0,13782.0,4390.0,4390.0,54.0,54.0,11114.0,11114.0,81.0,81.0,603.0,603.0,4.4,4.4,483.0,483.0,3.5,3.5,133.0,133.0,1.0,1.0,304.0,304.0,2.2,2.2,441.0,441.0,3.2,3.2,8056.0,8056.0
India,Madhya Pradesh,23,"Calendar Year (Jan - Dec), 2021",16726.0,16726.0,4929.0,4929.0,29.5,29.5,14015.0,14015.0,83.8,83.8,756.0,756.0,4.5,4.5,558.0,558.0,3.3,3.3,202.0,202.0,1.2,1.2,319.0,319.0,1.9,1.9,319.0,319.0,1.9,1.9,,
India,Madhya Pradesh,23,"Calendar Year (Jan - Dec), 2022",18940.0,18940.0,5405.0,5405.0,28.5,28.5,14956.0,14956.0,79.0,79.0,703.0,703.0,3.7,3.7,483.0,483.0,2.6,2.6,201.0,201.0,1.1,1.1,315.0,315.0,1.7,1.7,104.0,104.0,0.5,0.5,,
India,Gujarat,24,"Calendar Year (Jan - Dec), 2017",18607.0,18607.0,10400.0,10400.0,56.0,56.0,12978.0,12978.0,70.0,70.0,1790.0,1790.0,10.0,10.0,1487.0,1487.0,8.0,8.0,639.0,639.0,3.0,3.0,861.0,861.0,5.0,5.0,852.0,852.0,,,,
India,Gujarat,24,"Calendar Year (Jan - Dec), 2018",22939.0,22939.0,10738.0,10738.0,65.0,65.0,17216.0,17216.0,75.0,75.0,1811.0,1811.0,8.0,8.0,1102.0,1102.0,5.0,5.0,505.0,505.0,2.0,2.0,772.0,772.0,3.0,3.0,1533.0,1533.0,7.0,7.0,16433.0,16433.0
India,Gujarat,24,"Calendar Year (Jan - Dec), 2019",24248.0,24248.0,10727.0,10727.0,69.0,69.0,19285.0,19285.0,80.0,80.0,1612.0,1612.0,6.6,6.6,666.0,666.0,2.7,2.7,547.0,547.0,2.3,2.3,1151.0,1151.0,4.7,4.7,987.0,987.0,4.1,4.1,15527.0,15527.0
India,Gujarat,24,"Calendar Year (Jan - Dec), 2020",20102.0,20102.0,8828.0,8828.0,75.0,75.0,16496.0,16496.0,82.0,82.0,1333.0,1333.0,6.6,6.6,318.0,318.0,1.6,1.6,409.0,409.0,2.0,2.0,912.0,912.0,4.5,4.5,41.0,41.0,0.2,0.2,11756.0,11756.0
India,Gujarat,24,"Calendar Year (Jan - Dec), 2021",23045.0,23045.0,9748.0,9748.0,42.3,42.3,19321.0,19321.0,83.8,83.8,1514.0,1514.0,6.6,6.6,367.0,367.0,1.6,1.6,427.0,427.0,1.9,1.9,866.0,866.0,3.8,3.8,65.0,65.0,0.3,0.3,,
India,Gujarat,24,"Calendar Year (Jan - Dec), 2022",22049.0,22049.0,9502.0,9502.0,43.1,43.1,18546.0,18546.0,84.1,84.1,1244.0,1244.0,5.6,5.6,340.0,340.0,1.5,1.5,411.0,411.0,1.9,1.9,800.0,800.0,3.6,3.6,21.0,21.0,0.1,0.1,,
India,Maharashtra,27,"Calendar Year (Jan - Dec), 2017",16857.0,16857.0,7468.0,7468.0,44.0,44.0,11488.0,11488.0,68.0,68.0,1125.0,1125.0,7.0,7.0,1554.0,1554.0,9.0,9.0,297.0,297.0,2.0,2.0,476.0,476.0,3.0,3.0,1917.0,1917.0,,,,
India,Maharashtra,27,"Calendar Year (Jan - Dec), 2018",19979.0,19979.0,7249.0,7249.0,58.0,58.0,14587.0,14587.0,73.0,73.0,1462.0,1462.0,7.0,7.0,1455.0,1455.0,7.0,7.0,281.0,281.0,1.0,1.0,457.0,457.0,2.0,2.0,1737.0,1737.0,9.0,9.0,12392.0,12392.0
India,Maharashtra,27,"Calendar Year (Jan - Dec), 2019",17359.0,17359.0,6097.0,6097.0,59.0,59.0,13467.0,13467.0,78.0,78.0,947.0,947.0,5.5,5.5,968.0,968.0,5.6,5.6,225.0,225.0,1.3,1.3,503.0,503.0,2.9,2.9,1249.0,1249.0,7.2,7.2,10286.0,10286.0
India,Maharashtra,27,"Calendar Year (Jan - Dec), 2020",13063.0,13063.0,4687.0,4687.0,63.0,63.0,10358.0,10358.0,79.0,79.0,771.0,771.0,5.9,5.9,468.0,468.0,3.6,3.6,178.0,178.0,1.4,1.4,459.0,459.0,3.5,3.5,110.0,110.0,0.8,0.8,7415.0,7415.0
India,Maharashtra,27,"Calendar Year (Jan - Dec), 2021",14775.0,14775.0,4929.0,4929.0,33.4,33.4,12115.0,12115.0,82.0,82.0,815.0,815.0,5.5,5.5,421.0,421.0,2.8,2.8,166.0,166.0,1.1,1.1,591.0,591.0,4.0,4.0,63.0,63.0,0.4,0.4,,
India,Maharashtra,27,"Calendar Year (Jan - Dec), 2022",18416.0,18416.0,5174.0,5174.0,28.1,28.1,14659.0,14659.0,79.6,79.6,802.0,802.0,4.4,4.4,540.0,540.0,2.9,2.9,178.0,178.0,1.0,1.0,553.0,553.0,3.0,3.0,164.0,164.0,0.9,0.9,,
India,Andhra Pradesh,28,"Calendar Year (Jan - Dec), 2017",9700.0,9700.0,5506.0,5506.0,57.0,57.0,7904.0,7904.0,81.0,81.0,712.0,712.0,7.0,7.0,457.0,457.0,5.0,5.0,244.0,244.0,3.0,3.0,268.0,268.0,3.0,3.0,115.0,115.0,,,,
India,Andhra Pradesh,28,"Calendar Year (Jan - Dec), 2018",8916.0,8916.0,4638.0,4638.0,66.0,66.0,7411.0,7411.0,83.0,83.0,641.0,641.0,7.0,7.0,318.0,318.0,4.0,4.0,98.0,98.0,1.0,1.0,272.0,272.0,3.0,3.0,176.0,176.0,2.0,2.0,7008.0,7008.0
India,Andhra Pradesh,28,"Calendar Year (Jan - Dec), 2019",9817.0,9817.0,5205.0,5205.0,70.0,70.0,8270.0,8270.0,84.0,84.0,511.0,511.0,5.2,5.2,180.0,180.0,1.8,1.8,70.0,70.0,0.7,0.7,312.0,312.0,3.2,3.2,474.0,474.0,4.8,4.8,7476.0,7476.0
India,Andhra Pradesh,28,"Calendar Year (Jan - Dec), 2020",6835.0,6835.0,3424.0,3424.0,74.0,74.0,5888.0,5888.0,86.0,86.0,342.0,342.0,5.0,5.0,70.0,70.0,1.0,1.0,31.0,31.0,0.5,0.5,198.0,198.0,2.9,2.9,83.0,83.0,1.2,1.2,4618.0,4618.0
India,Andhra Pradesh,28,"Calendar Year (Jan - Dec), 2021",8492.0,8492.0,4309.0,4309.0,50.7,50.7,7600.0,7600.0,89.5,89.5,293.0,293.0,3.5,3.5,33.0,33.0,0.4,0.4,30.0,30.0,0.4,0.4,300.0,300.0,3.5,3.5,9.0,9.0,0.1,0.1,,
India,Andhra Pradesh,28,"Calendar Year (Jan - Dec), 2022",8190.0,8190.0,4029.0,4029.0,49.2,49.2,7395.0,7395.0,90.3,90.3,191.0,191.0,2.3,2.3,13.0,13.0,0.2,0.2,31.0,31.0,0.4,0.4,194.0,194.0,2.4,2.4,2.0,2.0,0.0,0.0,,
India,Karnataka,29,"Calendar Year (Jan - Dec), 2017",9691.0,9691.0,4640.0,4640.0,48.0,48.0,6369.0,6369.0,66.0,66.0,892.0,892.0,9.0,9.0,1245.0,1245.0,13.0,13.0,270.0,270.0,3.0,3.0,265.0,265.0,3.0,3.0,650.0,650.0,,,,
India,Karnataka,29,"Calendar Year (Jan - Dec), 2018",9925.0,9925.0,4730.0,4730.0,58.0,58.0,6932.0,6932.0,70.0,70.0,850.0,850.0,9.0,9.0,935.0,935.0,9.0,9.0,205.0,205.0,2.0,2.0,194.0,194.0,2.0,2.0,809.0,809.0,8.0,8.0,8093.0,8093.0
India,Karnataka,29,"Calendar Year (Jan - Dec), 2019",9339.0,9339.0,4338.0,4338.0,61.0,61.0,6883.0,6883.0,74.0,74.0,762.0,762.0,8.2,8.2,578.0,578.0,6.2,6.2,219.0,219.0,2.3,2.3,298.0,298.0,3.2,3.2,599.0,599.0,6.4,6.4,7056.0,7056.0
India,Karnataka,29,"Calendar Year (Jan - Dec), 2020",7129.0,7129.0,3657.0,3657.0,67.0,67.0,5413.0,5413.0,76.0,76.0,603.0,603.0,8.5,8.5,290.0,290.0,4.1,4.1,114.0,114.0,1.6,1.6,286.0,286.0,4.0,4.0,67.0,67.0,0.9,0.9,5429.0,5429.0
India,Karnataka,29,"Calendar Year (Jan - Dec), 2021",7050.0,7050.0,3760.0,3760.0,53.3,53.3,5469.0,5469.0,77.6,77.6,716.0,716.0,10.2,10.2,246.0,246.0,3.5,3.5,124.0,124.0,1.8,1.8,222.0,222.0,3.1,3.1,33.0,33.0,0.5,0.5,,
India,Karnataka,29,"Calendar Year (Jan - Dec), 2022",7498.0,7498.0,4136.0,4136.0,55.2,55.2,5970.0,5970.0,79.6,79.6,604.0,604.0,8.1,8.1,212.0,212.0,2.8,2.8,90.0,90.0,1.2,1.2,261.0,261.0,3.5,3.5,7.0,7.0,0.1,0.1,,
India,Goa,30,"Calendar Year (Jan - Dec), 2017",164.0,164.0,66.0,66.0,40.0,40.0,118.0,118.0,72.0,72.0,8.0,8.0,5.0,5.0,22.0,22.0,13.0,13.0,5.0,5.0,3.0,3.0,7.0,7.0,4.0,4.0,4.0,4.0,,,,
India,Goa,30,"Calendar Year (Jan - Dec), 2018",199.0,199.0,62.0,62.0,41.0,41.0,127.0,127.0,64.0,64.0,8.0,8.0,4.0,4.0,22.0,22.0,11.0,11.0,6.0,6.0,3.0,3.0,4.0,4.0,2.0,2.0,32.0,32.0,16.0,16.0,152.0,152.0
India,Goa,30,"Calendar Year (Jan - Dec), 2019",195.0,195.0,53.0,53.0,37.0,37.0,141.0,141.0,72.0,72.0,7.0,7.0,3.6,3.6,16.0,16.0,8.2,8.2,3.0,3.0,1.5,1.5,9.0,9.0,4.6,4.6,19.0,19.0,9.7,9.7,143.0,143.0
India,Goa,30,"Calendar Year (Jan - Dec), 2020",110.0,110.0,32.0,32.0,36.0,36.0,84.0,84.0,76.0,76.0,9.0,9.0,8.2,8.2,3.0,3.0,2.7,2.7,3.0,3.0,2.7,2.7,2.0,2.0,1.8,1.8,0.0,0.0,0.0,0.0,88.0,88.0
India,Goa,30,"Calendar Year (Jan - Dec), 2021",129.0,129.0,47.0,47.0,36.4,36.4,95.0,95.0,73.6,73.6,10.0,10.0,7.8,7.8,12.0,12.0,9.3,9.3,3.0,3.0,2.3,2.3,4.0,4.0,3.1,3.1,0.0,0.0,0.0,0.0,,
India,Goa,30,"Calendar Year (Jan - Dec), 2022",329.0,329.0,110.0,110.0,33.4,33.4,246.0,246.0,74.8,74.8,22.0,22.0,6.7,6.7,22.0,22.0,6.7,6.7,4.0,4.0,1.2,1.2,21.0,21.0,6.4,6.4,1.0,1.0,0.3,0.3,,
India,Lakshadweep,31,"Calendar Year (Jan - Dec), 2017",1.0,1.0,1.0,1.0,100.0,100.0,1.0,1.0,100.0,100.0,0.0,0.0,0.0,0.0,0.0,0.0,0.0,0.0,0.0,0.0,0.0,0.0,0.0,0.0,0.0,0.0,0.0,0.0,,,,
India,Lakshadweep,31,"Calendar Year (Jan - Dec), 2018",1.0,1.0,0.0,0.0,0.0,0.0,0.0,0.0,0.0,0.0,0.0,0.0,0.0,0.0,0.0,0.0,0.0,0.0,0.0,0.0,0.0,0.0,0.0,0.0,0.0,0.0,1.0,1.0,100.0,100.0,1.0,1.0
India,Lakshadweep,31,"Calendar Year (Jan - Dec), 2019",0.0,0.0,,,,,,,,,,,,,,,,,,,,,,,,,,,,,0.0,0.0
India,Lakshadweep,31,"Calendar Year (Jan - Dec), 2020",1.0,1.0,0.0,0.0,,,0.0,0.0,0.0,0.0,0.0,0.0,0.0,0.0,0.0,0.0,0.0,0.0,0.0,0.0,0.0,0.0,0.0,0.0,0.0,0.0,1.0,1.0,100.0,100.0,0.0,0.0
India,Lakshadweep,31,"Calendar Year (Jan - Dec), 2021",2.0,2.0,2.0,2.0,100.0,100.0,2.0,2.0,100.0,100.0,0.0,0.0,0.0,0.0,0.0,0.0,0.0,0.0,0.0,0.0,0.0,0.0,0.0,0.0,0.0,0.0,0.0,0.0,0.0,0.0,,
India,Lakshadweep,31,"Calendar Year (Jan - Dec), 2022",56.0,56.0,32.0,32.0,57.1,57.1,46.0,46.0,82.1,82.1,5.0,5.0,8.9,8.9,1.0,1.0,1.8,1.8,0.0,0.0,0.0,0.0,1.0,1.0,1.8,1.8,0.0,0.0,0.0,0.0,,
India,Kerala,32,"Calendar Year (Jan - Dec), 2017",1322.0,1322.0,736.0,736.0,56.0,56.0,1018.0,1018.0,77.0,77.0,101.0,101.0,8.0,8.0,64.0,64.0,5.0,5.0,33.0,33.0,2.0,2.0,30.0,30.0,2.0,2.0,76.0,76.0,,,,
India,Kerala,32,"Calendar Year (Jan - Dec), 2018",1648.0,1648.0,879.0,879.0,69.0,69.0,1349.0,1349.0,82.0,82.0,118.0,118.0,7.0,7.0,69.0,69.0,4.0,4.0,34.0,34.0,2.0,2.0,30.0,30.0,2.0,2.0,48.0,48.0,3.0,3.0,1278.0,1278.0
India,Kerala,32,"Calendar Year (Jan - Dec), 2019",1635.0,1635.0,801.0,801.0,65.0,65.0,1242.0,1242.0,76.0,76.0,129.0,129.0,7.9,7.9,63.0,63.0,3.9,3.9,33.0,33.0,2.0,2.0,48.0,48.0,2.9,2.9,120.0,120.0,7.3,7.3,1236.0,1236.0
India,Kerala,32,"Calendar Year (Jan - Dec), 2020",1317.0,1317.0,627.0,627.0,63.0,63.0,1001.0,1001.0,76.0,76.0,97.0,97.0,7.4,7.4,41.0,41.0,3.1,3.1,22.0,22.0,1.7,1.7,55.0,55.0,4.2,4.2,36.0,36.0,2.7,2.7,988.0,988.0
India,Kerala,32,"Calendar Year (Jan - Dec), 2021",1260.0,1260.0,587.0,587.0,46.6,46.6,931.0,931.0,73.9,73.9,118.0,118.0,9.4,9.4,35.0,35.0,2.8,2.8,26.0,26.0,2.1,2.1,45.0,45.0,3.6,3.6,36.0,36.0,2.9,2.9,,
India,Kerala,32,"Calendar Year (Jan - Dec), 2022",1469.0,1469.0,636.0,636.0,43.3,43.3,1038.0,1038.0,70.7,70.7,120.0,120.0,8.2,8.2,52.0,52.0,3.5,3.5,13.0,13.0,0.9,0.9,31.0,31.0,2.1,2.1,6.0,6.0,0.4,0.4,,
India,Tamil Nadu,33,"Calendar Year (Jan - Dec), 2017",11607.0,11607.0,5745.0,5745.0,49.0,49.0,7870.0,7870.0,68.0,68.0,937.0,937.0,8.0,8.0,1388.0,1388.0,12.0,12.0,352.0,352.0,3.0,3.0,256.0,256.0,2.0,2.0,804.0,804.0,,,,
India,Tamil Nadu,33,"Calendar Year (Jan - Dec), 2018",11046.0,11046.0,6182.0,6182.0,66.0,66.0,8422.0,8422.0,76.0,76.0,782.0,782.0,7.0,7.0,795.0,795.0,7.0,7.0,185.0,185.0,2.0,2.0,360.0,360.0,3.0,3.0,502.0,502.0,5.0,5.0,9377.0,9377.0
India,Tamil Nadu,33,"Calendar Year (Jan - Dec), 2019",10112.0,10112.0,5405.0,5405.0,65.0,65.0,7669.0,7669.0,76.0,76.0,725.0,725.0,7.2,7.2,586.0,586.0,5.8,5.8,171.0,171.0,1.7,1.7,387.0,387.0,3.8,3.8,574.0,574.0,5.7,5.7,8324.0,8324.0
India,Tamil Nadu,33,"Calendar Year (Jan - Dec), 2020",7135.0,7135.0,3973.0,3973.0,68.0,68.0,5470.0,5470.0,77.0,77.0,521.0,521.0,7.3,7.3,272.0,272.0,3.8,3.8,115.0,115.0,1.6,1.6,405.0,405.0,5.7,5.7,77.0,77.0,1.1,1.1,5836.0,5836.0
India,Tamil Nadu,33,"Calendar Year (Jan - Dec), 2021",7608.0,7608.0,4054.0,4054.0,53.3,53.3,5942.0,5942.0,78.1,78.1,611.0,611.0,8.0,8.0,336.0,336.0,4.4,4.4,127.0,127.0,1.7,1.7,278.0,278.0,3.7,3.7,58.0,58.0,0.8,0.8,,
India,Tamil Nadu,33,"Calendar Year (Jan - Dec), 2022",8355.0,8355.0,4467.0,4467.0,53.5,53.5,6465.0,6465.0,77.4,77.4,593.0,593.0,7.1,7.1,343.0,343.0,4.1,4.1,148.0,148.0,1.8,1.8,333.0,333.0,4.0,4.0,13.0,13.0,0.2,0.2,,
India,Puducherry,34,"Calendar Year (Jan - Dec), 2017",225.0,225.0,137.0,137.0,61.0,61.0,155.0,155.0,69.0,69.0,24.0,24.0,11.0,11.0,26.0,26.0,12.0,12.0,10.0,10.0,4.0,4.0,5.0,5.0,2.0,2.0,5.0,5.0,,,,
India,Puducherry,34,"Calendar Year (Jan - Dec), 2018",200.0,200.0,104.0,104.0,61.0,61.0,143.0,143.0,72.0,72.0,17.0,17.0,9.0,9.0,23.0,23.0,12.0,12.0,6.0,6.0,3.0,3.0,2.0,2.0,1.0,1.0,9.0,9.0,5.0,5.0,171.0,171.0
India,Puducherry,34,"Calendar Year (Jan - Dec), 2019",215.0,215.0,116.0,116.0,63.0,63.0,162.0,162.0,75.0,75.0,17.0,17.0,7.9,7.9,12.0,12.0,5.6,5.6,5.0,5.0,2.3,2.3,4.0,4.0,1.9,1.9,15.0,15.0,7.0,7.0,184.0,184.0
India,Puducherry,34,"Calendar Year (Jan - Dec), 2020",132.0,132.0,67.0,67.0,57.0,57.0,90.0,90.0,68.0,68.0,14.0,14.0,10.6,10.6,10.0,10.0,7.6,7.6,5.0,5.0,3.8,3.8,8.0,8.0,6.1,6.1,0.0,0.0,0.0,0.0,118.0,118.0
India,Puducherry,34,"Calendar Year (Jan - Dec), 2021",117.0,117.0,49.0,49.0,41.9,41.9,79.0,79.0,67.5,67.5,7.0,7.0,6.0,6.0,7.0,7.0,6.0,6.0,13.0,13.0,11.1,11.1,5.0,5.0,4.3,4.3,0.0,0.0,0.0,0.0,,
India,Puducherry,34,"Calendar Year (Jan - Dec), 2022",224.0,224.0,115.0,115.0,51.3,51.3,183.0,183.0,81.7,81.7,12.0,12.0,5.4,5.4,10.0,10.0,4.5,4.5,8.0,8.0,3.6,3.6,4.0,4.0,1.8,1.8,0.0,0.0,0.0,0.0,,
India,Andaman And Nicobar Islands,35,"Calendar Year (Jan - Dec), 2017",87.0,87.0,37.0,37.0,43.0,43.0,83.0,83.0,95.0,95.0,1.0,1.0,1.0,1.0,0.0,0.0,0.0,0.0,1.0,1.0,1.0,1.0,0.0,0.0,0.0,0.0,2.0,2.0,,,,
India,Andaman And Nicobar Islands,35,"Calendar Year (Jan - Dec), 2018",55.0,55.0,17.0,17.0,46.0,46.0,46.0,46.0,84.0,84.0,1.0,1.0,2.0,2.0,1.0,1.0,2.0,2.0,0.0,0.0,0.0,0.0,1.0,1.0,2.0,2.0,6.0,6.0,11.0,11.0,37.0,37.0
India,Andaman And Nicobar Islands,35,"Calendar Year (Jan - Dec), 2019",46.0,46.0,18.0,18.0,60.0,60.0,40.0,40.0,87.0,87.0,1.0,1.0,2.2,2.2,1.0,1.0,2.2,2.2,0.0,0.0,0.0,0.0,1.0,1.0,2.2,2.2,3.0,3.0,6.5,6.5,30.0,30.0
India,Andaman And Nicobar Islands,35,"Calendar Year (Jan - Dec), 2020",42.0,42.0,17.0,17.0,61.0,61.0,35.0,35.0,83.0,83.0,1.0,1.0,2.4,2.4,2.0,2.0,4.8,4.8,0.0,0.0,0.0,0.0,2.0,2.0,4.8,4.8,0.0,0.0,0.0,0.0,28.0,28.0
India,Andaman And Nicobar Islands,35,"Calendar Year (Jan - Dec), 2021",35.0,35.0,16.0,16.0,45.7,45.7,30.0,30.0,85.7,85.7,1.0,1.0,2.9,2.9,2.0,2.0,5.7,5.7,0.0,0.0,0.0,0.0,1.0,1.0,2.9,2.9,0.0,0.0,0.0,0.0,,
India,Andaman And Nicobar Islands,35,"Calendar Year (Jan - Dec), 2022",62.0,62.0,32.0,32.0,51.6,51.6,54.0,54.0,87.1,87.1,1.0,1.0,1.6,1.6,2.0,2.0,3.2,3.2,2.0,2.0,3.2,3.2,3.0,3.0,4.8,4.8,0.0,0.0,0.0,0.0,,
India,Telangana,36,"Calendar Year (Jan - Dec), 2017",6942.0,6942.0,3301.0,3301.0,48.0,48.0,5058.0,5058.0,73.0,73.0,480.0,480.0,7.0,7.0,451.0,451.0,6.0,6.0,216.0,216.0,3.0,3.0,183.0,183.0,3.0,3.0,554.0,554.0,,,,
India,Telangana,36,"Calendar Year (Jan - Dec), 2018",6903.0,6903.0,3838.0,3838.0,67.0,67.0,5745.0,5745.0,83.0,83.0,421.0,421.0,6.0,6.0,240.0,240.0,3.0,3.0,155.0,155.0,2.0,2.0,153.0,153.0,2.0,2.0,189.0,189.0,3.0,3.0,5704.0,5704.0
India,Telangana,36,"Calendar Year (Jan - Dec), 2019",6363.0,6363.0,3303.0,3303.0,68.0,68.0,5257.0,5257.0,83.0,83.0,341.0,341.0,5.4,5.4,144.0,144.0,2.3,2.3,106.0,106.0,1.7,1.7,162.0,162.0,2.5,2.5,353.0,353.0,5.5,5.5,4848.0,4848.0
India,Telangana,36,"Calendar Year (Jan - Dec), 2020",5307.0,5307.0,2667.0,2667.0,76.0,76.0,4398.0,4398.0,83.0,83.0,234.0,234.0,4.4,4.4,74.0,74.0,1.4,1.4,61.0,61.0,1.1,1.1,199.0,199.0,3.7,3.7,155.0,155.0,2.9,2.9,3532.0,3532.0
India,Telangana,36,"Calendar Year (Jan - Dec), 2021",5364.0,5364.0,2709.0,2709.0,50.5,50.5,4662.0,4662.0,86.9,86.9,210.0,210.0,3.9,3.9,94.0,94.0,1.8,1.8,61.0,61.0,1.1,1.1,94.0,94.0,1.8,1.8,67.0,67.0,1.2,1.2,,
India,Telangana,36,"Calendar Year (Jan - Dec), 2022",6178.0,6178.0,2721.0,2721.0,44.0,44.0,5196.0,5196.0,84.1,84.1,175.0,175.0,2.8,2.8,74.0,74.0,1.2,1.2,58.0,58.0,0.9,0.9,177.0,177.0,2.9,2.9,41.0,41.0,0.7,0.7,,
India,Ladakh,37,"Calendar Year (Jan - Dec), 2017",25.7009394424,25.7009394424,12.052100113,12.052100113,47.0,47.0,15.0924665662,15.0924665662,59.0,59.0,1.0936569975,1.0936569975,4.0,4.0,1.0936569975,1.0936569975,4.0,4.0,0.6561941985,0.6561941985,3.0,3.0,0.3718433792,0.3718433792,1.0,1.0,7.3931213034,7.3931213034,,,,
India,Ladakh,37,"Calendar Year (Jan - Dec), 2018",32.7659636465,32.7659636465,19.3577288566,19.3577288566,71.0,71.0,27.4945369184,27.4945369184,84.0,84.0,1.334261537,1.334261537,4.0,4.0,1.4873735167,1.4873735167,5.0,5.0,0.6561941985,0.6561941985,2.0,2.0,0.1968582596,0.1968582596,1.0,1.0,1.5967392164,1.5967392164,5.0,5.0,27.0789472593,27.0789472593
India,Ladakh,37,"Calendar Year (Jan - Dec), 2019",43.0,43.0,16.0,16.0,48.0,48.0,40.0,40.0,93.0,93.0,2.0,2.0,4.7,4.7,0.0,0.0,0.0,0.0,0.0,0.0,0.0,0.0,0.0,0.0,0.0,0.0,1.0,1.0,2.3,2.3,33.0,33.0
India,Ladakh,37,"Calendar Year (Jan - Dec), 2020",40.0,40.0,13.0,13.0,45.0,45.0,26.0,26.0,65.0,65.0,8.0,8.0,20.0,20.0,1.0,1.0,2.5,2.5,0.0,0.0,0.0,0.0,1.0,1.0,2.5,2.5,4.0,4.0,10.0,10.0,29.0,29.0
India,Ladakh,37,"Calendar Year (Jan - Dec), 2021",41.0,41.0,19.0,19.0,46.3,46.3,36.0,36.0,87.8,87.8,1.0,1.0,2.4,2.4,0.0,0.0,0.0,0.0,1.0,1.0,2.4,2.4,0.0,0.0,0.0,0.0,1.0,1.0,2.4,2.4,,
India,Ladakh,37,"Calendar Year (Jan - Dec), 2022",0.0,0.0,,,,,,,,,,,,,,,,,,,,,,,,,,,,,,
India,The Dadra And Nagar Haveli And Daman And Diu,38,"Calendar Year (Jan - Dec), 2017",129.0,129.0,55.0,55.0,36.4942562576,36.4942562576,98.0,98.0,73.6931548946,73.6931548946,4.0,4.0,2.7386309789,2.7386309789,21.0,21.0,21.3523211897,21.3523211897,0.0,0.0,0.0,0.0,1.0,1.0,0.3693154895,0.3693154895,5.0,5.0,,,,
India,The Dadra And Nagar Haveli And Daman And Diu,38,"Calendar Year (Jan - Dec), 2018",158.0,158.0,51.0,51.0,74.0624703841,74.0624703841,134.0,134.0,82.9090478314,82.9090478314,7.0,7.0,4.3693154895,4.3693154895,9.0,9.0,7.5682141265,7.5682141265,2.0,2.0,1.8920535316,1.8920535316,6.0,6.0,3.8920535316,3.8920535316,0.0,0.0,0.0,0.0,67.0,67.0
India,The Dadra And Nagar Haveli And Daman And Diu,38,"Calendar Year (Jan - Dec), 2019",156.0,156.0,57.0,57.0,72.0,72.0,136.0,136.0,87.0,87.0,3.0,3.0,1.9,1.9,6.0,6.0,3.8,3.8,0.0,0.0,0.0,0.0,4.0,4.0,2.6,2.6,7.0,7.0,4.5,4.5,79.0,79.0
India,The Dadra And Nagar Haveli And Daman And Diu,38,"Calendar Year (Jan - Dec), 2020",99.0,99.0,43.0,43.0,98.0,98.0,90.0,90.0,91.0,91.0,3.0,3.0,3.0,3.0,2.0,2.0,2.0,2.0,1.0,1.0,1.0,1.0,0.0,0.0,0.0,0.0,0.0,0.0,0.0,0.0,44.0,44.0
India,The Dadra And Nagar Haveli And Daman And Diu,38,"Calendar Year (Jan - Dec), 2021",93.0,93.0,35.0,35.0,37.6,37.6,78.0,78.0,83.9,83.9,9.0,9.0,9.7,9.7,0.0,0.0,0.0,0.0,0.0,0.0,0.0,0.0,0.0,0.0,0.0,0.0,2.0,2.0,2.2,2.2,,
India,The Dadra And Nagar Haveli And Daman And Diu,38,"Calendar Year (Jan - Dec), 2022",219.0,219.0,94.0,94.0,42.9,42.9,203.0,203.0,92.7,92.7,5.0,5.0,2.3,2.3,1.0,1.0,0.5,0.5,0.0,0.0,0.0,0.0,5.0,5.0,2.3,2.3,0.0,0.0,0.0,0.0,,
