Country,StateName,StateCode,Year,Number_of_tuberculosistb_patients_notified_sum,Number_of_tuberculosistb_patients_notified_avg,Number_of_tuberculosistb_cases_confirmed_bacteriologically_sum,Number_of_tuberculosistb_cases_confirmed_bacteriologically_avg,Number_of_patients_cured_from_tuberculosistb_sum,Number_of_patients_cured_from_tuberculosistb_avg,Percentage_of_patients_cured_from_tuberculosistb_sum,Percentage_of_patients_cured_from_tuberculosistb_avg,Number_of_successful_treatments_for_tuberculosistb_sum,Number_of_successful_treatments_for_tuberculosistb_avg,Percentage_of_successful_treatments_for_tuberculosistb_sum,Percentage_of_successful_treatments_for_tuberculosistb_avg,Number_of_patients_died_due_to_tuberculosistb_sum,Number_of_patients_died_due_to_tuberculosistb_avg,Percentage_of_deaths_due_to_tuberculosistb_sum,Percentage_of_deaths_due_to_tuberculosistb_avg,Number_of_failed_treatments_for_tuberculosistb_sum,Number_of_failed_treatments_for_tuberculosistb_avg,Percentage_of_failed_treatments_for_tuberculosistb_sum,Percentage_of_failed_treatments_for_tuberculosistb_avg,Number_of_tuberculosistb_cases_lost_to_followup_sum,Number_of_tuberculosistb_cases_lost_to_followup_avg,Percentage_of_tuberculosistb_cases_lost_to_followup_sum,Percentage_of_tuberculosistb_cases_lost_to_followup_avg,Number_of_regimen_change_in_tuberculosistb_cases_sum,Number_of_regimen_change_in_tuberculosistb_cases_avg,Percentage_of_regimen_change_in_tuberculosistb_cases_sum,Percentage_of_regimen_change_in_tuberculosistb_cases_avg,Number_of_tuberculosistb_cases_not_evaluated_sum,Number_of_tuberculosistb_cases_not_evaluated_avg,Percentage_of_tuberculosistb_cases_not_evaluated_sum,Percentage_of_tuberculosistb_cases_not_evaluated_avg
India,Jammu and Kashmir,1,"Calendar Year (Jan - Dec), 2017",7818.1679923719,7818.1679923719,5447.1884836131,5447.1884836131,2614.5330969111,2614.5330969111,48.0,48.0,5386.54461829,5386.54461829,69.0,69.0,186.8222302694,186.8222302694,2.4,2.4,68.4688802034,68.4688802034,0.9,0.9,153.5659170277,153.5659170277,2.0,2.0,39.125074402,39.125074402,0.5,0.5,1983.6412721794,1983.6412721794,,
India,Jammu and Kashmir,1,"Calendar Year (Jan - Dec), 2018",10734.9422890381,10734.9422890381,5649.6607436432,5649.6607436432,3879.2511269545,3879.2511269545,69.0,69.0,8978.2264483901,8978.2264483901,84.0,84.0,268.9848865135,268.9848865135,3.0,3.0,71.4032607836,71.4032607836,1.0,1.0,224.9691778113,224.9691778113,2.0,2.0,42.0594549821,42.0594549821,0.0,0.0,1149.2990605576,1149.2990605576,11.0,11.0
India,Jammu and Kashmir,1,"Calendar Year (Jan - Dec), 2019",10644.0,10644.0,5349.0,5349.0,3762.0,3762.0,70.0,70.0,9079.0,9079.0,85.0,85.0,286.0,286.0,2.7,2.7,47.0,47.0,0.4,0.4,159.0,159.0,1.5,1.5,74.0,74.0,0.7,0.7,999.0,999.0,9.4,9.4
India,Jammu and Kashmir,1,"Calendar Year (Jan - Dec), 2020",8194.0,8194.0,4091.0,4091.0,2962.0,2962.0,72.0,72.0,6793.0,6793.0,83.0,83.0,294.0,294.0,3.6,3.6,46.0,46.0,0.6,0.6,110.0,110.0,1.3,1.3,73.0,73.0,0.9,0.9,459.0,459.0,5.6,5.6
India,Jammu and Kashmir,1,"Calendar Year (Jan - Dec), 2021",10279.0,10279.0,,,3855.0,3855.0,37.5,37.5,8815.0,8815.0,85.8,85.8,397.0,397.0,3.9,3.9,69.0,69.0,0.7,0.7,167.0,167.0,1.6,1.6,88.0,88.0,0.9,0.9,98.0,98.0,1.0,1.0
India,Jammu and Kashmir,1,"Calendar Year (Jan - Dec), 2022",11258.0,11258.0,,,4532.0,4532.0,40.3,40.3,9706.0,9706.0,86.2,86.2,425.0,425.0,3.8,3.8,36.0,36.0,0.3,0.3,138.0,138.0,1.2,1.2,72.0,72.0,0.6,0.6,34.0,34.0,0.3,0.3
India,Himachal Pradesh,2,"Calendar Year (Jan - Dec), 2017",13040.0,13040.0,9192.0,9192.0,5975.0,5975.0,65.0,65.0,11652.0,11652.0,89.0,89.0,537.0,537.0,4.1,4.1,88.0,88.0,0.7,0.7,258.0,258.0,2.0,2.0,192.0,192.0,1.5,1.5,313.0,313.0,,
India,Himachal Pradesh,2,"Calendar Year (Jan - Dec), 2018",15482.0,15482.0,9816.0,9816.0,6564.0,6564.0,67.0,67.0,13799.0,13799.0,89.0,89.0,627.0,627.0,4.0,4.0,70.0,70.0,0.0,0.0,237.0,237.0,2.0,2.0,123.0,123.0,1.0,1.0,626.0,626.0,4.0,4.0
India,Himachal Pradesh,2,"Calendar Year (Jan - Dec), 2019",16467.0,16467.0,10913.0,10913.0,7343.0,7343.0,67.0,67.0,14779.0,14779.0,90.0,90.0,792.0,792.0,4.8,4.8,56.0,56.0,0.3,0.3,236.0,236.0,1.4,1.4,201.0,201.0,1.2,1.2,403.0,403.0,2.4,2.4
India,Himachal Pradesh,2,"Calendar Year (Jan - Dec), 2020",12713.0,12713.0,8501.0,8501.0,5580.0,5580.0,66.0,66.0,11174.0,11174.0,88.0,88.0,695.0,695.0,5.5,5.5,42.0,42.0,0.3,0.3,122.0,122.0,1.0,1.0,233.0,233.0,1.8,1.8,127.0,127.0,1.0,1.0
India,Himachal Pradesh,2,"Calendar Year (Jan - Dec), 2021",13982.0,13982.0,,,6019.0,6019.0,43.0,43.0,12268.0,12268.0,87.7,87.7,866.0,866.0,6.2,6.2,58.0,58.0,0.4,0.4,139.0,139.0,1.0,1.0,240.0,240.0,1.7,1.7,26.0,26.0,0.2,0.2
India,Himachal Pradesh,2,"Calendar Year (Jan - Dec), 2022",15706.0,15706.0,,,6727.0,6727.0,42.8,42.8,13644.0,13644.0,86.9,86.9,909.0,909.0,5.8,5.8,48.0,48.0,0.3,0.3,231.0,231.0,1.5,1.5,282.0,282.0,1.8,1.8,20.0,20.0,0.1,0.1
India,Punjab,3,"Calendar Year (Jan - Dec), 2017",35800.0,35800.0,22948.0,22948.0,14687.0,14687.0,64.0,64.0,30980.0,30980.0,87.0,87.0,1555.0,1555.0,4.3,4.3,330.0,330.0,0.9,0.9,1416.0,1416.0,4.0,4.0,384.0,384.0,1.1,1.1,1135.0,1135.0,,
India,Punjab,3,"Calendar Year (Jan - Dec), 2018",42965.0,42965.0,24248.0,24248.0,16429.0,16429.0,68.0,68.0,36646.0,36646.0,85.0,85.0,1984.0,1984.0,5.0,5.0,256.0,256.0,1.0,1.0,1605.0,1605.0,4.0,4.0,231.0,231.0,1.0,1.0,2243.0,2243.0,5.0,5.0
India,Punjab,3,"Calendar Year (Jan - Dec), 2019",44844.0,44844.0,27593.0,27593.0,16733.0,16733.0,61.0,61.0,36290.0,36290.0,81.0,81.0,1937.0,1937.0,4.3,4.3,265.0,265.0,0.6,0.6,1376.0,1376.0,3.1,3.1,445.0,445.0,1.0,1.0,4531.0,4531.0,10.1,10.1
India,Punjab,3,"Calendar Year (Jan - Dec), 2020",35765.0,35765.0,22516.0,22516.0,13320.0,13320.0,59.0,59.0,28681.0,28681.0,80.0,80.0,1910.0,1910.0,5.3,5.3,176.0,176.0,0.5,0.5,1053.0,1053.0,2.9,2.9,443.0,443.0,1.2,1.2,1385.0,1385.0,3.9,3.9
India,Punjab,3,"Calendar Year (Jan - Dec), 2021",38948.0,38948.0,,,13740.0,13740.0,35.3,35.3,32547.0,32547.0,83.6,83.6,1864.0,1864.0,4.8,4.8,265.0,265.0,0.7,0.7,1117.0,1117.0,2.9,2.9,406.0,406.0,1.0,1.0,327.0,327.0,0.8,0.8
India,Punjab,3,"Calendar Year (Jan - Dec), 2022",47759.0,47759.0,,,16425.0,16425.0,34.4,34.4,39948.0,39948.0,83.6,83.6,2033.0,2033.0,4.3,4.3,225.0,225.0,0.5,0.5,1352.0,1352.0,2.8,2.8,338.0,338.0,0.7,0.7,428.0,428.0,0.9,0.9
India,Chandigarh,4,"Calendar Year (Jan - Dec), 2017",3144.0,3144.0,2154.0,2154.0,1163.0,1163.0,54.0,54.0,2768.0,2768.0,88.0,88.0,107.0,107.0,3.4,3.4,14.0,14.0,0.4,0.4,119.0,119.0,3.8,3.8,29.0,29.0,0.9,0.9,107.0,107.0,,
India,Chandigarh,4,"Calendar Year (Jan - Dec), 2018",3150.0,3150.0,1460.0,1460.0,972.0,972.0,67.0,67.0,2772.0,2772.0,88.0,88.0,90.0,90.0,3.0,3.0,19.0,19.0,1.0,1.0,95.0,95.0,3.0,3.0,23.0,23.0,1.0,1.0,151.0,151.0,5.0,5.0
India,Chandigarh,4,"Calendar Year (Jan - Dec), 2019",3367.0,3367.0,1648.0,1648.0,1110.0,1110.0,67.0,67.0,2792.0,2792.0,83.0,83.0,112.0,112.0,3.3,3.3,24.0,24.0,0.7,0.7,137.0,137.0,4.1,4.1,36.0,36.0,1.1,1.1,266.0,266.0,7.9,7.9
India,Chandigarh,4,"Calendar Year (Jan - Dec), 2020",2624.0,2624.0,1291.0,1291.0,916.0,916.0,71.0,71.0,2146.0,2146.0,82.0,82.0,119.0,119.0,4.5,4.5,14.0,14.0,0.5,0.5,99.0,99.0,3.8,3.8,51.0,51.0,1.9,1.9,41.0,41.0,1.6,1.6
India,Chandigarh,4,"Calendar Year (Jan - Dec), 2021",3042.0,3042.0,,,1055.0,1055.0,34.7,34.7,2588.0,2588.0,85.1,85.1,116.0,116.0,3.8,3.8,31.0,31.0,1.0,1.0,95.0,95.0,3.1,3.1,67.0,67.0,2.2,2.2,16.0,16.0,0.5,0.5
India,Chandigarh,4,"Calendar Year (Jan - Dec), 2022",3616.0,3616.0,,,1272.0,1272.0,35.2,35.2,3033.0,3033.0,83.9,83.9,147.0,147.0,4.1,4.1,29.0,29.0,0.8,0.8,108.0,108.0,3.0,3.0,63.0,63.0,1.7,1.7,12.0,12.0,0.3,0.3
India,Uttarakhand,5,"Calendar Year (Jan - Dec), 2017",13198.0,13198.0,7613.0,7613.0,4568.0,4568.0,60.0,60.0,10114.0,10114.0,77.0,77.0,454.0,454.0,3.4,3.4,147.0,147.0,1.1,1.1,737.0,737.0,5.6,5.6,151.0,151.0,1.1,1.1,1595.0,1595.0,,
India,Uttarakhand,5,"Calendar Year (Jan - Dec), 2018",16630.0,16630.0,8465.0,8465.0,5894.0,5894.0,70.0,70.0,13982.0,13982.0,84.0,84.0,649.0,649.0,4.0,4.0,107.0,107.0,1.0,1.0,733.0,733.0,4.0,4.0,200.0,200.0,1.0,1.0,959.0,959.0,6.0,6.0
India,Uttarakhand,5,"Calendar Year (Jan - Dec), 2019",19231.0,19231.0,9205.0,9205.0,5883.0,5883.0,64.0,64.0,16185.0,16185.0,84.0,84.0,786.0,786.0,4.1,4.1,115.0,115.0,0.6,0.6,625.0,625.0,3.2,3.2,345.0,345.0,1.8,1.8,1175.0,1175.0,6.1,6.1
India,Uttarakhand,5,"Calendar Year (Jan - Dec), 2020",14992.0,14992.0,7052.0,7052.0,4151.0,4151.0,59.0,59.0,12737.0,12737.0,85.0,85.0,589.0,589.0,3.9,3.9,74.0,74.0,0.5,0.5,399.0,399.0,2.7,2.7,315.0,315.0,2.1,2.1,199.0,199.0,1.3,1.3
India,Uttarakhand,5,"Calendar Year (Jan - Dec), 2021",18830.0,18830.0,,,5736.0,5736.0,30.5,30.5,16188.0,16188.0,86.0,86.0,783.0,783.0,4.2,4.2,148.0,148.0,0.8,0.8,463.0,463.0,2.5,2.5,272.0,272.0,1.4,1.4,94.0,94.0,0.5,0.5
India,Uttarakhand,5,"Calendar Year (Jan - Dec), 2022",22207.0,22207.0,,,8087.0,8087.0,36.4,36.4,19480.0,19480.0,87.7,87.7,853.0,853.0,3.8,3.8,172.0,172.0,0.8,0.8,526.0,526.0,2.4,2.4,279.0,279.0,1.3,1.3,39.0,39.0,0.2,0.2
India,Haryana,6,"Calendar Year (Jan - Dec), 2017",34804.0,34804.0,24883.0,24883.0,15925.0,15925.0,64.0,64.0,29358.0,29358.0,84.0,84.0,1508.0,1508.0,4.3,4.3,512.0,512.0,1.5,1.5,1106.0,1106.0,3.2,3.2,370.0,370.0,1.1,1.1,1950.0,1950.0,,
India,Haryana,6,"Calendar Year (Jan - Dec), 2018",48274.0,48274.0,29769.0,29769.0,21687.0,21687.0,73.0,73.0,41172.0,41172.0,85.0,85.0,2009.0,2009.0,4.0,4.0,558.0,558.0,1.0,1.0,1626.0,1626.0,3.0,3.0,371.0,371.0,1.0,1.0,253.0,253.0,5.0,5.0
India,Haryana,6,"Calendar Year (Jan - Dec), 2019",52812.0,52812.0,33902.0,33902.0,22332.0,22332.0,66.0,66.0,43194.0,43194.0,82.0,82.0,2179.0,2179.0,4.1,4.1,425.0,425.0,0.8,0.8,1416.0,1416.0,2.7,2.7,346.0,346.0,0.7,0.7,5252.0,5252.0,9.9,9.9
India,Haryana,6,"Calendar Year (Jan - Dec), 2020",44995.0,44995.0,28947.0,28947.0,17351.0,17351.0,60.0,60.0,35885.0,35885.0,80.0,80.0,1916.0,1916.0,4.3,4.3,297.0,297.0,0.7,0.7,1002.0,1002.0,2.2,2.2,480.0,480.0,1.1,1.1,1131.0,1131.0,2.5,2.5
India,Haryana,6,"Calendar Year (Jan - Dec), 2021",50898.0,50898.0,,,20817.0,20817.0,40.9,40.9,42415.0,42415.0,83.3,83.3,2344.0,2344.0,4.6,4.6,336.0,336.0,0.7,0.7,924.0,924.0,1.8,1.8,602.0,602.0,1.2,1.2,689.0,689.0,1.4,1.4
India,Haryana,6,"Calendar Year (Jan - Dec), 2022",59216.0,59216.0,,,25510.0,25510.0,43.1,43.1,51333.0,51333.0,86.7,86.7,2541.0,2541.0,4.3,4.3,405.0,405.0,0.7,0.7,796.0,796.0,1.3,1.3,689.0,689.0,1.2,1.2,152.0,152.0,0.3,0.3
India,Delhi,7,"Calendar Year (Jan - Dec), 2017",56862.0,56862.0,24735.0,24735.0,14099.0,14099.0,57.0,57.0,40857.0,40857.0,72.0,72.0,1005.0,1005.0,1.8,1.8,471.0,471.0,0.8,0.8,2355.0,2355.0,4.1,4.1,734.0,734.0,1.3,1.3,11440.0,11440.0,,
India,Delhi,7,"Calendar Year (Jan - Dec), 2018",62678.0,62678.0,26984.0,26984.0,15702.0,15702.0,58.0,58.0,48089.0,48089.0,77.0,77.0,1174.0,1174.0,2.0,2.0,482.0,482.0,1.0,1.0,2655.0,2655.0,4.0,4.0,784.0,784.0,1.0,1.0,9494.0,9494.0,15.0,15.0
India,Delhi,7,"Calendar Year (Jan - Dec), 2019",67938.0,67938.0,31886.0,31886.0,16296.0,16296.0,51.0,51.0,51906.0,51906.0,76.0,76.0,1261.0,1261.0,1.9,1.9,462.0,462.0,0.7,0.7,3087.0,3087.0,4.5,4.5,1361.0,1361.0,2.0,2.0,9861.0,9861.0,14.5,14.5
India,Delhi,7,"Calendar Year (Jan - Dec), 2020",55183.0,55183.0,27205.0,27205.0,13193.0,13193.0,48.0,48.0,41432.0,41432.0,75.0,75.0,1330.0,1330.0,2.4,2.4,344.0,344.0,0.6,0.6,2601.0,2601.0,4.7,4.7,1545.0,1545.0,2.8,2.8,1290.0,1290.0,2.3,2.3
India,Delhi,7,"Calendar Year (Jan - Dec), 2021",65432.0,65432.0,,,15850.0,15850.0,24.2,24.2,50872.0,50872.0,77.7,77.7,1679.0,1679.0,2.6,2.6,508.0,508.0,0.8,0.8,3174.0,3174.0,4.9,4.9,1512.0,1512.0,2.3,2.3,905.0,905.0,1.4,1.4
India,Delhi,7,"Calendar Year (Jan - Dec), 2022",75058.0,75058.0,,,18373.0,18373.0,24.5,24.5,59521.0,59521.0,79.3,79.3,1737.0,1737.0,2.3,2.3,503.0,503.0,0.7,0.7,3320.0,3320.0,4.4,4.4,1994.0,1994.0,2.7,2.7,332.0,332.0,0.4,0.4
India,Rajasthan,8,"Calendar Year (Jan - Dec), 2017",83866.0,83866.0,51870.0,51870.0,36828.0,36828.0,71.0,71.0,70876.0,70876.0,85.0,85.0,2944.0,2944.0,3.5,3.5,735.0,735.0,0.9,0.9,3476.0,3476.0,4.1,4.1,621.0,621.0,0.7,0.7,5214.0,5214.0,,
India,Rajasthan,8,"Calendar Year (Jan - Dec), 2018",109124.0,109124.0,65229.0,65229.0,43384.0,43384.0,67.0,67.0,89525.0,89525.0,82.0,82.0,3800.0,3800.0,3.0,3.0,694.0,694.0,1.0,1.0,3726.0,3726.0,3.0,3.0,526.0,526.0,0.0,0.0,10853.0,10853.0,10.0,10.0
India,Rajasthan,8,"Calendar Year (Jan - Dec), 2019",117227.0,117227.0,73235.0,73235.0,45398.0,45398.0,62.0,62.0,96011.0,96011.0,82.0,82.0,3885.0,3885.0,3.3,3.3,680.0,680.0,0.6,0.6,3811.0,3811.0,3.3,3.3,1035.0,1035.0,0.9,0.9,11805.0,11805.0,10.1,10.1
India,Rajasthan,8,"Calendar Year (Jan - Dec), 2020",93363.0,93363.0,54974.0,54974.0,36008.0,36008.0,66.0,66.0,76759.0,76759.0,82.0,82.0,3327.0,3327.0,3.6,3.6,515.0,515.0,0.6,0.6,2720.0,2720.0,2.9,2.9,1324.0,1324.0,1.4,1.4,1266.0,1266.0,1.4,1.4
India,Rajasthan,8,"Calendar Year (Jan - Dec), 2021",104621.0,104621.0,,,36326.0,36326.0,34.7,34.7,88481.0,88481.0,84.6,84.6,3738.0,3738.0,3.6,3.6,602.0,602.0,0.6,0.6,2875.0,2875.0,2.7,2.7,1413.0,1413.0,1.4,1.4,788.0,788.0,0.8,0.8
India,Rajasthan,8,"Calendar Year (Jan - Dec), 2022",128111.0,128111.0,,,45630.0,45630.0,35.6,35.6,112797.0,112797.0,88.0,88.0,4066.0,4066.0,3.2,3.2,598.0,598.0,0.5,0.5,2697.0,2697.0,2.1,2.1,1248.0,1248.0,1.0,1.0,248.0,248.0,0.2,0.2
India,Uttar Pradesh,9,"Calendar Year (Jan - Dec), 2017",219912.0,219912.0,153306.0,153306.0,76653.0,76653.0,50.0,50.0,151321.0,151321.0,69.0,69.0,7505.0,7505.0,3.4,3.4,1747.0,1747.0,0.8,0.8,9608.0,9608.0,4.4,4.4,2081.0,2081.0,0.9,0.9,47650.0,47650.0,,
India,Uttar Pradesh,9,"Calendar Year (Jan - Dec), 2018",307914.0,307914.0,174396.0,174396.0,113960.0,113960.0,65.0,65.0,256485.0,256485.0,83.0,83.0,11475.0,11475.0,4.0,4.0,2210.0,2210.0,1.0,1.0,13635.0,13635.0,4.0,4.0,2634.0,2634.0,1.0,1.0,21475.0,21475.0,7.0,7.0
India,Uttar Pradesh,9,"Calendar Year (Jan - Dec), 2019",343248.0,343248.0,188569.0,188569.0,111045.0,111045.0,59.0,59.0,282584.0,282584.0,82.0,82.0,12094.0,12094.0,3.5,3.5,2292.0,2292.0,0.7,0.7,14476.0,14476.0,4.2,4.2,4562.0,4562.0,1.3,1.3,27240.0,27240.0,7.9,7.9
India,Uttar Pradesh,9,"Calendar Year (Jan - Dec), 2020",257186.0,257186.0,122589.0,122589.0,71829.0,71829.0,59.0,59.0,213703.0,213703.0,83.0,83.0,9735.0,9735.0,3.8,3.8,1501.0,1501.0,0.6,0.6,8011.0,8011.0,3.1,3.1,3912.0,3912.0,1.5,1.5,2326.0,2326.0,0.9,0.9
India,Uttar Pradesh,9,"Calendar Year (Jan - Dec), 2021",338804.0,338804.0,,,100673.0,100673.0,29.7,29.7,290244.0,290244.0,85.7,85.7,12486.0,12486.0,3.7,3.7,1735.0,1735.0,0.5,0.5,7693.0,7693.0,2.3,2.3,4962.0,4962.0,1.5,1.5,1724.0,1724.0,0.5,0.5
India,Uttar Pradesh,9,"Calendar Year (Jan - Dec), 2022",408169.0,408169.0,,,123198.0,123198.0,30.2,30.2,361743.0,361743.0,88.6,88.6,12933.0,12933.0,3.2,3.2,1755.0,1755.0,0.4,0.4,5665.0,5665.0,1.4,1.4,5365.0,5365.0,1.3,1.3,706.0,706.0,0.2,0.2
India,Bihar,10,"Calendar Year (Jan - Dec), 2017",51052.0,51052.0,38318.0,38318.0,18776.0,18776.0,49.0,49.0,36895.0,36895.0,72.0,72.0,1073.0,1073.0,2.1,2.1,267.0,267.0,0.5,0.5,2065.0,2065.0,4.0,4.0,243.0,243.0,0.5,0.5,10509.0,10509.0,,
India,Bihar,10,"Calendar Year (Jan - Dec), 2018",65862.0,65862.0,41206.0,41206.0,26111.0,26111.0,63.0,63.0,52921.0,52921.0,80.0,80.0,1598.0,1598.0,2.0,2.0,414.0,414.0,1.0,1.0,3172.0,3172.0,5.0,5.0,379.0,379.0,1.0,1.0,7378.0,7378.0,11.0,11.0
India,Bihar,10,"Calendar Year (Jan - Dec), 2019",77375.0,77375.0,47333.0,47333.0,28220.0,28220.0,60.0,60.0,58931.0,58931.0,76.0,76.0,1881.0,1881.0,2.4,2.4,390.0,390.0,0.5,0.5,2844.0,2844.0,3.7,3.7,628.0,628.0,0.8,0.8,12701.0,12701.0,16.4,16.4
India,Bihar,10,"Calendar Year (Jan - Dec), 2020",52661.0,52661.0,30111.0,30111.0,13951.0,13951.0,46.0,46.0,38953.0,38953.0,74.0,74.0,1310.0,1310.0,2.5,2.5,285.0,285.0,0.5,0.5,2109.0,2109.0,4.0,4.0,633.0,633.0,1.2,1.2,3482.0,3482.0,6.6,6.6
India,Bihar,10,"Calendar Year (Jan - Dec), 2021",62425.0,62425.0,,,15688.0,15688.0,25.1,25.1,47454.0,47454.0,76.0,76.0,1653.0,1653.0,2.6,2.6,354.0,354.0,0.6,0.6,2588.0,2588.0,4.1,4.1,802.0,802.0,1.3,1.3,2454.0,2454.0,3.9,3.9
India,Bihar,10,"Calendar Year (Jan - Dec), 2022",79195.0,79195.0,,,19855.0,19855.0,25.1,25.1,62727.0,62727.0,79.2,79.2,1835.0,1835.0,2.3,2.3,463.0,463.0,0.6,0.6,2833.0,2833.0,3.6,3.6,1213.0,1213.0,1.5,1.5,1127.0,1127.0,1.4,1.4
India,Sikkim,11,"Calendar Year (Jan - Dec), 2017",934.0,934.0,535.0,535.0,294.0,294.0,55.0,55.0,721.0,721.0,77.0,77.0,25.0,25.0,2.7,2.7,0.0,0.0,0.0,0.0,6.0,6.0,0.6,0.6,37.0,37.0,4.0,4.0,145.0,145.0,,
India,Sikkim,11,"Calendar Year (Jan - Dec), 2018",1313.0,1313.0,708.0,708.0,416.0,416.0,59.0,59.0,1120.0,1120.0,85.0,85.0,31.0,31.0,2.0,2.0,6.0,6.0,0.0,0.0,6.0,6.0,0.0,0.0,13.0,13.0,1.0,1.0,137.0,137.0,10.0,10.0
India,Sikkim,11,"Calendar Year (Jan - Dec), 2019",1203.0,1203.0,629.0,629.0,461.0,461.0,73.0,73.0,1066.0,1066.0,89.0,89.0,45.0,45.0,3.7,3.7,8.0,8.0,0.7,0.7,10.0,10.0,0.8,0.8,11.0,11.0,0.9,0.9,63.0,63.0,5.2,5.2
India,Sikkim,11,"Calendar Year (Jan - Dec), 2020",1065.0,1065.0,641.0,641.0,440.0,440.0,69.0,69.0,956.0,956.0,90.0,90.0,43.0,43.0,4.0,4.0,1.0,1.0,0.1,0.1,9.0,9.0,0.8,0.8,17.0,17.0,1.6,1.6,15.0,15.0,1.4,1.4
India,Sikkim,11,"Calendar Year (Jan - Dec), 2021",1103.0,1103.0,,,488.0,488.0,44.2,44.2,967.0,967.0,87.7,87.7,45.0,45.0,4.1,4.1,2.0,2.0,0.2,0.2,15.0,15.0,1.4,1.4,22.0,22.0,2.0,2.0,7.0,7.0,0.6,0.6
India,Sikkim,11,"Calendar Year (Jan - Dec), 2022",1175.0,1175.0,,,590.0,590.0,50.2,50.2,1066.0,1066.0,90.7,90.7,41.0,41.0,3.5,3.5,4.0,4.0,0.3,0.3,6.0,6.0,0.5,0.5,17.0,17.0,1.4,1.4,2.0,2.0,0.2,0.2
India,Arunachal Pradesh,12,"Calendar Year (Jan - Dec), 2017",3082.0,3082.0,1641.0,1641.0,837.0,837.0,51.0,51.0,2203.0,2203.0,71.0,71.0,55.0,55.0,1.8,1.8,49.0,49.0,1.6,1.6,171.0,171.0,5.5,5.5,112.0,112.0,3.6,3.6,492.0,492.0,,
India,Arunachal Pradesh,12,"Calendar Year (Jan - Dec), 2018",2892.0,2892.0,1144.0,1144.0,895.0,895.0,78.0,78.0,2360.0,2360.0,82.0,82.0,59.0,59.0,2.0,2.0,44.0,44.0,2.0,2.0,167.0,167.0,6.0,6.0,72.0,72.0,2.0,2.0,190.0,190.0,7.0,7.0
India,Arunachal Pradesh,12,"Calendar Year (Jan - Dec), 2019",2818.0,2818.0,1364.0,1364.0,1043.0,1043.0,76.0,76.0,2343.0,2343.0,83.0,83.0,64.0,64.0,2.3,2.3,35.0,35.0,1.2,1.2,202.0,202.0,7.2,7.2,78.0,78.0,2.8,2.8,96.0,96.0,3.4,3.4
India,Arunachal Pradesh,12,"Calendar Year (Jan - Dec), 2020",2420.0,2420.0,1247.0,1247.0,816.0,816.0,65.0,65.0,2013.0,2013.0,83.0,83.0,78.0,78.0,3.2,3.2,23.0,23.0,1.0,1.0,123.0,123.0,5.1,5.1,76.0,76.0,3.1,3.1,23.0,23.0,1.0,1.0
India,Arunachal Pradesh,12,"Calendar Year (Jan - Dec), 2021",2726.0,2726.0,,,884.0,884.0,32.4,32.4,2163.0,2163.0,79.3,79.3,73.0,73.0,2.7,2.7,18.0,18.0,0.7,0.7,180.0,180.0,6.6,6.6,61.0,61.0,2.2,2.2,34.0,34.0,1.2,1.2
India,Arunachal Pradesh,12,"Calendar Year (Jan - Dec), 2022",2853.0,2853.0,,,992.0,992.0,34.8,34.8,2353.0,2353.0,82.5,82.5,64.0,64.0,2.2,2.2,22.0,22.0,0.8,0.8,213.0,213.0,7.5,7.5,63.0,63.0,2.2,2.2,4.0,4.0,0.1,0.1
India,Nagaland,13,"Calendar Year (Jan - Dec), 2017",2332.0,2332.0,1297.0,1297.0,778.0,778.0,60.0,60.0,1734.0,1734.0,74.0,74.0,46.0,46.0,2.0,2.0,28.0,28.0,1.2,1.2,100.0,100.0,4.3,4.3,15.0,15.0,0.6,0.6,409.0,409.0,,
India,Nagaland,13,"Calendar Year (Jan - Dec), 2018",3574.0,3574.0,1570.0,1570.0,1392.0,1392.0,89.0,89.0,3117.0,3117.0,87.0,87.0,73.0,73.0,2.0,2.0,19.0,19.0,1.0,1.0,130.0,130.0,4.0,4.0,12.0,12.0,0.0,0.0,223.0,223.0,6.0,6.0
India,Nagaland,13,"Calendar Year (Jan - Dec), 2019",3985.0,3985.0,2133.0,2133.0,1569.0,1569.0,74.0,74.0,3363.0,3363.0,84.0,84.0,82.0,82.0,2.1,2.1,29.0,29.0,0.7,0.7,133.0,133.0,3.3,3.3,23.0,23.0,0.6,0.6,355.0,355.0,8.9,8.9
India,Nagaland,13,"Calendar Year (Jan - Dec), 2020",2844.0,2844.0,1598.0,1598.0,1214.0,1214.0,76.0,76.0,2294.0,2294.0,81.0,81.0,80.0,80.0,2.8,2.8,26.0,26.0,0.9,0.9,65.0,65.0,2.3,2.3,24.0,24.0,0.8,0.8,284.0,284.0,10.0,10.0
India,Nagaland,13,"Calendar Year (Jan - Dec), 2021",3102.0,3102.0,,,1432.0,1432.0,46.2,46.2,2666.0,2666.0,85.9,85.9,85.0,85.0,2.7,2.7,39.0,39.0,1.3,1.3,84.0,84.0,2.7,2.7,17.0,17.0,0.5,0.5,130.0,130.0,4.2,4.2
India,Nagaland,13,"Calendar Year (Jan - Dec), 2022",3764.0,3764.0,,,1562.0,1562.0,41.5,41.5,3307.0,3307.0,87.9,87.9,94.0,94.0,2.5,2.5,28.0,28.0,0.7,0.7,179.0,179.0,4.8,4.8,34.0,34.0,0.9,0.9,47.0,47.0,1.2,1.2
India,Manipur,14,"Calendar Year (Jan - Dec), 2017",1648.0,1648.0,1100.0,1100.0,572.0,572.0,52.0,52.0,1143.0,1143.0,69.0,69.0,41.0,41.0,2.5,2.5,11.0,11.0,0.7,0.7,58.0,58.0,3.5,3.5,12.0,12.0,0.7,0.7,383.0,383.0,,
India,Manipur,14,"Calendar Year (Jan - Dec), 2018",2212.0,2212.0,1114.0,1114.0,702.0,702.0,63.0,63.0,1766.0,1766.0,80.0,80.0,62.0,62.0,3.0,3.0,10.0,10.0,0.0,0.0,64.0,64.0,3.0,3.0,16.0,16.0,1.0,1.0,294.0,294.0,13.0,13.0
India,Manipur,14,"Calendar Year (Jan - Dec), 2019",2250.0,2250.0,1246.0,1246.0,710.0,710.0,57.0,57.0,1563.0,1563.0,69.0,69.0,70.0,70.0,3.1,3.1,6.0,6.0,0.3,0.3,55.0,55.0,2.4,2.4,39.0,39.0,1.7,1.7,517.0,517.0,23.0,23.0
India,Manipur,14,"Calendar Year (Jan - Dec), 2020",1387.0,1387.0,763.0,763.0,521.0,521.0,68.0,68.0,1132.0,1132.0,82.0,82.0,48.0,48.0,3.5,3.5,6.0,6.0,0.4,0.4,38.0,38.0,2.7,2.7,17.0,17.0,1.2,1.2,75.0,75.0,5.4,5.4
India,Manipur,14,"Calendar Year (Jan - Dec), 2021",1632.0,1632.0,,,741.0,741.0,45.4,45.4,1312.0,1312.0,80.4,80.4,70.0,70.0,4.3,4.3,8.0,8.0,0.5,0.5,55.0,55.0,3.4,3.4,44.0,44.0,2.7,2.7,51.0,51.0,3.1,3.1
India,Manipur,14,"Calendar Year (Jan - Dec), 2022",2341.0,2341.0,,,951.0,951.0,40.6,40.6,1745.0,1745.0,74.5,74.5,81.0,81.0,3.5,3.5,9.0,9.0,0.4,0.4,97.0,97.0,4.1,4.1,23.0,23.0,1.0,1.0,28.0,28.0,1.2,1.2
India,Mizoram,15,"Calendar Year (Jan - Dec), 2017",2383.0,2383.0,853.0,853.0,384.0,384.0,45.0,45.0,1567.0,1567.0,66.0,66.0,49.0,49.0,2.1,2.1,27.0,27.0,1.1,1.1,40.0,40.0,1.7,1.7,27.0,27.0,1.1,1.1,673.0,673.0,,
India,Mizoram,15,"Calendar Year (Jan - Dec), 2018",2526.0,2526.0,1018.0,1018.0,619.0,619.0,61.0,61.0,2239.0,2239.0,89.0,89.0,53.0,53.0,2.0,2.0,15.0,15.0,1.0,1.0,45.0,45.0,2.0,2.0,12.0,12.0,0.0,0.0,162.0,162.0,6.0,6.0
India,Mizoram,15,"Calendar Year (Jan - Dec), 2019",2876.0,2876.0,1473.0,1473.0,724.0,724.0,49.0,49.0,1945.0,1945.0,68.0,68.0,48.0,48.0,1.7,1.7,8.0,8.0,0.3,0.3,41.0,41.0,1.4,1.4,14.0,14.0,0.5,0.5,820.0,820.0,28.5,28.5
India,Mizoram,15,"Calendar Year (Jan - Dec), 2020",1831.0,1831.0,917.0,917.0,630.0,630.0,69.0,69.0,1636.0,1636.0,89.0,89.0,50.0,50.0,2.7,2.7,5.0,5.0,0.3,0.3,27.0,27.0,1.5,1.5,25.0,25.0,1.4,1.4,49.0,49.0,2.7,2.7
India,Mizoram,15,"Calendar Year (Jan - Dec), 2021",1483.0,1483.0,,,507.0,507.0,34.2,34.2,1308.0,1308.0,88.2,88.2,62.0,62.0,4.2,4.2,16.0,16.0,1.1,1.1,28.0,28.0,1.9,1.9,7.0,7.0,0.5,0.5,9.0,9.0,0.6,0.6
India,Mizoram,15,"Calendar Year (Jan - Dec), 2022",1975.0,1975.0,,,715.0,715.0,36.2,36.2,1728.0,1728.0,87.5,87.5,84.0,84.0,4.3,4.3,9.0,9.0,0.5,0.5,37.0,37.0,1.9,1.9,21.0,21.0,1.1,1.1,12.0,12.0,0.6,0.6
India,Tripura,16,"Calendar Year (Jan - Dec), 2017",1951.0,1951.0,1394.0,1394.0,864.0,864.0,62.0,62.0,1399.0,1399.0,72.0,72.0,101.0,101.0,5.2,5.2,7.0,7.0,0.4,0.4,79.0,79.0,4.0,4.0,8.0,8.0,0.4,0.4,357.0,357.0,,
India,Tripura,16,"Calendar Year (Jan - Dec), 2018",2698.0,2698.0,1814.0,1814.0,1435.0,1435.0,79.0,79.0,2356.0,2356.0,87.0,87.0,127.0,127.0,5.0,5.0,17.0,17.0,1.0,1.0,63.0,63.0,2.0,2.0,15.0,15.0,1.0,1.0,120.0,120.0,4.0,4.0
India,Tripura,16,"Calendar Year (Jan - Dec), 2019",2924.0,2924.0,1967.0,1967.0,1396.0,1396.0,71.0,71.0,2415.0,2415.0,83.0,83.0,173.0,173.0,5.9,5.9,18.0,18.0,0.6,0.6,84.0,84.0,2.9,2.9,62.0,62.0,2.1,2.1,172.0,172.0,5.9,5.9
India,Tripura,16,"Calendar Year (Jan - Dec), 2020",2134.0,2134.0,1412.0,1412.0,1043.0,1043.0,74.0,74.0,1737.0,1737.0,81.0,81.0,159.0,159.0,7.5,7.5,9.0,9.0,0.4,0.4,50.0,50.0,2.3,2.3,60.0,60.0,2.8,2.8,42.0,42.0,2.0,2.0
India,Tripura,16,"Calendar Year (Jan - Dec), 2021",2717.0,2717.0,,,1153.0,1153.0,42.4,42.4,2318.0,2318.0,85.3,85.3,166.0,166.0,6.1,6.1,11.0,11.0,0.4,0.4,58.0,58.0,2.1,2.1,52.0,52.0,1.9,1.9,22.0,22.0,0.8,0.8
India,Tripura,16,"Calendar Year (Jan - Dec), 2022",3226.0,3226.0,,,1329.0,1329.0,41.2,41.2,2803.0,2803.0,86.9,86.9,181.0,181.0,5.6,5.6,13.0,13.0,0.4,0.4,79.0,79.0,2.4,2.4,35.0,35.0,1.1,1.1,2.0,2.0,0.1,0.1
India,Meghalaya,17,"Calendar Year (Jan - Dec), 2017",2946.0,2946.0,1927.0,1927.0,848.0,848.0,44.0,44.0,2000.0,2000.0,68.0,68.0,94.0,94.0,3.2,3.2,17.0,17.0,0.6,0.6,109.0,109.0,3.7,3.7,36.0,36.0,1.2,1.2,690.0,690.0,,
India,Meghalaya,17,"Calendar Year (Jan - Dec), 2018",3972.0,3972.0,2159.0,2159.0,1328.0,1328.0,62.0,62.0,3145.0,3145.0,79.0,79.0,142.0,142.0,4.0,4.0,35.0,35.0,1.0,1.0,97.0,97.0,2.0,2.0,55.0,55.0,1.0,1.0,498.0,498.0,13.0,13.0
India,Meghalaya,17,"Calendar Year (Jan - Dec), 2019",4329.0,4329.0,2484.0,2484.0,1500.0,1500.0,60.0,60.0,3425.0,3425.0,79.0,79.0,183.0,183.0,4.2,4.2,31.0,31.0,0.7,0.7,129.0,129.0,3.0,3.0,75.0,75.0,1.7,1.7,486.0,486.0,11.2,11.2
India,Meghalaya,17,"Calendar Year (Jan - Dec), 2020",3451.0,3451.0,1989.0,1989.0,1206.0,1206.0,61.0,61.0,2770.0,2770.0,80.0,80.0,178.0,178.0,5.2,5.2,27.0,27.0,0.8,0.8,109.0,109.0,3.2,3.2,86.0,86.0,2.5,2.5,72.0,72.0,2.1,2.1
India,Meghalaya,17,"Calendar Year (Jan - Dec), 2021",3553.0,3553.0,,,1310.0,1310.0,36.9,36.9,2989.0,2989.0,84.1,84.1,176.0,176.0,5.0,5.0,21.0,21.0,0.6,0.6,72.0,72.0,2.0,2.0,107.0,107.0,3.0,3.0,6.0,6.0,0.2,0.2
India,Meghalaya,17,"Calendar Year (Jan - Dec), 2022",4285.0,4285.0,,,1737.0,1737.0,40.5,40.5,3574.0,3574.0,83.4,83.4,190.0,190.0,4.4,4.4,20.0,20.0,0.5,0.5,130.0,130.0,3.0,3.0,83.0,83.0,1.9,1.9,18.0,18.0,0.4,0.4
India,Assam,18,"Calendar Year (Jan - Dec), 2017",36532.0,36532.0,19744.0,19744.0,11254.0,11254.0,57.0,57.0,27906.0,27906.0,76.0,76.0,1393.0,1393.0,3.8,3.8,314.0,314.0,0.9,0.9,2113.0,2113.0,5.8,5.8,206.0,206.0,0.6,0.6,4600.0,4600.0,,
India,Assam,18,"Calendar Year (Jan - Dec), 2018",37640.0,37640.0,18234.0,18234.0,12582.0,12582.0,69.0,69.0,32201.0,32201.0,86.0,86.0,1504.0,1504.0,4.0,4.0,213.0,213.0,1.0,1.0,1476.0,1476.0,4.0,4.0,177.0,177.0,0.0,0.0,2069.0,2069.0,5.0,5.0
India,Assam,18,"Calendar Year (Jan - Dec), 2019",42145.0,42145.0,21296.0,21296.0,13880.0,13880.0,65.0,65.0,35606.0,35606.0,84.0,84.0,1662.0,1662.0,3.9,3.9,161.0,161.0,0.4,0.4,1123.0,1123.0,2.7,2.7,416.0,416.0,1.0,1.0,3177.0,3177.0,7.5,7.5
India,Assam,18,"Calendar Year (Jan - Dec), 2020",30860.0,30860.0,15466.0,15466.0,9216.0,9216.0,60.0,60.0,25853.0,25853.0,84.0,84.0,1256.0,1256.0,4.1,4.1,113.0,113.0,0.4,0.4,587.0,587.0,1.9,1.9,433.0,433.0,1.4,1.4,1116.0,1116.0,3.6,3.6
India,Assam,18,"Calendar Year (Jan - Dec), 2021",33440.0,33440.0,,,9137.0,9137.0,27.3,27.3,29435.0,29435.0,88.0,88.0,1454.0,1454.0,4.3,4.3,174.0,174.0,0.5,0.5,670.0,670.0,2.0,2.0,307.0,307.0,0.9,0.9,98.0,98.0,0.3,0.3
India,Assam,18,"Calendar Year (Jan - Dec), 2022",41504.0,41504.0,,,11680.0,11680.0,28.1,28.1,36739.0,36739.0,88.5,88.5,1566.0,1566.0,3.8,3.8,190.0,190.0,0.5,0.5,604.0,604.0,1.5,1.5,427.0,427.0,1.0,1.0,151.0,151.0,0.4,0.4
India,West Bengal,19,"Calendar Year (Jan - Dec), 2017",81291.0,81291.0,55032.0,55032.0,40724.0,40724.0,74.0,74.0,67723.0,67723.0,83.0,83.0,3761.0,3761.0,4.6,4.6,904.0,904.0,1.1,1.1,4168.0,4168.0,5.1,5.1,929.0,929.0,1.1,1.1,3806.0,3806.0,,
India,West Bengal,19,"Calendar Year (Jan - Dec), 2018",87346.0,87346.0,58719.0,58719.0,44499.0,44499.0,76.0,76.0,75441.0,75441.0,86.0,86.0,4323.0,4323.0,5.0,5.0,684.0,684.0,1.0,1.0,2729.0,2729.0,3.0,3.0,949.0,949.0,1.0,1.0,3220.0,3220.0,4.0,4.0
India,West Bengal,19,"Calendar Year (Jan - Dec), 2019",91732.0,91732.0,62858.0,62858.0,45076.0,45076.0,72.0,72.0,76531.0,76531.0,83.0,83.0,4757.0,4757.0,5.2,5.2,584.0,584.0,0.6,0.6,2430.0,2430.0,2.6,2.6,1152.0,1152.0,1.3,1.3,6278.0,6278.0,6.8,6.8
India,West Bengal,19,"Calendar Year (Jan - Dec), 2020",69430.0,69430.0,47208.0,47208.0,34523.0,34523.0,73.0,73.0,58574.0,58574.0,84.0,84.0,3914.0,3914.0,5.6,5.6,436.0,436.0,0.6,0.6,1396.0,1396.0,2.0,2.0,1165.0,1165.0,1.7,1.7,1146.0,1146.0,1.7,1.7
India,West Bengal,19,"Calendar Year (Jan - Dec), 2021",80073.0,80073.0,,,40406.0,40406.0,50.5,50.5,67498.0,67498.0,84.3,84.3,4528.0,4528.0,5.7,5.7,596.0,596.0,0.7,0.7,1558.0,1558.0,1.9,1.9,1257.0,1257.0,1.6,1.6,839.0,839.0,1.0,1.0
India,West Bengal,19,"Calendar Year (Jan - Dec), 2022",86134.0,86134.0,,,43041.0,43041.0,50.0,50.0,74111.0,74111.0,86.0,86.0,4382.0,4382.0,5.1,5.1,551.0,551.0,0.6,0.6,1766.0,1766.0,2.1,2.1,1749.0,1749.0,2.0,2.0,281.0,281.0,0.3,0.3
India,Jharkhand,20,"Calendar Year (Jan - Dec), 2017",35376.0,35376.0,21368.0,21368.0,14103.0,14103.0,66.0,66.0,27731.0,27731.0,78.0,78.0,759.0,759.0,2.1,2.1,191.0,191.0,0.5,0.5,982.0,982.0,2.8,2.8,177.0,177.0,0.5,0.5,5536.0,5536.0,,
India,Jharkhand,20,"Calendar Year (Jan - Dec), 2018",38469.0,38469.0,21177.0,21177.0,15736.0,15736.0,74.0,74.0,34251.0,34251.0,89.0,89.0,1066.0,1066.0,3.0,3.0,206.0,206.0,1.0,1.0,896.0,896.0,2.0,2.0,151.0,151.0,0.0,0.0,1899.0,1899.0,5.0,5.0
India,Jharkhand,20,"Calendar Year (Jan - Dec), 2019",43843.0,43843.0,25186.0,25186.0,15119.0,15119.0,60.0,60.0,35899.0,35899.0,82.0,82.0,1081.0,1081.0,2.5,2.5,243.0,243.0,0.6,0.6,855.0,855.0,2.0,2.0,241.0,241.0,0.5,0.5,5524.0,5524.0,12.6,12.6
India,Jharkhand,20,"Calendar Year (Jan - Dec), 2020",30707.0,30707.0,17520.0,17520.0,10053.0,10053.0,57.0,57.0,25836.0,25836.0,84.0,84.0,902.0,902.0,2.9,2.9,150.0,150.0,0.5,0.5,682.0,682.0,2.2,2.2,242.0,242.0,0.8,0.8,1295.0,1295.0,4.2,4.2
India,Jharkhand,20,"Calendar Year (Jan - Dec), 2021",36165.0,36165.0,,,12966.0,12966.0,35.9,35.9,31736.0,31736.0,87.8,87.8,1118.0,1118.0,3.1,3.1,221.0,221.0,0.6,0.6,851.0,851.0,2.4,2.4,264.0,264.0,0.7,0.7,605.0,605.0,1.7,1.7
India,Jharkhand,20,"Calendar Year (Jan - Dec), 2022",47469.0,47469.0,,,17438.0,17438.0,36.7,36.7,42330.0,42330.0,89.2,89.2,1272.0,1272.0,2.7,2.7,227.0,227.0,0.5,0.5,865.0,865.0,1.8,1.8,246.0,246.0,0.5,0.5,266.0,266.0,0.6,0.6
India,Odisha,21,"Calendar Year (Jan - Dec), 2017",63342.0,63342.0,39458.0,39458.0,20913.0,20913.0,53.0,53.0,38988.0,38988.0,62.0,62.0,2449.0,2449.0,3.9,3.9,294.0,294.0,0.5,0.5,1799.0,1799.0,2.8,2.8,203.0,203.0,0.3,0.3,19609.0,19609.0,,
India,Odisha,21,"Calendar Year (Jan - Dec), 2018",45747.0,45747.0,26346.0,26346.0,21026.0,21026.0,80.0,80.0,40598.0,40598.0,89.0,89.0,2474.0,2474.0,5.0,5.0,178.0,178.0,0.0,0.0,1407.0,1407.0,3.0,3.0,244.0,244.0,1.0,1.0,846.0,846.0,2.0,2.0
India,Odisha,21,"Calendar Year (Jan - Dec), 2019",48439.0,48439.0,28412.0,28412.0,22056.0,22056.0,78.0,78.0,42454.0,42454.0,88.0,88.0,2611.0,2611.0,5.4,5.4,171.0,171.0,0.4,0.4,1022.0,1022.0,2.1,2.1,409.0,409.0,0.8,0.8,1772.0,1772.0,3.7,3.7
India,Odisha,21,"Calendar Year (Jan - Dec), 2020",41418.0,41418.0,24560.0,24560.0,19934.0,19934.0,81.0,81.0,36741.0,36741.0,89.0,89.0,2421.0,2421.0,5.8,5.8,105.0,105.0,0.3,0.3,542.0,542.0,1.3,1.3,239.0,239.0,0.6,0.6,431.0,431.0,1.0,1.0
India,Odisha,21,"Calendar Year (Jan - Dec), 2021",47936.0,47936.0,,,21931.0,21931.0,45.8,45.8,42937.0,42937.0,89.6,89.6,2874.0,2874.0,6.0,6.0,80.0,80.0,0.2,0.2,470.0,470.0,1.0,1.0,253.0,253.0,0.5,0.5,338.0,338.0,0.7,0.7
India,Odisha,21,"Calendar Year (Jan - Dec), 2022",55329.0,55329.0,,,25170.0,25170.0,45.5,45.5,50344.0,50344.0,91.0,91.0,2575.0,2575.0,4.7,4.7,100.0,100.0,0.2,0.2,444.0,444.0,0.8,0.8,251.0,251.0,0.5,0.5,319.0,319.0,0.6,0.6
India,Chhattisgarh,22,"Calendar Year (Jan - Dec), 2017",31181.0,31181.0,16400.0,16400.0,12628.0,12628.0,77.0,77.0,27724.0,27724.0,89.0,89.0,1416.0,1416.0,4.5,4.5,329.0,329.0,1.1,1.1,976.0,976.0,3.1,3.1,170.0,170.0,0.5,0.5,566.0,566.0,,
India,Chhattisgarh,22,"Calendar Year (Jan - Dec), 2018",29923.0,29923.0,14490.0,14490.0,11760.0,11760.0,81.0,81.0,26756.0,26756.0,89.0,89.0,1309.0,1309.0,4.0,4.0,193.0,193.0,1.0,1.0,641.0,641.0,2.0,2.0,165.0,165.0,1.0,1.0,859.0,859.0,3.0,3.0
India,Chhattisgarh,22,"Calendar Year (Jan - Dec), 2019",31941.0,31941.0,15994.0,15994.0,11958.0,11958.0,75.0,75.0,27275.0,27275.0,85.0,85.0,1417.0,1417.0,4.4,4.4,176.0,176.0,0.6,0.6,558.0,558.0,1.7,1.7,338.0,338.0,1.1,1.1,2177.0,2177.0,6.8,6.8
India,Chhattisgarh,22,"Calendar Year (Jan - Dec), 2020",22127.0,22127.0,10552.0,10552.0,7910.0,7910.0,75.0,75.0,19267.0,19267.0,87.0,87.0,1142.0,1142.0,5.2,5.2,113.0,113.0,0.5,0.5,369.0,369.0,1.7,1.7,240.0,240.0,1.1,1.1,581.0,581.0,2.6,2.6
India,Chhattisgarh,22,"Calendar Year (Jan - Dec), 2021",24944.0,24944.0,,,10095.0,10095.0,40.5,40.5,21449.0,21449.0,86.0,86.0,1447.0,1447.0,5.8,5.8,147.0,147.0,0.6,0.6,355.0,355.0,1.4,1.4,343.0,343.0,1.4,1.4,440.0,440.0,1.8,1.8
India,Chhattisgarh,22,"Calendar Year (Jan - Dec), 2022",29622.0,29622.0,,,12080.0,12080.0,40.8,40.8,26285.0,26285.0,88.7,88.7,1478.0,1478.0,5.0,5.0,129.0,129.0,0.4,0.4,448.0,448.0,1.5,1.5,359.0,359.0,1.2,1.2,143.0,143.0,0.5,0.5
India,Madhya Pradesh,23,"Calendar Year (Jan - Dec), 2017",114827.0,114827.0,62860.0,62860.0,42745.0,42745.0,68.0,68.0,99814.0,99814.0,87.0,87.0,3923.0,3923.0,3.4,3.4,1165.0,1165.0,1.0,1.0,5386.0,5386.0,4.7,4.7,760.0,760.0,0.7,0.7,3779.0,3779.0,,
India,Madhya Pradesh,23,"Calendar Year (Jan - Dec), 2018",120273.0,120273.0,55240.0,55240.0,39554.0,39554.0,72.0,72.0,105690.0,105690.0,88.0,88.0,4096.0,4096.0,3.0,3.0,921.0,921.0,1.0,1.0,4281.0,4281.0,4.0,4.0,551.0,551.0,0.0,0.0,4734.0,4734.0,4.0,4.0
India,Madhya Pradesh,23,"Calendar Year (Jan - Dec), 2019",142986.0,142986.0,66791.0,66791.0,40836.0,40836.0,61.0,61.0,118238.0,118238.0,83.0,83.0,4584.0,4584.0,3.2,3.2,913.0,913.0,0.6,0.6,4991.0,4991.0,3.5,3.5,1242.0,1242.0,0.9,0.9,13018.0,13018.0,9.1,9.1
India,Madhya Pradesh,23,"Calendar Year (Jan - Dec), 2020",106113.0,106113.0,48914.0,48914.0,30165.0,30165.0,62.0,62.0,88971.0,88971.0,84.0,84.0,3847.0,3847.0,3.6,3.6,642.0,642.0,0.6,0.6,3547.0,3547.0,3.3,3.3,1233.0,1233.0,1.2,1.2,3524.0,3524.0,3.3,3.3
India,Madhya Pradesh,23,"Calendar Year (Jan - Dec), 2021",118760.0,118760.0,,,30776.0,30776.0,25.9,25.9,101006.0,101006.0,85.1,85.1,4957.0,4957.0,4.2,4.2,906.0,906.0,0.8,0.8,4006.0,4006.0,3.4,3.4,1294.0,1294.0,1.1,1.1,2132.0,2132.0,1.8,1.8
India,Madhya Pradesh,23,"Calendar Year (Jan - Dec), 2022",139392.0,139392.0,,,36775.0,36775.0,26.4,26.4,121356.0,121356.0,87.1,87.1,5053.0,5053.0,3.6,3.6,889.0,889.0,0.6,0.6,3673.0,3673.0,2.6,2.6,1373.0,1373.0,1.0,1.0,526.0,526.0,0.4,0.4
India,Gujarat,24,"Calendar Year (Jan - Dec), 2017",94412.0,94412.0,63746.0,63746.0,42710.0,42710.0,67.0,67.0,77878.0,77878.0,82.0,82.0,5704.0,5704.0,6.0,6.0,1423.0,1423.0,1.5,1.5,4264.0,4264.0,4.5,4.5,1624.0,1624.0,1.7,1.7,3519.0,3519.0,,
India,Gujarat,24,"Calendar Year (Jan - Dec), 2018",101975.0,101975.0,54749.0,54749.0,41640.0,41640.0,76.0,76.0,86082.0,86082.0,84.0,84.0,5613.0,5613.0,6.0,6.0,1095.0,1095.0,1.0,1.0,3072.0,3072.0,3.0,3.0,1450.0,1450.0,1.0,1.0,466.0,466.0,5.0,5.0
India,Gujarat,24,"Calendar Year (Jan - Dec), 2019",98494.0,98494.0,52704.0,52704.0,41172.0,41172.0,78.0,78.0,84291.0,84291.0,86.0,86.0,5254.0,5254.0,5.3,5.3,1125.0,1125.0,1.1,1.1,2149.0,2149.0,2.2,2.2,2311.0,2311.0,2.3,2.3,3364.0,3364.0,3.4,3.4
India,Gujarat,24,"Calendar Year (Jan - Dec), 2020",77114.0,77114.0,36707.0,36707.0,31039.0,31039.0,85.0,85.0,67086.0,67086.0,87.0,87.0,4250.0,4250.0,5.5,5.5,786.0,786.0,1.0,1.0,1111.0,1111.0,1.4,1.4,1726.0,1726.0,2.2,2.2,155.0,155.0,0.2,0.2
India,Gujarat,24,"Calendar Year (Jan - Dec), 2021",97670.0,97670.0,,,38688.0,38688.0,39.6,39.6,85675.0,85675.0,87.7,87.7,5596.0,5596.0,5.7,5.7,889.0,889.0,0.9,0.9,1316.0,1316.0,1.3,1.3,1911.0,1911.0,2.0,2.0,259.0,259.0,0.3,0.3
India,Gujarat,24,"Calendar Year (Jan - Dec), 2022",105358.0,105358.0,,,40980.0,40980.0,38.9,38.9,93204.0,93204.0,88.5,88.5,5193.0,5193.0,4.9,4.9,933.0,933.0,0.9,0.9,1314.0,1314.0,1.2,1.2,2022.0,2022.0,1.9,1.9,88.0,88.0,0.1,0.1
India,Maharashtra,27,"Calendar Year (Jan - Dec), 2017",113444.0,113444.0,68095.0,68095.0,42900.0,42900.0,63.0,63.0,91615.0,91615.0,81.0,81.0,4993.0,4993.0,4.4,4.4,848.0,848.0,0.7,0.7,5073.0,5073.0,4.5,4.5,1691.0,1691.0,1.5,1.5,9224.0,9224.0,,
India,Maharashtra,27,"Calendar Year (Jan - Dec), 2018",131388.0,131388.0,64121.0,64121.0,44268.0,44268.0,69.0,69.0,107678.0,107678.0,82.0,82.0,5961.0,5961.0,5.0,5.0,895.0,895.0,1.0,1.0,5233.0,5233.0,4.0,4.0,1665.0,1665.0,1.0,1.0,9956.0,9956.0,8.0,8.0
India,Maharashtra,27,"Calendar Year (Jan - Dec), 2019",137098.0,137098.0,67382.0,67382.0,45230.0,45230.0,67.0,67.0,114138.0,114138.0,83.0,83.0,6117.0,6117.0,4.5,4.5,818.0,818.0,0.6,0.6,4425.0,4425.0,3.2,3.2,2628.0,2628.0,1.9,1.9,8972.0,8972.0,6.5,6.5
India,Maharashtra,27,"Calendar Year (Jan - Dec), 2020",94885.0,94885.0,44916.0,44916.0,30921.0,30921.0,69.0,69.0,79205.0,79205.0,83.0,83.0,4574.0,4574.0,4.8,4.8,532.0,532.0,0.6,0.6,1986.0,1986.0,2.1,2.1,2704.0,2704.0,2.8,2.8,578.0,578.0,0.6,0.6
India,Maharashtra,27,"Calendar Year (Jan - Dec), 2021",113920.0,113920.0,,,35151.0,35151.0,30.9,30.9,97090.0,97090.0,85.2,85.2,5199.0,5199.0,4.6,4.6,684.0,684.0,0.6,0.6,2074.0,2074.0,1.8,1.8,3743.0,3743.0,3.3,3.3,356.0,356.0,0.3,0.3
India,Maharashtra,27,"Calendar Year (Jan - Dec), 2022",142704.0,142704.0,,,40901.0,40901.0,28.7,28.7,122692.0,122692.0,86.0,86.0,5927.0,5927.0,4.2,4.2,723.0,723.0,0.5,0.5,2345.0,2345.0,1.6,1.6,4207.0,4207.0,2.9,2.9,481.0,481.0,0.3,0.3
India,Andhra Pradesh,28,"Calendar Year (Jan - Dec), 2017",62841.0,62841.0,40992.0,40992.0,31974.0,31974.0,78.0,78.0,56836.0,56836.0,90.0,90.0,2732.0,2732.0,4.3,4.3,639.0,639.0,1.0,1.0,1585.0,1585.0,2.5,2.5,545.0,545.0,0.9,0.9,504.0,504.0,,
India,Andhra Pradesh,28,"Calendar Year (Jan - Dec), 2018",64460.0,64460.0,39784.0,39784.0,28558.0,28558.0,72.0,72.0,57629.0,57629.0,89.0,89.0,3350.0,3350.0,5.0,5.0,363.0,363.0,1.0,1.0,1280.0,1280.0,2.0,2.0,834.0,834.0,1.0,1.0,1004.0,1004.0,2.0,2.0
India,Andhra Pradesh,28,"Calendar Year (Jan - Dec), 2019",72585.0,72585.0,48943.0,48943.0,36846.0,36846.0,75.0,75.0,64454.0,64454.0,89.0,89.0,3216.0,3216.0,4.4,4.4,261.0,261.0,0.4,0.4,941.0,941.0,1.3,1.3,1363.0,1363.0,1.9,1.9,2350.0,2350.0,3.2,3.2
India,Andhra Pradesh,28,"Calendar Year (Jan - Dec), 2020",45783.0,45783.0,27954.0,27954.0,22134.0,22134.0,79.0,79.0,40487.0,40487.0,88.0,88.0,2210.0,2210.0,4.8,4.8,103.0,103.0,0.2,0.2,349.0,349.0,0.8,0.8,867.0,867.0,1.9,1.9,591.0,591.0,1.3,1.3
India,Andhra Pradesh,28,"Calendar Year (Jan - Dec), 2021",60910.0,60910.0,,,31713.0,31713.0,52.1,52.1,55708.0,55708.0,91.5,91.5,1985.0,1985.0,3.3,3.3,155.0,155.0,0.3,0.3,145.0,145.0,0.2,0.2,1347.0,1347.0,2.2,2.2,81.0,81.0,0.1,0.1
India,Andhra Pradesh,28,"Calendar Year (Jan - Dec), 2022",64105.0,64105.0,,,32946.0,32946.0,51.4,51.4,59817.0,59817.0,93.3,93.3,1352.0,1352.0,2.1,2.1,125.0,125.0,0.2,0.2,55.0,55.0,0.1,0.1,1262.0,1262.0,2.0,2.0,24.0,24.0,0.0,0.0
India,Karnataka,29,"Calendar Year (Jan - Dec), 2017",60894.0,60894.0,46156.0,46156.0,28617.0,28617.0,62.0,62.0,48827.0,48827.0,80.0,80.0,3777.0,3777.0,6.2,6.2,777.0,777.0,1.3,1.3,3920.0,3920.0,6.4,6.4,593.0,593.0,1.0,1.0,3000.0,3000.0,,
India,Karnataka,29,"Calendar Year (Jan - Dec), 2018",65306.0,65306.0,42024.0,42024.0,29063.0,29063.0,69.0,69.0,52728.0,52728.0,81.0,81.0,4408.0,4408.0,7.0,7.0,556.0,556.0,1.0,1.0,3311.0,3311.0,5.0,5.0,691.0,691.0,1.0,1.0,3612.0,3612.0,6.0,6.0
India,Karnataka,29,"Calendar Year (Jan - Dec), 2019",69984.0,69984.0,43474.0,43474.0,30097.0,30097.0,69.0,69.0,56314.0,56314.0,80.0,80.0,4926.0,4926.0,7.0,7.0,614.0,614.0,0.9,0.9,2690.0,2690.0,3.8,3.8,1447.0,1447.0,2.1,2.1,3993.0,3993.0,5.7,5.7
India,Karnataka,29,"Calendar Year (Jan - Dec), 2020",49669.0,49669.0,30794.0,30794.0,22399.0,22399.0,73.0,73.0,40108.0,40108.0,81.0,81.0,3939.0,3939.0,7.9,7.9,333.0,333.0,0.7,0.7,1299.0,1299.0,2.6,2.6,1411.0,1411.0,2.8,2.8,437.0,437.0,0.9,0.9
India,Karnataka,29,"Calendar Year (Jan - Dec), 2021",57309.0,57309.0,,,27008.0,27008.0,47.1,47.1,47044.0,47044.0,82.1,82.1,4719.0,4719.0,8.2,8.2,375.0,375.0,0.7,0.7,1530.0,1530.0,2.7,2.7,1449.0,1449.0,2.5,2.5,187.0,187.0,0.3,0.3
India,Karnataka,29,"Calendar Year (Jan - Dec), 2022",64794.0,64794.0,,,31275.0,31275.0,48.3,48.3,54378.0,54378.0,83.9,83.9,4758.0,4758.0,7.3,7.3,316.0,316.0,0.5,0.5,1494.0,1494.0,2.3,2.3,1769.0,1769.0,2.7,2.7,27.0,27.0,0.0,0.0
India,Goa,30,"Calendar Year (Jan - Dec), 2017",1345.0,1345.0,843.0,843.0,506.0,506.0,60.0,60.0,1176.0,1176.0,87.0,87.0,40.0,40.0,3.0,3.0,17.0,17.0,1.3,1.3,59.0,59.0,4.4,4.4,21.0,21.0,1.6,1.6,32.0,32.0,,
India,Goa,30,"Calendar Year (Jan - Dec), 2018",1733.0,1733.0,1048.0,1048.0,534.0,534.0,51.0,51.0,1379.0,1379.0,80.0,80.0,70.0,70.0,4.0,4.0,19.0,19.0,1.0,1.0,70.0,70.0,4.0,4.0,21.0,21.0,1.0,1.0,174.0,174.0,10.0,10.0
India,Goa,30,"Calendar Year (Jan - Dec), 2019",1820.0,1820.0,1110.0,1110.0,550.0,550.0,50.0,50.0,1456.0,1456.0,80.0,80.0,65.0,65.0,3.6,3.6,13.0,13.0,0.7,0.7,71.0,71.0,3.9,3.9,35.0,35.0,1.9,1.9,180.0,180.0,9.9,9.9
India,Goa,30,"Calendar Year (Jan - Dec), 2020",1277.0,1277.0,776.0,776.0,338.0,338.0,44.0,44.0,1056.0,1056.0,83.0,83.0,84.0,84.0,6.6,6.6,8.0,8.0,0.6,0.6,33.0,33.0,2.6,2.6,26.0,26.0,2.0,2.0,4.0,4.0,0.3,0.3
India,Goa,30,"Calendar Year (Jan - Dec), 2021",1555.0,1555.0,,,442.0,442.0,28.4,28.4,1206.0,1206.0,77.6,77.6,151.0,151.0,9.7,9.7,12.0,12.0,0.8,0.8,57.0,57.0,3.7,3.7,40.0,40.0,2.6,2.6,1.0,1.0,0.1,0.1
India,Goa,30,"Calendar Year (Jan - Dec), 2022",1600.0,1600.0,,,490.0,490.0,30.6,30.6,1184.0,1184.0,74.0,74.0,158.0,158.0,9.9,9.9,18.0,18.0,1.1,1.1,74.0,74.0,4.6,4.6,77.0,77.0,4.8,4.8,3.0,3.0,0.2,0.2
India,Lakshadweep,31,"Calendar Year (Jan - Dec), 2017",51.0,51.0,36.0,36.0,29.0,29.0,81.0,81.0,48.0,48.0,94.0,94.0,2.0,2.0,3.9,3.9,0.0,0.0,0.0,0.0,0.0,0.0,0.0,0.0,0.0,0.0,0.0,0.0,1.0,1.0,,
India,Lakshadweep,31,"Calendar Year (Jan - Dec), 2018",19.0,19.0,10.0,10.0,5.0,5.0,50.0,50.0,18.0,18.0,95.0,95.0,0.0,0.0,0.0,0.0,0.0,0.0,0.0,0.0,0.0,0.0,0.0,0.0,0.0,0.0,0.0,0.0,1.0,1.0,5.0,5.0
India,Lakshadweep,31,"Calendar Year (Jan - Dec), 2019",22.0,22.0,12.0,12.0,7.0,7.0,58.0,58.0,14.0,14.0,64.0,64.0,2.0,2.0,9.1,9.1,0.0,0.0,0.0,0.0,0.0,0.0,0.0,0.0,0.0,0.0,0.0,0.0,6.0,6.0,27.3,27.3
India,Lakshadweep,31,"Calendar Year (Jan - Dec), 2020",17.0,17.0,8.0,8.0,9.0,9.0,113.0,113.0,15.0,15.0,88.0,88.0,0.0,0.0,0.0,0.0,0.0,0.0,0.0,0.0,0.0,0.0,0.0,0.0,0.0,0.0,0.0,0.0,2.0,2.0,11.8,11.8
India,Lakshadweep,31,"Calendar Year (Jan - Dec), 2021",20.0,20.0,,,10.0,10.0,50.0,50.0,18.0,18.0,90.0,90.0,1.0,1.0,5.0,5.0,0.0,0.0,0.0,0.0,0.0,0.0,0.0,0.0,0.0,0.0,0.0,0.0,1.0,1.0,5.0,5.0
India,Lakshadweep,31,"Calendar Year (Jan - Dec), 2022",21.0,21.0,,,15.0,15.0,71.4,71.4,21.0,21.0,100.0,100.0,0.0,0.0,0.0,0.0,0.0,0.0,0.0,0.0,0.0,0.0,0.0,0.0,0.0,0.0,0.0,0.0,0.0,0.0,0.0,0.0
India,Kerala,32,"Calendar Year (Jan - Dec), 2017",16948.0,16948.0,10808.0,10808.0,8106.0,8106.0,75.0,75.0,14899.0,14899.0,88.0,88.0,682.0,682.0,4.0,4.0,186.0,186.0,1.1,1.1,475.0,475.0,2.8,2.8,146.0,146.0,0.9,0.9,560.0,560.0,,
India,Kerala,32,"Calendar Year (Jan - Dec), 2018",21239.0,21239.0,12210.0,12210.0,9990.0,9990.0,82.0,82.0,18882.0,18882.0,89.0,89.0,1057.0,1057.0,5.0,5.0,215.0,215.0,1.0,1.0,450.0,450.0,2.0,2.0,175.0,175.0,1.0,1.0,460.0,460.0,2.0,2.0
India,Kerala,32,"Calendar Year (Jan - Dec), 2019",21868.0,21868.0,13288.0,13288.0,9992.0,9992.0,75.0,75.0,18193.0,18193.0,83.0,83.0,1583.0,1583.0,7.2,7.2,178.0,178.0,0.8,0.8,412.0,412.0,1.9,1.9,228.0,228.0,1.0,1.0,1274.0,1274.0,5.8,5.8
India,Kerala,32,"Calendar Year (Jan - Dec), 2020",17696.0,17696.0,10674.0,10674.0,7538.0,7538.0,71.0,71.0,14459.0,14459.0,82.0,82.0,1379.0,1379.0,7.8,7.8,121.0,121.0,0.7,0.7,310.0,310.0,1.8,1.8,216.0,216.0,1.2,1.2,573.0,573.0,3.2,3.2
India,Kerala,32,"Calendar Year (Jan - Dec), 2021",18765.0,18765.0,,,7931.0,7931.0,42.3,42.3,15159.0,15159.0,80.8,80.8,1484.0,1484.0,7.9,7.9,139.0,139.0,0.7,0.7,392.0,392.0,2.1,2.1,252.0,252.0,1.3,1.3,521.0,521.0,2.8,2.8
India,Kerala,32,"Calendar Year (Jan - Dec), 2022",20277.0,20277.0,,,9056.0,9056.0,44.7,44.7,16772.0,16772.0,82.7,82.7,1686.0,1686.0,8.3,8.3,123.0,123.0,0.6,0.6,483.0,483.0,2.4,2.4,305.0,305.0,1.5,1.5,58.0,58.0,0.3,0.3
India,Tamil Nadu,33,"Calendar Year (Jan - Dec), 2017",77158.0,77158.0,57068.0,57068.0,38806.0,38806.0,68.0,68.0,63311.0,63311.0,82.0,82.0,3677.0,3677.0,4.8,4.8,878.0,878.0,1.1,1.1,4270.0,4270.0,5.5,5.5,551.0,551.0,0.7,0.7,4471.0,4471.0,,
India,Tamil Nadu,33,"Calendar Year (Jan - Dec), 2018",74972.0,74972.0,50810.0,50810.0,38116.0,38116.0,75.0,75.0,63882.0,63882.0,85.0,85.0,3802.0,3802.0,5.0,5.0,507.0,507.0,1.0,1.0,2867.0,2867.0,4.0,4.0,1153.0,1153.0,2.0,2.0,2761.0,2761.0,4.0,4.0
India,Tamil Nadu,33,"Calendar Year (Jan - Dec), 2019",81550.0,81550.0,55430.0,55430.0,40539.0,40539.0,73.0,73.0,68102.0,68102.0,84.0,84.0,4656.0,4656.0,5.7,5.7,516.0,516.0,0.6,0.6,2506.0,2506.0,3.1,3.1,2036.0,2036.0,2.5,2.5,3734.0,3734.0,4.6,4.6
India,Tamil Nadu,33,"Calendar Year (Jan - Dec), 2020",53983.0,53983.0,36131.0,36131.0,26817.0,26817.0,74.0,74.0,44529.0,44529.0,82.0,82.0,3437.0,3437.0,6.4,6.4,303.0,303.0,0.6,0.6,1177.0,1177.0,2.2,2.2,1915.0,1915.0,3.5,3.5,612.0,612.0,1.1,1.1
India,Tamil Nadu,33,"Calendar Year (Jan - Dec), 2021",66774.0,66774.0,,,32559.0,32559.0,48.8,48.8,55491.0,55491.0,83.1,83.1,4393.0,4393.0,6.6,6.6,421.0,421.0,0.6,0.6,1704.0,1704.0,2.6,2.6,1497.0,1497.0,2.2,2.2,446.0,446.0,0.7,0.7
India,Tamil Nadu,33,"Calendar Year (Jan - Dec), 2022",75937.0,75937.0,,,38061.0,38061.0,50.1,50.1,64618.0,64618.0,85.1,85.1,4667.0,4667.0,6.1,6.1,515.0,515.0,0.7,0.7,1943.0,1943.0,2.6,2.6,1670.0,1670.0,2.2,2.2,35.0,35.0,0.0,0.0
India,Puducherry,34,"Calendar Year (Jan - Dec), 2017",1414.0,1414.0,993.0,993.0,745.0,745.0,75.0,75.0,1206.0,1206.0,85.0,85.0,78.0,78.0,5.5,5.5,25.0,25.0,1.8,1.8,54.0,54.0,3.8,3.8,12.0,12.0,0.8,0.8,39.0,39.0,,
India,Puducherry,34,"Calendar Year (Jan - Dec), 2018",1521.0,1521.0,938.0,938.0,720.0,720.0,77.0,77.0,1303.0,1303.0,86.0,86.0,92.0,92.0,6.0,6.0,23.0,23.0,2.0,2.0,53.0,53.0,3.0,3.0,7.0,7.0,0.0,0.0,43.0,43.0,3.0,3.0
India,Puducherry,34,"Calendar Year (Jan - Dec), 2019",1559.0,1559.0,1062.0,1062.0,750.0,750.0,71.0,71.0,1266.0,1266.0,81.0,81.0,116.0,116.0,7.4,7.4,22.0,22.0,1.4,1.4,43.0,43.0,2.8,2.8,36.0,36.0,2.3,2.3,76.0,76.0,4.9,4.9
India,Puducherry,34,"Calendar Year (Jan - Dec), 2020",1219.0,1219.0,826.0,826.0,542.0,542.0,66.0,66.0,993.0,993.0,81.0,81.0,80.0,80.0,6.6,6.6,14.0,14.0,1.1,1.1,28.0,28.0,2.3,2.3,37.0,37.0,3.0,3.0,3.0,3.0,0.2,0.2
India,Puducherry,34,"Calendar Year (Jan - Dec), 2021",1369.0,1369.0,,,593.0,593.0,43.3,43.3,1103.0,1103.0,80.6,80.6,74.0,74.0,5.4,5.4,24.0,24.0,1.8,1.8,33.0,33.0,2.4,2.4,30.0,30.0,2.2,2.2,2.0,2.0,0.1,0.1
India,Puducherry,34,"Calendar Year (Jan - Dec), 2022",1483.0,1483.0,,,673.0,673.0,45.4,45.4,1214.0,1214.0,81.9,81.9,115.0,115.0,7.8,7.8,20.0,20.0,1.3,1.3,40.0,40.0,2.7,2.7,32.0,32.0,2.2,2.2,0.0,0.0,0.0,0.0
India,Andaman and Nicobar Islands,35,"Calendar Year (Jan - Dec), 2017",579.0,579.0,254.0,254.0,178.0,178.0,70.0,70.0,522.0,522.0,90.0,90.0,18.0,18.0,3.1,3.1,3.0,3.0,0.5,0.5,14.0,14.0,2.4,2.4,4.0,4.0,0.7,0.7,18.0,18.0,,
India,Andaman and Nicobar Islands,35,"Calendar Year (Jan - Dec), 2018",503.0,503.0,231.0,231.0,145.0,145.0,63.0,63.0,443.0,443.0,88.0,88.0,12.0,12.0,2.0,2.0,4.0,4.0,1.0,1.0,17.0,17.0,3.0,3.0,6.0,6.0,1.0,1.0,21.0,21.0,4.0,4.0
India,Andaman and Nicobar Islands,35,"Calendar Year (Jan - Dec), 2019",543.0,543.0,285.0,285.0,152.0,152.0,53.0,53.0,455.0,455.0,84.0,84.0,25.0,25.0,4.6,4.6,0.0,0.0,0.0,0.0,17.0,17.0,3.1,3.1,7.0,7.0,1.3,1.3,39.0,39.0,7.2,7.2
India,Andaman and Nicobar Islands,35,"Calendar Year (Jan - Dec), 2020",434.0,434.0,242.0,242.0,141.0,141.0,58.0,58.0,370.0,370.0,85.0,85.0,16.0,16.0,3.7,3.7,3.0,3.0,0.7,0.7,6.0,6.0,1.4,1.4,8.0,8.0,1.8,1.8,1.0,1.0,0.2,0.2
India,Andaman and Nicobar Islands,35,"Calendar Year (Jan - Dec), 2021",479.0,479.0,,,167.0,167.0,34.9,34.9,416.0,416.0,86.8,86.8,12.0,12.0,2.5,2.5,2.0,2.0,0.4,0.4,12.0,12.0,2.5,2.5,10.0,10.0,2.1,2.1,3.0,3.0,0.6,0.6
India,Andaman and Nicobar Islands,35,"Calendar Year (Jan - Dec), 2022",504.0,504.0,,,225.0,225.0,44.6,44.6,429.0,429.0,85.1,85.1,14.0,14.0,2.8,2.8,8.0,8.0,1.6,1.6,16.0,16.0,3.2,3.2,13.0,13.0,2.6,2.6,0.0,0.0,0.0,0.0
India,Telangana,36,"Calendar Year (Jan - Dec), 2017",36878.0,36878.0,26182.0,26182.0,17542.0,17542.0,67.0,67.0,30885.0,30885.0,84.0,84.0,1460.0,1460.0,4.0,4.0,508.0,508.0,1.4,1.4,1168.0,1168.0,3.2,3.2,332.0,332.0,0.9,0.9,2525.0,2525.0,,
India,Telangana,36,"Calendar Year (Jan - Dec), 2018",41007.0,41007.0,26616.0,26616.0,20540.0,20540.0,77.0,77.0,36905.0,36905.0,90.0,90.0,1692.0,1692.0,4.0,4.0,327.0,327.0,1.0,1.0,731.0,731.0,2.0,2.0,364.0,364.0,1.0,1.0,988.0,988.0,2.0,2.0
India,Telangana,36,"Calendar Year (Jan - Dec), 2019",47325.0,47325.0,29476.0,29476.0,23876.0,23876.0,81.0,81.0,41473.0,41473.0,88.0,88.0,1848.0,1848.0,3.9,3.9,275.0,275.0,0.6,0.6,458.0,458.0,1.0,1.0,648.0,648.0,1.4,1.4,2623.0,2623.0,5.5,5.5
India,Telangana,36,"Calendar Year (Jan - Dec), 2020",39396.0,39396.0,21593.0,21593.0,19321.0,19321.0,89.0,89.0,34431.0,34431.0,87.0,87.0,1358.0,1358.0,3.4,3.4,165.0,165.0,0.4,0.4,246.0,246.0,0.6,0.6,1033.0,1033.0,2.6,2.6,1015.0,1015.0,2.6,2.6
India,Telangana,36,"Calendar Year (Jan - Dec), 2021",42822.0,42822.0,,,21309.0,21309.0,49.8,49.8,38805.0,38805.0,90.6,90.6,1340.0,1340.0,3.1,3.1,209.0,209.0,0.5,0.5,316.0,316.0,0.7,0.7,562.0,562.0,1.3,1.3,437.0,437.0,1.0,1.0
India,Telangana,36,"Calendar Year (Jan - Dec), 2022",52958.0,52958.0,,,24642.0,24642.0,46.5,46.5,48219.0,48219.0,91.1,91.1,1428.0,1428.0,2.7,2.7,232.0,232.0,0.4,0.4,306.0,306.0,0.6,0.6,854.0,854.0,1.6,1.6,212.0,212.0,0.4,0.4
India,Ladakh,37,"Calendar Year (Jan - Dec), 2017",174.8320076281,174.8320076281,121.8115163869,121.8115163869,58.4669030889,58.4669030889,48.0,48.0,120.45538171,120.45538171,69.0,69.0,4.1777697306,4.1777697306,2.4,2.4,1.5311197966,1.5311197966,0.9,0.9,3.4340829723,3.4340829723,2.0,2.0,0.874925598,0.874925598,0.5,0.5,44.3587278206,44.3587278206,,
India,Ladakh,37,"Calendar Year (Jan - Dec), 2018",240.0577109619,240.0577109619,126.3392563568,126.3392563568,86.7488730455,86.7488730455,69.0,69.0,200.7735516099,200.7735516099,84.0,84.0,6.0151134865,6.0151134865,3.0,3.0,1.5967392164,1.5967392164,1.0,1.0,5.0308221887,5.0308221887,2.0,2.0,0.9405450179,0.9405450179,0.0,0.0,25.7009394424,25.7009394424,11.0,11.0
India,Ladakh,37,"Calendar Year (Jan - Dec), 2019",367.0,367.0,203.0,203.0,98.0,98.0,48.0,48.0,312.0,312.0,85.0,85.0,22.0,22.0,6.0,6.0,0.0,0.0,0.0,0.0,1.0,1.0,0.3,0.3,0.0,0.0,0.0,0.0,32.0,32.0,8.7,8.7
India,Ladakh,37,"Calendar Year (Jan - Dec), 2020",226.0,226.0,122.0,122.0,51.0,51.0,42.0,42.0,171.0,171.0,76.0,76.0,19.0,19.0,8.4,8.4,2.0,2.0,0.9,0.9,4.0,4.0,1.8,1.8,1.0,1.0,0.4,0.4,18.0,18.0,8.0,8.0
India,Ladakh,37,"Calendar Year (Jan - Dec), 2021",295.0,295.0,,,120.0,120.0,40.7,40.7,242.0,242.0,82.0,82.0,21.0,21.0,7.1,7.1,2.0,2.0,0.7,0.7,4.0,4.0,1.4,1.4,3.0,3.0,1.0,1.0,4.0,4.0,1.4,1.4
India,Ladakh,37,"Calendar Year (Jan - Dec), 2022",332.0,332.0,,,190.0,190.0,57.2,57.2,293.0,293.0,88.3,88.3,16.0,16.0,4.8,4.8,2.0,2.0,0.6,0.6,1.0,1.0,0.3,0.3,1.0,1.0,0.3,0.3,0.0,0.0,0.0,0.0
India,The Dadra and Nagar Haveli and Daman and Diu,38,"Calendar Year (Jan - Dec), 2017",1102.0,1102.0,529.0,529.0,368.0,368.0,62.7556252787,62.7556252787,983.0,983.0,85.1704168525,85.1704168525,30.0,30.0,3.3244374721,3.3244374721,1.0,1.0,0.1892053532,0.1892053532,56.0,56.0,8.1591189096,8.1591189096,3.0,3.0,0.3522738042,0.3522738042,29.0,29.0,,
India,The Dadra and Nagar Haveli and Daman and Diu,38,"Calendar Year (Jan - Dec), 2018",861.0,861.0,305.0,305.0,244.0,244.0,75.801101363,75.801101363,759.0,759.0,85.4317858735,85.4317858735,29.0,29.0,3.3693154895,3.3693154895,6.0,6.0,1.0,1.0,36.0,36.0,6.3068451054,6.3068451054,15.0,15.0,2.2613690211,2.2613690211,16.0,16.0,2.2613690211,2.2613690211
India,The Dadra and Nagar Haveli and Daman and Diu,38,"Calendar Year (Jan - Dec), 2019",827.0,827.0,372.0,372.0,311.0,311.0,84.0,84.0,754.0,754.0,91.0,91.0,23.0,23.0,2.8,2.8,3.0,3.0,0.4,0.4,23.0,23.0,2.8,2.8,8.0,8.0,1.0,1.0,16.0,16.0,1.9,1.9
India,The Dadra and Nagar Haveli and Daman and Diu,38,"Calendar Year (Jan - Dec), 2020",661.0,661.0,306.0,306.0,279.0,279.0,91.0,91.0,616.0,616.0,93.0,93.0,16.0,16.0,2.4,2.4,2.0,2.0,0.3,0.3,5.0,5.0,0.8,0.8,1.0,1.0,0.2,0.2,7.0,7.0,1.1,1.1
India,The Dadra and Nagar Haveli and Daman and Diu,38,"Calendar Year (Jan - Dec), 2021",681.0,681.0,,,268.0,268.0,39.4,39.4,627.0,627.0,92.1,92.1,29.0,29.0,4.3,4.3,2.0,2.0,0.3,0.3,2.0,2.0,0.3,0.3,4.0,4.0,0.6,0.6,2.0,2.0,0.3,0.3
India,The Dadra and Nagar Haveli and Daman and Diu,38,"Calendar Year (Jan - Dec), 2022",821.0,821.0,,,327.0,327.0,39.8,39.8,771.0,771.0,93.9,93.9,23.0,23.0,2.8,2.8,2.0,2.0,0.2,0.2,1.0,1.0,0.1,0.1,10.0,10.0,1.2,1.2,0.0,0.0,0.0,0.0
