Country,StateName,StateCode,Year,I1279_3_sum,I1279_3_avg,I1279_4_sum,I1279_4_avg,I1279_11_sum,I1279_11_avg,I1279_5_sum,I1279_5_avg,I1279_12_sum,I1279_12_avg,I1279_6_sum,I1279_6_avg,I1279_13_sum,I1279_13_avg,I1279_7_sum,I1279_7_avg,I1279_14_sum,I1279_14_avg,I1279_8_sum,I1279_8_avg,I1279_15_sum,I1279_15_avg,I1279_9_sum,I1279_9_avg,I1279_16_sum,I1279_16_avg,I1279_10_sum,I1279_10_avg,I1279_17_sum,I1279_17_avg,I1279_18_sum,I1279_18_avg
India,Jammu And Kashmir,1,"Calendar Year (Jan - Dec), 2017",6668.8689318143,6668.8689318143,2075.585197024,2075.585197024,31.0,31.0,4711.6370848562,4711.6370848562,71.0,71.0,137.9158872669,137.9158872669,2.0,2.0,104.6595740252,104.6595740252,2.0,2.0,39.125074402,39.125074402,1.0,1.0,22.4969177811,22.4969177811,0.0,0.0,1653.0343934829,1653.0343934829,,,,
India,Jammu And Kashmir,1,"Calendar Year (Jan - Dec), 2018",9269.7082526847,9269.7082526847,3013.6088558111,3013.6088558111,68.0,68.0,7748.7209853084,7748.7209853084,84.0,84.0,209.3191480505,209.3191480505,2.0,2.0,158.4565513279,158.4565513279,2.0,2.0,42.0594549821,42.0594549821,0.0,0.0,33.2563132417,33.2563132417,0.0,0.0,1077.895799774,1077.895799774,12.0,12.0,4438.7396909025,4438.7396909025
India,Jammu And Kashmir,1,"Calendar Year (Jan - Dec), 2019",9598.0,9598.0,3189.0,3189.0,70.0,70.0,8186.0,8186.0,85.0,85.0,252.0,252.0,2.6,2.6,135.0,135.0,1.4,1.4,36.0,36.0,0.4,0.4,56.0,56.0,0.6,0.6,933.0,933.0,9.7,9.7,4526.0,4526.0
India,Jammu And Kashmir,1,"Calendar Year (Jan - Dec), 2020",7258.0,7258.0,2477.0,2477.0,72.0,72.0,6035.0,6035.0,83.0,83.0,249.0,249.0,3.4,3.4,94.0,94.0,1.3,1.3,37.0,37.0,0.5,0.5,58.0,58.0,0.8,0.8,392.0,392.0,5.4,5.4,3420.0,3420.0
India,Jammu And Kashmir,1,"Calendar Year (Jan - Dec), 2021",9135.0,9135.0,3251.0,3251.0,35.6,35.6,7840.0,7840.0,85.8,85.8,337.0,337.0,3.7,3.7,143.0,143.0,1.6,1.6,55.0,55.0,0.6,0.6,75.0,75.0,0.8,0.8,81.0,81.0,0.9,0.9,,
India,Jammu And Kashmir,1,"Calendar Year (Jan - Dec), 2022",9836.0,9836.0,3828.0,3828.0,38.9,38.9,8557.0,8557.0,87.0,87.0,374.0,374.0,3.8,3.8,113.0,113.0,1.1,1.1,24.0,24.0,0.2,0.2,58.0,58.0,0.6,0.6,29.0,29.0,0.3,0.3,,
India,Himachal Pradesh,2,"Calendar Year (Jan - Dec), 2017",10818.0,10818.0,4651.0,4651.0,43.0,43.0,9841.0,9841.0,91.0,91.0,386.0,386.0,4.0,4.0,176.0,176.0,2.0,2.0,56.0,56.0,1.0,1.0,97.0,97.0,1.0,1.0,262.0,262.0,,,,
India,Himachal Pradesh,2,"Calendar Year (Jan - Dec), 2018",13224.0,13224.0,5238.0,5238.0,67.0,67.0,11869.0,11869.0,90.0,90.0,497.0,497.0,4.0,4.0,183.0,183.0,1.0,1.0,53.0,53.0,0.0,0.0,86.0,86.0,1.0,1.0,536.0,536.0,4.0,4.0,7837.0,7837.0
India,Himachal Pradesh,2,"Calendar Year (Jan - Dec), 2019",14371.0,14371.0,6115.0,6115.0,67.0,67.0,12959.0,12959.0,90.0,90.0,665.0,665.0,4.6,4.6,193.0,193.0,1.3,1.3,45.0,45.0,0.3,0.3,159.0,159.0,1.1,1.1,350.0,350.0,2.4,2.4,9060.0,9060.0
India,Himachal Pradesh,2,"Calendar Year (Jan - Dec), 2020",10966.0,10966.0,4558.0,4558.0,66.0,66.0,9658.0,9658.0,88.0,88.0,595.0,595.0,5.4,5.4,104.0,104.0,0.9,0.9,31.0,31.0,0.3,0.3,196.0,196.0,1.8,1.8,109.0,109.0,1.0,1.0,6956.0,6956.0
India,Himachal Pradesh,2,"Calendar Year (Jan - Dec), 2021",12142.0,12142.0,5018.0,5018.0,41.3,41.3,10662.0,10662.0,87.8,87.8,745.0,745.0,6.1,6.1,125.0,125.0,1.0,1.0,45.0,45.0,0.4,0.4,203.0,203.0,1.7,1.7,16.0,16.0,0.1,0.1,,
India,Himachal Pradesh,2,"Calendar Year (Jan - Dec), 2022",13919.0,13919.0,5731.0,5731.0,41.2,41.2,12129.0,12129.0,87.1,87.1,794.0,794.0,5.7,5.7,211.0,211.0,1.5,1.5,39.0,39.0,0.3,0.3,240.0,240.0,1.7,1.7,17.0,17.0,0.1,0.1,,
India,Punjab,3,"Calendar Year (Jan - Dec), 2017",29481.0,29481.0,11368.0,11368.0,39.0,39.0,26093.0,26093.0,89.0,89.0,1130.0,1130.0,4.0,4.0,1011.0,1011.0,3.0,3.0,216.0,216.0,1.0,1.0,193.0,193.0,1.0,1.0,838.0,838.0,,,,
India,Punjab,3,"Calendar Year (Jan - Dec), 2018",36764.0,36764.0,13271.0,13271.0,69.0,69.0,31786.0,31786.0,86.0,86.0,1533.0,1533.0,4.0,4.0,1255.0,1255.0,3.0,3.0,184.0,184.0,1.0,1.0,149.0,149.0,0.0,0.0,1857.0,1857.0,5.0,5.0,19100.0,19100.0
India,Punjab,3,"Calendar Year (Jan - Dec), 2019",38908.0,38908.0,13894.0,13894.0,61.0,61.0,31708.0,31708.0,81.0,81.0,1628.0,1628.0,4.2,4.2,1134.0,1134.0,2.9,2.9,190.0,190.0,0.5,0.5,321.0,321.0,0.8,0.8,3927.0,3927.0,10.1,10.1,22677.0,22677.0
India,Punjab,3,"Calendar Year (Jan - Dec), 2020",30938.0,30938.0,11041.0,11041.0,59.0,59.0,24883.0,24883.0,80.0,80.0,1592.0,1592.0,5.1,5.1,878.0,878.0,2.8,2.8,134.0,134.0,0.4,0.4,358.0,358.0,1.2,1.2,1217.0,1217.0,3.9,3.9,18562.0,18562.0
India,Punjab,3,"Calendar Year (Jan - Dec), 2021",34122.0,34122.0,11568.0,11568.0,33.9,33.9,28677.0,28677.0,84.0,84.0,1550.0,1550.0,4.5,4.5,935.0,935.0,2.7,2.7,217.0,217.0,0.6,0.6,308.0,308.0,0.9,0.9,287.0,287.0,0.8,0.8,,
India,Punjab,3,"Calendar Year (Jan - Dec), 2022",40779.0,40779.0,13763.0,13763.0,33.8,33.8,35141.0,35141.0,86.2,86.2,1737.0,1737.0,4.3,4.3,1153.0,1153.0,2.8,2.8,168.0,168.0,0.4,0.4,258.0,258.0,0.6,0.6,383.0,383.0,0.9,0.9,,
India,Chandigarh,4,"Calendar Year (Jan - Dec), 2017",2768.0,2768.0,947.0,947.0,34.0,34.0,2487.0,2487.0,90.0,90.0,77.0,77.0,3.0,3.0,86.0,86.0,3.0,3.0,9.0,9.0,0.0,0.0,20.0,20.0,1.0,1.0,89.0,89.0,,,,
India,Chandigarh,4,"Calendar Year (Jan - Dec), 2018",2708.0,2708.0,775.0,775.0,67.0,67.0,2395.0,2395.0,88.0,88.0,75.0,75.0,3.0,3.0,69.0,69.0,3.0,3.0,15.0,15.0,1.0,1.0,21.0,21.0,1.0,1.0,133.0,133.0,5.0,5.0,1155.0,1155.0
India,Chandigarh,4,"Calendar Year (Jan - Dec), 2019",2944.0,2944.0,914.0,914.0,67.0,67.0,2471.0,2471.0,84.0,84.0,89.0,89.0,3.0,3.0,109.0,109.0,3.7,3.7,18.0,18.0,0.6,0.6,34.0,34.0,1.2,1.2,223.0,223.0,7.6,7.6,1355.0,1355.0
India,Chandigarh,4,"Calendar Year (Jan - Dec), 2020",2299.0,2299.0,759.0,759.0,71.0,71.0,1886.0,1886.0,82.0,82.0,104.0,104.0,4.5,4.5,87.0,87.0,3.8,3.8,13.0,13.0,0.6,0.6,44.0,44.0,1.9,1.9,36.0,36.0,1.6,1.6,1065.0,1065.0
India,Chandigarh,4,"Calendar Year (Jan - Dec), 2021",2617.0,2617.0,871.0,871.0,33.3,33.3,2246.0,2246.0,85.8,85.8,89.0,89.0,3.4,3.4,78.0,78.0,3.0,3.0,20.0,20.0,0.8,0.8,57.0,57.0,2.2,2.2,13.0,13.0,0.5,0.5,,
India,Chandigarh,4,"Calendar Year (Jan - Dec), 2022",2941.0,2941.0,967.0,967.0,32.9,32.9,2483.0,2483.0,84.4,84.4,113.0,113.0,3.8,3.8,84.0,84.0,2.9,2.9,21.0,21.0,0.7,0.7,49.0,49.0,1.7,1.7,7.0,7.0,0.2,0.2,,
India,Uttarakhand,5,"Calendar Year (Jan - Dec), 2017",10387.0,10387.0,3469.0,3469.0,33.0,33.0,8217.0,8217.0,79.0,79.0,309.0,309.0,3.0,3.0,530.0,530.0,5.0,5.0,102.0,102.0,1.0,1.0,66.0,66.0,1.0,1.0,1163.0,1163.0,,,,
India,Uttarakhand,5,"Calendar Year (Jan - Dec), 2018",13791.0,13791.0,4582.0,4582.0,71.0,71.0,11697.0,11697.0,85.0,85.0,507.0,507.0,4.0,4.0,593.0,593.0,4.0,4.0,76.0,76.0,1.0,1.0,124.0,124.0,1.0,1.0,794.0,794.0,6.0,6.0,6432.0,6432.0
India,Uttarakhand,5,"Calendar Year (Jan - Dec), 2019",17026.0,17026.0,5036.0,5036.0,65.0,65.0,14420.0,14420.0,85.0,85.0,670.0,670.0,3.9,3.9,565.0,565.0,3.3,3.3,91.0,91.0,0.5,0.5,264.0,264.0,1.6,1.6,1016.0,1016.0,6.0,6.0,7749.0,7749.0
India,Uttarakhand,5,"Calendar Year (Jan - Dec), 2020",13122.0,13122.0,3413.0,3413.0,59.0,59.0,11187.0,11187.0,85.0,85.0,494.0,494.0,3.8,3.8,349.0,349.0,2.7,2.7,55.0,55.0,0.4,0.4,253.0,253.0,1.9,1.9,177.0,177.0,1.3,1.3,5769.0,5769.0
India,Uttarakhand,5,"Calendar Year (Jan - Dec), 2021",16666.0,16666.0,4885.0,4885.0,29.3,29.3,14342.0,14342.0,86.1,86.1,673.0,673.0,4.0,4.0,406.0,406.0,2.4,2.4,127.0,127.0,0.8,0.8,217.0,217.0,1.3,1.3,84.0,84.0,0.5,0.5,,
India,Uttarakhand,5,"Calendar Year (Jan - Dec), 2022",19591.0,19591.0,6915.0,6915.0,35.3,35.3,17302.0,17302.0,88.3,88.3,750.0,750.0,3.8,3.8,486.0,486.0,2.5,2.5,158.0,158.0,0.8,0.8,230.0,230.0,1.2,1.2,35.0,35.0,0.2,0.2,,
India,Haryana,6,"Calendar Year (Jan - Dec), 2017",28656.0,28656.0,12475.0,12475.0,44.0,44.0,24766.0,24766.0,86.0,86.0,1083.0,1083.0,4.0,4.0,805.0,805.0,3.0,3.0,340.0,340.0,1.0,1.0,206.0,206.0,1.0,1.0,1456.0,1456.0,,,,
India,Haryana,6,"Calendar Year (Jan - Dec), 2018",39670.0,39670.0,17139.0,17139.0,75.0,75.0,34317.0,34317.0,87.0,87.0,1500.0,1500.0,4.0,4.0,1201.0,1201.0,3.0,3.0,377.0,377.0,1.0,1.0,221.0,221.0,1.0,1.0,2054.0,2054.0,5.0,5.0,22882.0,22882.0
India,Haryana,6,"Calendar Year (Jan - Dec), 2019",45235.0,45235.0,18627.0,18627.0,67.0,67.0,37354.0,37354.0,83.0,83.0,1768.0,1768.0,3.9,3.9,1172.0,1172.0,2.6,2.6,292.0,292.0,0.6,0.6,236.0,236.0,0.5,0.5,4413.0,4413.0,9.8,9.8,27701.0,27701.0
India,Haryana,6,"Calendar Year (Jan - Dec), 2020",38386.0,38386.0,14301.0,14301.0,61.0,61.0,30810.0,30810.0,80.0,80.0,1532.0,1532.0,4.0,4.0,840.0,840.0,2.2,2.2,211.0,211.0,0.5,0.5,361.0,361.0,0.9,0.9,974.0,974.0,2.5,2.5,23455.0,23455.0
India,Haryana,6,"Calendar Year (Jan - Dec), 2021",43430.0,43430.0,17292.0,17292.0,39.8,39.8,36358.0,36358.0,83.7,83.7,1903.0,1903.0,4.4,4.4,792.0,792.0,1.8,1.8,249.0,249.0,0.6,0.6,452.0,452.0,1.0,1.0,571.0,571.0,1.3,1.3,,
India,Haryana,6,"Calendar Year (Jan - Dec), 2022",50811.0,50811.0,21604.0,21604.0,42.5,42.5,44781.0,44781.0,88.1,88.1,2139.0,2139.0,4.2,4.2,683.0,683.0,1.3,1.3,298.0,298.0,0.6,0.6,528.0,528.0,1.0,1.0,135.0,135.0,0.3,0.3,,
India,Delhi,7,"Calendar Year (Jan - Dec), 2017",48430.0,48430.0,10529.0,10529.0,22.0,22.0,36327.0,36327.0,75.0,75.0,683.0,683.0,1.0,1.0,1678.0,1678.0,3.0,3.0,336.0,336.0,1.0,1.0,357.0,357.0,1.0,1.0,9049.0,9049.0,,,,
India,Delhi,7,"Calendar Year (Jan - Dec), 2018",53381.0,53381.0,11900.0,11900.0,58.0,58.0,41249.0,41249.0,77.0,77.0,841.0,841.0,2.0,2.0,1964.0,1964.0,4.0,4.0,346.0,346.0,1.0,1.0,471.0,471.0,1.0,1.0,8510.0,8510.0,16.0,16.0,20653.0,20653.0
India,Delhi,7,"Calendar Year (Jan - Dec), 2019",58001.0,58001.0,12980.0,12980.0,51.0,51.0,44558.0,44558.0,77.0,77.0,928.0,928.0,1.6,1.6,2479.0,2479.0,4.3,4.3,330.0,330.0,0.6,0.6,983.0,983.0,1.7,1.7,8723.0,8723.0,15.0,15.0,25562.0,25562.0
India,Delhi,7,"Calendar Year (Jan - Dec), 2020",46905.0,46905.0,10398.0,10398.0,48.0,48.0,35304.0,35304.0,75.0,75.0,1015.0,1015.0,2.2,2.2,2121.0,2121.0,4.5,4.5,251.0,251.0,0.5,0.5,1164.0,1164.0,2.5,2.5,1133.0,1133.0,2.4,2.4,21782.0,21782.0
India,Delhi,7,"Calendar Year (Jan - Dec), 2021",55689.0,55689.0,12563.0,12563.0,22.6,22.6,43502.0,43502.0,78.1,78.1,1270.0,1270.0,2.3,2.3,2629.0,2629.0,4.7,4.7,382.0,382.0,0.7,0.7,1143.0,1143.0,2.1,2.1,772.0,772.0,1.4,1.4,,
India,Delhi,7,"Calendar Year (Jan - Dec), 2022",62992.0,62992.0,14520.0,14520.0,23.1,23.1,51127.0,51127.0,81.2,81.2,1334.0,1334.0,2.1,2.1,2726.0,2726.0,4.3,4.3,377.0,377.0,0.6,0.6,1459.0,1459.0,2.3,2.3,296.0,296.0,0.5,0.5,,
India,Rajasthan,8,"Calendar Year (Jan - Dec), 2017",65681.0,65681.0,27427.0,27427.0,42.0,42.0,56941.0,56941.0,87.0,87.0,1829.0,1829.0,3.0,3.0,2286.0,2286.0,3.0,3.0,434.0,434.0,1.0,1.0,275.0,275.0,0.0,0.0,3916.0,3916.0,,,,
India,Rajasthan,8,"Calendar Year (Jan - Dec), 2018",88709.0,88709.0,32893.0,32893.0,68.0,68.0,73749.0,73749.0,83.0,83.0,2660.0,2660.0,3.0,3.0,2807.0,2807.0,3.0,3.0,459.0,459.0,1.0,1.0,309.0,309.0,0.0,0.0,8725.0,8725.0,10.0,10.0,48542.0,48542.0
India,Rajasthan,8,"Calendar Year (Jan - Dec), 2019",101099.0,101099.0,38095.0,38095.0,63.0,63.0,84060.0,84060.0,83.0,83.0,3092.0,3092.0,3.1,3.1,3206.0,3206.0,3.2,3.2,484.0,484.0,0.5,0.5,808.0,808.0,0.8,0.8,9449.0,9449.0,9.3,9.3,60039.0,60039.0
India,Rajasthan,8,"Calendar Year (Jan - Dec), 2020",77611.0,77611.0,29005.0,29005.0,68.0,68.0,64712.0,64712.0,83.0,83.0,2586.0,2586.0,3.3,3.3,2204.0,2204.0,2.8,2.8,353.0,353.0,0.5,0.5,1017.0,1017.0,1.3,1.3,1069.0,1069.0,1.4,1.4,42959.0,42959.0
India,Rajasthan,8,"Calendar Year (Jan - Dec), 2021",87692.0,87692.0,29416.0,29416.0,33.5,33.5,74832.0,74832.0,85.3,85.3,2904.0,2904.0,3.3,3.3,2412.0,2412.0,2.8,2.8,431.0,431.0,0.5,0.5,1044.0,1044.0,1.2,1.2,658.0,658.0,0.8,0.8,,
India,Rajasthan,8,"Calendar Year (Jan - Dec), 2022",109802.0,109802.0,38419.0,38419.0,35.0,35.0,98154.0,98154.0,89.4,89.4,3359.0,3359.0,3.1,3.1,2319.0,2319.0,2.1,2.1,459.0,459.0,0.4,0.4,979.0,979.0,0.9,0.9,209.0,209.0,0.2,0.2,,
India,Uttar Pradesh,9,"Calendar Year (Jan - Dec), 2017",185831.0,185831.0,64072.0,64072.0,34.0,34.0,130299.0,130299.0,70.0,70.0,5763.0,5763.0,3.0,3.0,7383.0,7383.0,4.0,4.0,1284.0,1284.0,1.0,1.0,1112.0,1112.0,1.0,1.0,39990.0,39990.0,,,,
India,Uttar Pradesh,9,"Calendar Year (Jan - Dec), 2018",259848.0,259848.0,94752.0,94752.0,67.0,67.0,219278.0,219278.0,84.0,84.0,8953.0,8953.0,3.0,3.0,10901.0,10901.0,4.0,4.0,1685.0,1685.0,1.0,1.0,1624.0,1624.0,1.0,1.0,17407.0,17407.0,7.0,7.0,140832.0,140832.0
India,Uttar Pradesh,9,"Calendar Year (Jan - Dec), 2019",300235.0,300235.0,96095.0,96095.0,60.0,60.0,249603.0,249603.0,83.0,83.0,10180.0,10180.0,3.4,3.4,12539.0,12539.0,4.2,4.2,1837.0,1837.0,0.6,0.6,3236.0,3236.0,1.1,1.1,22840.0,22840.0,7.6,7.6,159838.0,159838.0
India,Uttar Pradesh,9,"Calendar Year (Jan - Dec), 2020",224050.0,224050.0,61417.0,61417.0,60.0,60.0,187420.0,187420.0,84.0,84.0,8300.0,8300.0,3.7,3.7,6999.0,6999.0,3.1,3.1,1214.0,1214.0,0.5,0.5,2915.0,2915.0,1.3,1.3,2019.0,2019.0,0.9,0.9,102861.0,102861.0
India,Uttar Pradesh,9,"Calendar Year (Jan - Dec), 2021",298133.0,298133.0,86807.0,86807.0,29.1,29.1,256647.0,256647.0,86.1,86.1,10773.0,10773.0,3.6,3.6,6804.0,6804.0,2.3,2.3,1419.0,1419.0,0.5,0.5,3819.0,3819.0,1.3,1.3,1495.0,1495.0,0.5,0.5,,
India,Uttar Pradesh,9,"Calendar Year (Jan - Dec), 2022",359764.0,359764.0,107762.0,107762.0,30.0,30.0,324415.0,324415.0,90.2,90.2,11324.0,11324.0,3.1,3.1,5108.0,5108.0,1.4,1.4,1481.0,1481.0,0.4,0.4,4165.0,4165.0,1.2,1.2,617.0,617.0,0.2,0.2,,
India,Bihar,10,"Calendar Year (Jan - Dec), 2017",45345.0,45345.0,16699.0,16699.0,37.0,37.0,33256.0,33256.0,73.0,73.0,896.0,896.0,2.0,2.0,1746.0,1746.0,4.0,4.0,214.0,214.0,0.0,0.0,166.0,166.0,0.0,0.0,9067.0,9067.0,,,,
India,Bihar,10,"Calendar Year (Jan - Dec), 2018",56614.0,56614.0,22487.0,22487.0,65.0,65.0,45854.0,45854.0,81.0,81.0,1286.0,1286.0,2.0,2.0,2584.0,2584.0,5.0,5.0,334.0,334.0,1.0,1.0,237.0,237.0,0.0,0.0,6319.0,6319.0,11.0,11.0,34853.0,34853.0
India,Bihar,10,"Calendar Year (Jan - Dec), 2019",67569.0,67569.0,24814.0,24814.0,61.0,61.0,52075.0,52075.0,77.0,77.0,1569.0,1569.0,2.3,2.3,2451.0,2451.0,3.6,3.6,323.0,323.0,0.5,0.5,485.0,485.0,0.7,0.7,10666.0,10666.0,15.8,15.8,40611.0,40611.0
India,Bihar,10,"Calendar Year (Jan - Dec), 2020",45824.0,45824.0,12260.0,12260.0,47.0,47.0,34221.0,34221.0,75.0,75.0,1127.0,1127.0,2.5,2.5,1804.0,1804.0,3.9,3.9,247.0,247.0,0.5,0.5,519.0,519.0,1.1,1.1,3019.0,3019.0,6.6,6.6,25850.0,25850.0
India,Bihar,10,"Calendar Year (Jan - Dec), 2021",54765.0,54765.0,13860.0,13860.0,25.3,25.3,41914.0,41914.0,76.5,76.5,1432.0,1432.0,2.6,2.6,2284.0,2284.0,4.2,4.2,304.0,304.0,0.6,0.6,696.0,696.0,1.3,1.3,2197.0,2197.0,4.0,4.0,,
India,Bihar,10,"Calendar Year (Jan - Dec), 2022",67765.0,67765.0,17830.0,17830.0,26.3,26.3,56458.0,56458.0,83.3,83.3,1617.0,1617.0,2.4,2.4,2527.0,2527.0,3.7,3.7,410.0,410.0,0.6,0.6,1035.0,1035.0,1.5,1.5,1036.0,1036.0,1.5,1.5,,
India,Sikkim,11,"Calendar Year (Jan - Dec), 2017",829.0,829.0,242.0,242.0,29.0,29.0,651.0,651.0,79.0,79.0,20.0,20.0,2.0,2.0,5.0,5.0,1.0,1.0,0.0,0.0,0.0,0.0,30.0,30.0,4.0,4.0,123.0,123.0,,,,
India,Sikkim,11,"Calendar Year (Jan - Dec), 2018",1164.0,1164.0,355.0,355.0,58.0,58.0,989.0,989.0,85.0,85.0,27.0,27.0,2.0,2.0,4.0,4.0,0.0,0.0,4.0,4.0,0.0,0.0,9.0,9.0,1.0,1.0,131.0,131.0,11.0,11.0,610.0,610.0
India,Sikkim,11,"Calendar Year (Jan - Dec), 2019",1054.0,1054.0,378.0,378.0,73.0,73.0,940.0,940.0,89.0,89.0,37.0,37.0,3.5,3.5,9.0,9.0,0.9,0.9,6.0,6.0,0.6,0.6,11.0,11.0,1.0,1.0,51.0,51.0,4.8,4.8,517.0,517.0
India,Sikkim,11,"Calendar Year (Jan - Dec), 2020",944.0,944.0,363.0,363.0,67.0,67.0,852.0,852.0,90.0,90.0,39.0,39.0,4.1,4.1,7.0,7.0,0.7,0.7,1.0,1.0,0.1,0.1,16.0,16.0,1.7,1.7,14.0,14.0,1.5,1.5,541.0,541.0
India,Sikkim,11,"Calendar Year (Jan - Dec), 2021",986.0,986.0,426.0,426.0,43.2,43.2,869.0,869.0,88.1,88.1,39.0,39.0,4.0,4.0,13.0,13.0,1.3,1.3,2.0,2.0,0.2,0.2,20.0,20.0,2.0,2.0,6.0,6.0,0.6,0.6,,
India,Sikkim,11,"Calendar Year (Jan - Dec), 2022",1020.0,1020.0,508.0,508.0,49.8,49.8,940.0,940.0,92.2,92.2,33.0,33.0,3.2,3.2,6.0,6.0,0.6,0.6,3.0,3.0,0.3,0.3,11.0,11.0,1.1,1.1,2.0,2.0,0.2,0.2,,
India,Arunachal Pradesh,12,"Calendar Year (Jan - Dec), 2017",2693.0,2693.0,702.0,702.0,26.0,26.0,1997.0,1997.0,74.0,74.0,46.0,46.0,2.0,2.0,139.0,139.0,5.0,5.0,41.0,41.0,2.0,2.0,80.0,80.0,3.0,3.0,390.0,390.0,,,,
India,Arunachal Pradesh,12,"Calendar Year (Jan - Dec), 2018",2560.0,2560.0,742.0,742.0,80.0,80.0,2119.0,2119.0,83.0,83.0,47.0,47.0,2.0,2.0,135.0,135.0,5.0,5.0,41.0,41.0,2.0,2.0,51.0,51.0,2.0,2.0,167.0,167.0,7.0,7.0,926.0,926.0
India,Arunachal Pradesh,12,"Calendar Year (Jan - Dec), 2019",2429.0,2429.0,887.0,887.0,78.0,78.0,2041.0,2041.0,84.0,84.0,55.0,55.0,2.3,2.3,175.0,175.0,7.2,7.2,27.0,27.0,1.1,1.1,53.0,53.0,2.2,2.2,78.0,78.0,3.2,3.2,1131.0,1131.0
India,Arunachal Pradesh,12,"Calendar Year (Jan - Dec), 2020",2109.0,2109.0,708.0,708.0,67.0,67.0,1775.0,1775.0,84.0,84.0,65.0,65.0,3.1,3.1,104.0,104.0,4.9,4.9,20.0,20.0,0.9,0.9,60.0,60.0,2.8,2.8,19.0,19.0,0.9,0.9,1059.0,1059.0
India,Arunachal Pradesh,12,"Calendar Year (Jan - Dec), 2021",2390.0,2390.0,750.0,750.0,31.4,31.4,1916.0,1916.0,80.2,80.2,59.0,59.0,2.5,2.5,156.0,156.0,6.5,6.5,17.0,17.0,0.7,0.7,50.0,50.0,2.1,2.1,27.0,27.0,1.1,1.1,,
India,Arunachal Pradesh,12,"Calendar Year (Jan - Dec), 2022",2517.0,2517.0,860.0,860.0,34.2,34.2,2124.0,2124.0,84.4,84.4,56.0,56.0,2.2,2.2,198.0,198.0,7.9,7.9,20.0,20.0,0.8,0.8,54.0,54.0,2.1,2.1,4.0,4.0,0.2,0.2,,
India,Nagaland,13,"Calendar Year (Jan - Dec), 2017",1979.0,1979.0,630.0,630.0,32.0,32.0,1503.0,1503.0,76.0,76.0,33.0,33.0,2.0,2.0,74.0,74.0,4.0,4.0,19.0,19.0,1.0,1.0,12.0,12.0,1.0,1.0,338.0,338.0,,,,
India,Nagaland,13,"Calendar Year (Jan - Dec), 2018",3095.0,3095.0,1134.0,1134.0,91.0,91.0,2725.0,2725.0,88.0,88.0,59.0,59.0,2.0,2.0,95.0,95.0,3.0,3.0,13.0,13.0,0.0,0.0,6.0,6.0,0.0,0.0,197.0,197.0,6.0,6.0,1244.0,1244.0
India,Nagaland,13,"Calendar Year (Jan - Dec), 2019",3473.0,3473.0,1309.0,1309.0,75.0,75.0,2947.0,2947.0,85.0,85.0,65.0,65.0,1.9,1.9,117.0,117.0,3.4,3.4,21.0,21.0,0.6,0.6,15.0,15.0,0.4,0.4,308.0,308.0,8.9,8.9,1756.0,1756.0
India,Nagaland,13,"Calendar Year (Jan - Dec), 2020",2478.0,2478.0,1033.0,1033.0,77.0,77.0,2006.0,2006.0,81.0,81.0,66.0,66.0,2.7,2.7,56.0,56.0,2.3,2.3,22.0,22.0,0.9,0.9,21.0,21.0,0.8,0.8,242.0,242.0,9.8,9.8,1338.0,1338.0
India,Nagaland,13,"Calendar Year (Jan - Dec), 2021",2714.0,2714.0,1211.0,1211.0,44.6,44.6,2336.0,2336.0,86.1,86.1,76.0,76.0,2.8,2.8,72.0,72.0,2.7,2.7,32.0,32.0,1.2,1.2,11.0,11.0,0.4,0.4,114.0,114.0,4.2,4.2,,
India,Nagaland,13,"Calendar Year (Jan - Dec), 2022",3262.0,3262.0,1359.0,1359.0,41.7,41.7,2903.0,2903.0,89.0,89.0,81.0,81.0,2.5,2.5,162.0,162.0,5.0,5.0,19.0,19.0,0.6,0.6,27.0,27.0,0.8,0.8,35.0,35.0,1.1,1.1,,
India,Manipur,14,"Calendar Year (Jan - Dec), 2017",1430.0,1430.0,480.0,480.0,34.0,34.0,998.0,998.0,70.0,70.0,29.0,29.0,2.0,2.0,50.0,50.0,3.0,3.0,6.0,6.0,0.0,0.0,10.0,10.0,1.0,1.0,337.0,337.0,,,,
India,Manipur,14,"Calendar Year (Jan - Dec), 2018",1919.0,1919.0,583.0,583.0,64.0,64.0,1534.0,1534.0,80.0,80.0,49.0,49.0,3.0,3.0,51.0,51.0,3.0,3.0,7.0,7.0,0.0,0.0,11.0,11.0,1.0,1.0,267.0,267.0,14.0,14.0,910.0,910.0
India,Manipur,14,"Calendar Year (Jan - Dec), 2019",2020.0,2020.0,633.0,633.0,58.0,58.0,1409.0,1409.0,70.0,70.0,60.0,60.0,3.0,3.0,47.0,47.0,2.3,2.3,5.0,5.0,0.2,0.2,30.0,30.0,1.5,1.5,469.0,469.0,23.2,23.2,1095.0,1095.0
India,Manipur,14,"Calendar Year (Jan - Dec), 2020",1245.0,1245.0,447.0,447.0,67.0,67.0,1011.0,1011.0,81.0,81.0,42.0,42.0,3.4,3.4,37.0,37.0,3.0,3.0,5.0,5.0,0.4,0.4,14.0,14.0,1.1,1.1,68.0,68.0,5.5,5.5,669.0,669.0
India,Manipur,14,"Calendar Year (Jan - Dec), 2021",1456.0,1456.0,665.0,665.0,45.7,45.7,1175.0,1175.0,80.7,80.7,63.0,63.0,4.3,4.3,50.0,50.0,3.4,3.4,6.0,6.0,0.4,0.4,37.0,37.0,2.5,2.5,39.0,39.0,2.7,2.7,,
India,Manipur,14,"Calendar Year (Jan - Dec), 2022",1971.0,1971.0,857.0,857.0,43.5,43.5,1572.0,1572.0,79.8,79.8,74.0,74.0,3.8,3.8,92.0,92.0,4.7,4.7,7.0,7.0,0.4,0.4,21.0,21.0,1.1,1.1,24.0,24.0,1.2,1.2,,
India,Mizoram,15,"Calendar Year (Jan - Dec), 2017",2179.0,2179.0,334.0,334.0,15.0,15.0,1476.0,1476.0,68.0,68.0,43.0,43.0,2.0,2.0,31.0,31.0,1.0,1.0,21.0,21.0,1.0,1.0,25.0,25.0,1.0,1.0,583.0,583.0,,,,
India,Mizoram,15,"Calendar Year (Jan - Dec), 2018",2252.0,2252.0,514.0,514.0,61.0,61.0,2002.0,2002.0,89.0,89.0,46.0,46.0,2.0,2.0,37.0,37.0,2.0,2.0,12.0,12.0,1.0,1.0,11.0,11.0,0.0,0.0,144.0,144.0,6.0,6.0,836.0,836.0
India,Mizoram,15,"Calendar Year (Jan - Dec), 2019",2530.0,2530.0,637.0,637.0,50.0,50.0,1763.0,1763.0,70.0,70.0,40.0,40.0,1.6,1.6,35.0,35.0,1.4,1.4,6.0,6.0,0.2,0.2,12.0,12.0,0.5,0.5,674.0,674.0,26.6,26.6,1265.0,1265.0
India,Mizoram,15,"Calendar Year (Jan - Dec), 2020",1632.0,1632.0,550.0,550.0,71.0,71.0,1465.0,1465.0,90.0,90.0,46.0,46.0,2.8,2.8,25.0,25.0,1.5,1.5,4.0,4.0,0.2,0.2,17.0,17.0,1.0,1.0,42.0,42.0,2.6,2.6,770.0,770.0
India,Mizoram,15,"Calendar Year (Jan - Dec), 2021",1302.0,1302.0,439.0,439.0,33.7,33.7,1156.0,1156.0,88.8,88.8,51.0,51.0,3.9,3.9,23.0,23.0,1.8,1.8,11.0,11.0,0.8,0.8,5.0,5.0,0.4,0.4,7.0,7.0,0.5,0.5,,
India,Mizoram,15,"Calendar Year (Jan - Dec), 2022",1718.0,1718.0,609.0,609.0,35.4,35.4,1517.0,1517.0,88.3,88.3,73.0,73.0,4.2,4.2,32.0,32.0,1.9,1.9,7.0,7.0,0.4,0.4,15.0,15.0,0.9,0.9,10.0,10.0,0.6,0.6,,
India,Tripura,16,"Calendar Year (Jan - Dec), 2017",1710.0,1710.0,768.0,768.0,45.0,45.0,1253.0,1253.0,73.0,73.0,80.0,80.0,5.0,5.0,54.0,54.0,3.0,3.0,5.0,5.0,0.0,0.0,6.0,6.0,0.0,0.0,312.0,312.0,,,,
India,Tripura,16,"Calendar Year (Jan - Dec), 2018",2388.0,2388.0,1238.0,1238.0,80.0,80.0,2097.0,2097.0,88.0,88.0,105.0,105.0,4.0,4.0,47.0,47.0,2.0,2.0,14.0,14.0,1.0,1.0,12.0,12.0,1.0,1.0,113.0,113.0,5.0,5.0,1556.0,1556.0
India,Tripura,16,"Calendar Year (Jan - Dec), 2019",2635.0,2635.0,1248.0,1248.0,72.0,72.0,2200.0,2200.0,83.0,83.0,149.0,149.0,5.7,5.7,67.0,67.0,2.5,2.5,16.0,16.0,0.6,0.6,53.0,53.0,2.0,2.0,150.0,150.0,5.7,5.7,1741.0,1741.0
India,Tripura,16,"Calendar Year (Jan - Dec), 2020",1891.0,1891.0,933.0,933.0,75.0,75.0,1546.0,1546.0,82.0,82.0,142.0,142.0,7.5,7.5,41.0,41.0,2.2,2.2,9.0,9.0,0.5,0.5,53.0,53.0,2.8,2.8,38.0,38.0,2.0,2.0,1241.0,1241.0
India,Tripura,16,"Calendar Year (Jan - Dec), 2021",2461.0,2461.0,1044.0,1044.0,42.4,42.4,2114.0,2114.0,85.9,85.9,141.0,141.0,5.7,5.7,53.0,53.0,2.2,2.2,9.0,9.0,0.4,0.4,47.0,47.0,1.9,1.9,19.0,19.0,0.8,0.8,,
India,Tripura,16,"Calendar Year (Jan - Dec), 2022",2776.0,2776.0,1125.0,1125.0,40.5,40.5,2419.0,2419.0,87.1,87.1,154.0,154.0,5.5,5.5,65.0,65.0,2.3,2.3,11.0,11.0,0.4,0.4,29.0,29.0,1.0,1.0,2.0,2.0,0.1,0.1,,
India,Meghalaya,17,"Calendar Year (Jan - Dec), 2017",2610.0,2610.0,746.0,746.0,29.0,29.0,1832.0,1832.0,70.0,70.0,79.0,79.0,3.0,3.0,85.0,85.0,3.0,3.0,13.0,13.0,0.0,0.0,31.0,31.0,1.0,1.0,570.0,570.0,,,,
India,Meghalaya,17,"Calendar Year (Jan - Dec), 2018",3513.0,3513.0,1139.0,1139.0,62.0,62.0,2782.0,2782.0,79.0,79.0,123.0,123.0,4.0,4.0,82.0,82.0,2.0,2.0,27.0,27.0,1.0,1.0,37.0,37.0,1.0,1.0,462.0,462.0,13.0,13.0,1842.0,1842.0
India,Meghalaya,17,"Calendar Year (Jan - Dec), 2019",3887.0,3887.0,1335.0,1335.0,61.0,61.0,3084.0,3084.0,79.0,79.0,162.0,162.0,4.2,4.2,108.0,108.0,2.8,2.8,23.0,23.0,0.6,0.6,60.0,60.0,1.5,1.5,450.0,450.0,11.6,11.6,2183.0,2183.0
India,Meghalaya,17,"Calendar Year (Jan - Dec), 2020",3083.0,3083.0,1073.0,1073.0,62.0,62.0,2487.0,2487.0,81.0,81.0,159.0,159.0,5.2,5.2,95.0,95.0,3.1,3.1,17.0,17.0,0.6,0.6,76.0,76.0,2.5,2.5,64.0,64.0,2.1,2.1,1737.0,1737.0
India,Meghalaya,17,"Calendar Year (Jan - Dec), 2021",3182.0,3182.0,1174.0,1174.0,36.9,36.9,2693.0,2693.0,84.6,84.6,153.0,153.0,4.8,4.8,56.0,56.0,1.8,1.8,13.0,13.0,0.4,0.4,98.0,98.0,3.1,3.1,5.0,5.0,0.2,0.2,,
India,Meghalaya,17,"Calendar Year (Jan - Dec), 2022",3870.0,3870.0,1551.0,1551.0,40.1,40.1,3247.0,3247.0,83.9,83.9,176.0,176.0,4.5,4.5,117.0,117.0,3.0,3.0,14.0,14.0,0.4,0.4,71.0,71.0,1.8,1.8,13.0,13.0,0.3,0.3,,
India,Assam,18,"Calendar Year (Jan - Dec), 2017",32363.0,32363.0,9836.0,9836.0,30.0,30.0,25270.0,25270.0,78.0,78.0,1137.0,1137.0,4.0,4.0,1758.0,1758.0,5.0,5.0,243.0,243.0,1.0,1.0,122.0,122.0,0.0,0.0,3833.0,3833.0,,,,
India,Assam,18,"Calendar Year (Jan - Dec), 2018",32901.0,32901.0,10913.0,10913.0,71.0,71.0,28272.0,28272.0,86.0,86.0,1281.0,1281.0,4.0,4.0,1196.0,1196.0,4.0,4.0,172.0,172.0,1.0,1.0,114.0,114.0,0.0,0.0,1866.0,1866.0,6.0,6.0,15458.0,15458.0
India,Assam,18,"Calendar Year (Jan - Dec), 2019",37212.0,37212.0,12351.0,12351.0,66.0,66.0,31621.0,31621.0,85.0,85.0,1423.0,1423.0,3.8,3.8,947.0,947.0,2.5,2.5,131.0,131.0,0.4,0.4,330.0,330.0,0.9,0.9,2760.0,2760.0,7.4,7.4,18647.0,18647.0
India,Assam,18,"Calendar Year (Jan - Dec), 2020",27270.0,27270.0,8136.0,8136.0,60.0,60.0,22908.0,22908.0,84.0,84.0,1094.0,1094.0,4.0,4.0,506.0,506.0,1.9,1.9,86.0,86.0,0.3,0.3,365.0,365.0,1.3,1.3,982.0,982.0,3.6,3.6,13568.0,13568.0
India,Assam,18,"Calendar Year (Jan - Dec), 2021",30107.0,30107.0,8200.0,8200.0,27.2,27.2,26555.0,26555.0,88.2,88.2,1296.0,1296.0,4.3,4.3,604.0,604.0,2.0,2.0,140.0,140.0,0.5,0.5,263.0,263.0,0.9,0.9,77.0,77.0,0.3,0.3,,
India,Assam,18,"Calendar Year (Jan - Dec), 2022",37536.0,37536.0,10710.0,10710.0,28.5,28.5,33686.0,33686.0,89.7,89.7,1422.0,1422.0,3.8,3.8,535.0,535.0,1.4,1.4,166.0,166.0,0.4,0.4,354.0,354.0,0.9,0.9,132.0,132.0,0.4,0.4,,
India,West Bengal,19,"Calendar Year (Jan - Dec), 2017",71190.0,71190.0,35272.0,35272.0,50.0,50.0,60628.0,60628.0,85.0,85.0,3051.0,3051.0,4.0,4.0,3113.0,3113.0,4.0,4.0,644.0,644.0,1.0,1.0,607.0,607.0,1.0,1.0,3147.0,3147.0,,,,
India,West Bengal,19,"Calendar Year (Jan - Dec), 2018",76121.0,76121.0,38362.0,38362.0,78.0,78.0,66683.0,66683.0,88.0,88.0,3561.0,3561.0,5.0,5.0,2024.0,2024.0,3.0,3.0,483.0,483.0,1.0,1.0,714.0,714.0,1.0,1.0,2656.0,2656.0,3.0,3.0,49218.0,49218.0
India,West Bengal,19,"Calendar Year (Jan - Dec), 2019",80940.0,80940.0,39779.0,39779.0,73.0,73.0,68200.0,68200.0,84.0,84.0,4124.0,4124.0,5.1,5.1,1971.0,1971.0,2.4,2.4,409.0,409.0,0.5,0.5,850.0,850.0,1.1,1.1,5386.0,5386.0,6.7,6.7,54387.0,54387.0
India,West Bengal,19,"Calendar Year (Jan - Dec), 2020",61117.0,61117.0,30316.0,30316.0,74.0,74.0,52040.0,52040.0,85.0,85.0,3355.0,3355.0,5.5,5.5,1114.0,1114.0,1.8,1.8,303.0,303.0,0.5,0.5,894.0,894.0,1.5,1.5,1026.0,1026.0,1.7,1.7,40724.0,40724.0
India,West Bengal,19,"Calendar Year (Jan - Dec), 2021",71417.0,71417.0,35914.0,35914.0,50.3,50.3,60528.0,60528.0,84.8,84.8,4021.0,4021.0,5.6,5.6,1323.0,1323.0,1.9,1.9,440.0,440.0,0.6,0.6,1012.0,1012.0,1.4,1.4,762.0,762.0,1.1,1.1,,
India,West Bengal,19,"Calendar Year (Jan - Dec), 2022",77500.0,77500.0,38956.0,38956.0,50.3,50.3,67533.0,67533.0,87.1,87.1,3963.0,3963.0,5.1,5.1,1551.0,1551.0,2.0,2.0,440.0,440.0,0.6,0.6,1468.0,1468.0,1.9,1.9,143.0,143.0,0.2,0.2,,
India,Jharkhand,20,"Calendar Year (Jan - Dec), 2017",31335.0,31335.0,12663.0,12663.0,40.0,40.0,24814.0,24814.0,79.0,79.0,621.0,621.0,2.0,2.0,808.0,808.0,3.0,3.0,151.0,151.0,0.0,0.0,135.0,135.0,0.0,0.0,4806.0,4806.0,,,,
India,Jharkhand,20,"Calendar Year (Jan - Dec), 2018",34138.0,34138.0,14020.0,14020.0,76.0,76.0,30544.0,30544.0,89.0,89.0,899.0,899.0,3.0,3.0,752.0,752.0,2.0,2.0,169.0,169.0,0.0,0.0,109.0,109.0,0.0,0.0,1665.0,1665.0,5.0,5.0,18456.0,18456.0
India,Jharkhand,20,"Calendar Year (Jan - Dec), 2019",40475.0,40475.0,14120.0,14120.0,61.0,61.0,33344.0,33344.0,82.0,82.0,968.0,968.0,2.4,2.4,756.0,756.0,1.9,1.9,212.0,212.0,0.5,0.5,200.0,200.0,0.5,0.5,4995.0,4995.0,12.3,12.3,23116.0,23116.0
India,Jharkhand,20,"Calendar Year (Jan - Dec), 2020",27996.0,27996.0,9268.0,9268.0,58.0,58.0,23639.0,23639.0,84.0,84.0,819.0,819.0,2.9,2.9,621.0,621.0,2.2,2.2,130.0,130.0,0.5,0.5,204.0,204.0,0.7,0.7,1206.0,1206.0,4.3,4.3,15931.0,15931.0
India,Jharkhand,20,"Calendar Year (Jan - Dec), 2021",32974.0,32974.0,11948.0,11948.0,36.2,36.2,29016.0,29016.0,88.0,88.0,1022.0,1022.0,3.1,3.1,769.0,769.0,2.3,2.3,195.0,195.0,0.6,0.6,233.0,233.0,0.7,0.7,549.0,549.0,1.7,1.7,,
India,Jharkhand,20,"Calendar Year (Jan - Dec), 2022",42290.0,42290.0,16384.0,16384.0,38.7,38.7,38580.0,38580.0,91.2,91.2,1174.0,1174.0,2.8,2.8,767.0,767.0,1.8,1.8,194.0,194.0,0.5,0.5,220.0,220.0,0.5,0.5,117.0,117.0,0.3,0.3,,
India,Odisha,21,"Calendar Year (Jan - Dec), 2017",56044.0,56044.0,18321.0,18321.0,33.0,33.0,35401.0,35401.0,63.0,63.0,2027.0,2027.0,4.0,4.0,1343.0,1343.0,2.0,2.0,203.0,203.0,0.0,0.0,102.0,102.0,0.0,0.0,16968.0,16968.0,,,,
India,Odisha,21,"Calendar Year (Jan - Dec), 2018",40102.0,40102.0,18163.0,18163.0,82.0,82.0,36063.0,36063.0,90.0,90.0,2029.0,2029.0,5.0,5.0,1040.0,1040.0,3.0,3.0,133.0,133.0,0.0,0.0,164.0,164.0,0.0,0.0,673.0,673.0,2.0,2.0,22102.0,22102.0
India,Odisha,21,"Calendar Year (Jan - Dec), 2019",44016.0,44016.0,19934.0,19934.0,79.0,79.0,38762.0,38762.0,88.0,88.0,2318.0,2318.0,5.3,5.3,869.0,869.0,2.0,2.0,136.0,136.0,0.3,0.3,330.0,330.0,0.7,0.7,1601.0,1601.0,3.6,3.6,25366.0,25366.0
India,Odisha,21,"Calendar Year (Jan - Dec), 2020",37857.0,37857.0,18183.0,18183.0,82.0,82.0,33703.0,33703.0,89.0,89.0,2167.0,2167.0,5.7,5.7,462.0,462.0,1.2,1.2,82.0,82.0,0.2,0.2,193.0,193.0,0.5,0.5,388.0,388.0,1.0,1.0,22114.0,22114.0
India,Odisha,21,"Calendar Year (Jan - Dec), 2021",44169.0,44169.0,20238.0,20238.0,45.8,45.8,39693.0,39693.0,89.9,89.9,2570.0,2570.0,5.8,5.8,416.0,416.0,0.9,0.9,67.0,67.0,0.2,0.2,205.0,205.0,0.5,0.5,312.0,312.0,0.7,0.7,,
India,Odisha,21,"Calendar Year (Jan - Dec), 2022",51283.0,51283.0,23538.0,23538.0,45.9,45.9,47054.0,47054.0,91.8,91.8,2374.0,2374.0,4.6,4.6,399.0,399.0,0.8,0.8,82.0,82.0,0.2,0.2,203.0,203.0,0.4,0.4,293.0,293.0,0.6,0.6,,
India,Chhattisgarh,22,"Calendar Year (Jan - Dec), 2017",27892.0,27892.0,11243.0,11243.0,40.0,40.0,25146.0,25146.0,90.0,90.0,1181.0,1181.0,4.0,4.0,741.0,741.0,3.0,3.0,245.0,245.0,1.0,1.0,88.0,88.0,0.0,0.0,491.0,491.0,,,,
India,Chhattisgarh,22,"Calendar Year (Jan - Dec), 2018",26843.0,26843.0,10338.0,10338.0,83.0,83.0,24261.0,24261.0,90.0,90.0,1102.0,1102.0,4.0,4.0,487.0,487.0,2.0,2.0,144.0,144.0,1.0,1.0,106.0,106.0,0.0,0.0,743.0,743.0,3.0,3.0,12420.0,12420.0
India,Chhattisgarh,22,"Calendar Year (Jan - Dec), 2019",28864.0,28864.0,10736.0,10736.0,76.0,76.0,24779.0,24779.0,86.0,86.0,1248.0,1248.0,4.3,4.3,457.0,457.0,1.6,1.6,141.0,141.0,0.5,0.5,270.0,270.0,0.9,0.9,1969.0,1969.0,6.8,6.8,14190.0,14190.0
India,Chhattisgarh,22,"Calendar Year (Jan - Dec), 2020",19998.0,19998.0,7057.0,7057.0,76.0,76.0,17467.0,17467.0,87.0,87.0,1018.0,1018.0,5.1,5.1,312.0,312.0,1.6,1.6,95.0,95.0,0.5,0.5,198.0,198.0,1.0,1.0,532.0,532.0,2.7,2.7,9289.0,9289.0
India,Chhattisgarh,22,"Calendar Year (Jan - Dec), 2021",22574.0,22574.0,9107.0,9107.0,40.3,40.3,19453.0,19453.0,86.2,86.2,1313.0,1313.0,5.8,5.8,310.0,310.0,1.4,1.4,117.0,117.0,0.5,0.5,302.0,302.0,1.3,1.3,381.0,381.0,1.7,1.7,,
India,Chhattisgarh,22,"Calendar Year (Jan - Dec), 2022",25749.0,25749.0,10615.0,10615.0,41.2,41.2,22918.0,22918.0,89.0,89.0,1325.0,1325.0,5.1,5.1,363.0,363.0,1.4,1.4,104.0,104.0,0.4,0.4,297.0,297.0,1.2,1.2,132.0,132.0,0.5,0.5,,
India,Madhya Pradesh,23,"Calendar Year (Jan - Dec), 2017",99483.0,99483.0,36170.0,36170.0,36.0,36.0,88213.0,88213.0,89.0,89.0,2998.0,2998.0,3.0,3.0,4064.0,4064.0,4.0,4.0,857.0,857.0,1.0,1.0,399.0,399.0,0.0,0.0,2952.0,2952.0,,,,
India,Madhya Pradesh,23,"Calendar Year (Jan - Dec), 2018",103522.0,103522.0,32611.0,32611.0,74.0,74.0,91971.0,91971.0,89.0,89.0,3246.0,3246.0,3.0,3.0,3442.0,3442.0,3.0,3.0,665.0,665.0,1.0,1.0,341.0,341.0,0.0,0.0,3857.0,3857.0,4.0,4.0,44020.0,44020.0
India,Madhya Pradesh,23,"Calendar Year (Jan - Dec), 2019",127347.0,127347.0,35457.0,35457.0,62.0,62.0,106096.0,106096.0,83.0,83.0,3910.0,3910.0,3.1,3.1,4352.0,4352.0,3.4,3.4,727.0,727.0,0.6,0.6,926.0,926.0,0.7,0.7,11336.0,11336.0,8.9,8.9,56789.0,56789.0
India,Madhya Pradesh,23,"Calendar Year (Jan - Dec), 2020",92331.0,92331.0,25775.0,25775.0,63.0,63.0,77857.0,77857.0,84.0,84.0,3244.0,3244.0,3.5,3.5,3064.0,3064.0,3.3,3.3,509.0,509.0,0.6,0.6,929.0,929.0,1.0,1.0,3083.0,3083.0,3.3,3.3,40858.0,40858.0
India,Madhya Pradesh,23,"Calendar Year (Jan - Dec), 2021",102034.0,102034.0,25847.0,25847.0,25.3,25.3,86991.0,86991.0,85.3,85.3,4201.0,4201.0,4.1,4.1,3448.0,3448.0,3.4,3.4,704.0,704.0,0.7,0.7,975.0,975.0,1.0,1.0,1813.0,1813.0,1.8,1.8,,
India,Madhya Pradesh,23,"Calendar Year (Jan - Dec), 2022",120452.0,120452.0,31370.0,31370.0,26.0,26.0,106400.0,106400.0,88.3,88.3,4350.0,4350.0,3.6,3.6,3190.0,3190.0,2.6,2.6,688.0,688.0,0.6,0.6,1058.0,1058.0,0.9,0.9,422.0,422.0,0.4,0.4,,
India,Gujarat,24,"Calendar Year (Jan - Dec), 2017",75805.0,75805.0,32310.0,32310.0,43.0,43.0,64900.0,64900.0,86.0,86.0,3914.0,3914.0,5.0,5.0,2777.0,2777.0,4.0,4.0,784.0,784.0,1.0,1.0,763.0,763.0,1.0,1.0,2667.0,2667.0,,,,
India,Gujarat,24,"Calendar Year (Jan - Dec), 2018",79036.0,79036.0,30902.0,30902.0,81.0,81.0,68866.0,68866.0,87.0,87.0,3802.0,3802.0,5.0,5.0,1970.0,1970.0,2.0,2.0,590.0,590.0,1.0,1.0,678.0,678.0,1.0,1.0,3130.0,3130.0,4.0,4.0,38316.0,38316.0
India,Gujarat,24,"Calendar Year (Jan - Dec), 2019",74246.0,74246.0,30445.0,30445.0,82.0,82.0,65006.0,65006.0,88.0,88.0,3642.0,3642.0,4.9,4.9,1483.0,1483.0,2.0,2.0,578.0,578.0,0.8,0.8,1160.0,1160.0,1.6,1.6,2377.0,2377.0,3.2,3.2,37177.0,37177.0
India,Gujarat,24,"Calendar Year (Jan - Dec), 2020",57012.0,57012.0,22211.0,22211.0,89.0,89.0,50590.0,50590.0,89.0,89.0,2917.0,2917.0,5.1,5.1,793.0,793.0,1.4,1.4,377.0,377.0,0.7,0.7,814.0,814.0,1.4,1.4,114.0,114.0,0.2,0.2,24951.0,24951.0
India,Gujarat,24,"Calendar Year (Jan - Dec), 2021",74625.0,74625.0,28940.0,28940.0,38.8,38.8,66354.0,66354.0,88.9,88.9,4082.0,4082.0,5.5,5.5,949.0,949.0,1.3,1.3,462.0,462.0,0.6,0.6,1045.0,1045.0,1.4,1.4,194.0,194.0,0.3,0.3,,
India,Gujarat,24,"Calendar Year (Jan - Dec), 2022",83309.0,83309.0,31478.0,31478.0,37.8,37.8,74658.0,74658.0,89.6,89.6,3949.0,3949.0,4.7,4.7,974.0,974.0,1.2,1.2,522.0,522.0,0.6,0.6,1222.0,1222.0,1.5,1.5,67.0,67.0,0.1,0.1,,
India,Maharashtra,27,"Calendar Year (Jan - Dec), 2017",96587.0,96587.0,35432.0,35432.0,37.0,37.0,80127.0,80127.0,83.0,83.0,3868.0,3868.0,4.0,4.0,3519.0,3519.0,4.0,4.0,551.0,551.0,1.0,1.0,1215.0,1215.0,1.0,1.0,7307.0,7307.0,,,,
India,Maharashtra,27,"Calendar Year (Jan - Dec), 2018",111409.0,111409.0,37019.0,37019.0,72.0,72.0,93091.0,93091.0,84.0,84.0,4499.0,4499.0,4.0,4.0,3778.0,3778.0,3.0,3.0,614.0,614.0,1.0,1.0,1208.0,1208.0,1.0,1.0,8219.0,8219.0,7.0,7.0,51729.0,51729.0
India,Maharashtra,27,"Calendar Year (Jan - Dec), 2019",119739.0,119739.0,39133.0,39133.0,69.0,69.0,100671.0,100671.0,84.0,84.0,5170.0,5170.0,4.3,4.3,3457.0,3457.0,2.9,2.9,593.0,593.0,0.5,0.5,2125.0,2125.0,1.8,1.8,7723.0,7723.0,6.4,6.4,57096.0,57096.0
India,Maharashtra,27,"Calendar Year (Jan - Dec), 2020",81822.0,81822.0,26234.0,26234.0,70.0,70.0,68847.0,68847.0,84.0,84.0,3803.0,3803.0,4.6,4.6,1518.0,1518.0,1.9,1.9,354.0,354.0,0.4,0.4,2245.0,2245.0,2.7,2.7,468.0,468.0,0.6,0.6,37501.0,37501.0
India,Maharashtra,27,"Calendar Year (Jan - Dec), 2021",99145.0,99145.0,30222.0,30222.0,30.5,30.5,84975.0,84975.0,85.7,85.7,4384.0,4384.0,4.4,4.4,1653.0,1653.0,1.7,1.7,518.0,518.0,0.5,0.5,3152.0,3152.0,3.2,3.2,293.0,293.0,0.3,0.3,,
India,Maharashtra,27,"Calendar Year (Jan - Dec), 2022",124288.0,124288.0,35727.0,35727.0,28.7,28.7,108033.0,108033.0,86.9,86.9,5125.0,5125.0,4.1,4.1,1805.0,1805.0,1.5,1.5,545.0,545.0,0.4,0.4,3654.0,3654.0,2.9,2.9,317.0,317.0,0.3,0.3,,
India,Andhra Pradesh,28,"Calendar Year (Jan - Dec), 2017",53141.0,53141.0,26468.0,26468.0,50.0,50.0,48932.0,48932.0,92.0,92.0,2020.0,2020.0,4.0,4.0,1128.0,1128.0,2.0,2.0,395.0,395.0,1.0,1.0,277.0,277.0,1.0,1.0,389.0,389.0,,,,
India,Andhra Pradesh,28,"Calendar Year (Jan - Dec), 2018",55544.0,55544.0,23920.0,23920.0,73.0,73.0,50218.0,50218.0,90.0,90.0,2709.0,2709.0,5.0,5.0,962.0,962.0,2.0,2.0,265.0,265.0,0.0,0.0,562.0,562.0,1.0,1.0,828.0,828.0,1.0,1.0,32776.0,32776.0
India,Andhra Pradesh,28,"Calendar Year (Jan - Dec), 2019",62768.0,62768.0,31641.0,31641.0,76.0,76.0,56184.0,56184.0,90.0,90.0,2705.0,2705.0,4.3,4.3,761.0,761.0,1.2,1.2,191.0,191.0,0.3,0.3,1051.0,1051.0,1.7,1.7,1876.0,1876.0,3.0,3.0,41467.0,41467.0
India,Andhra Pradesh,28,"Calendar Year (Jan - Dec), 2020",38948.0,38948.0,18710.0,18710.0,80.0,80.0,34599.0,34599.0,89.0,89.0,1868.0,1868.0,4.8,4.8,279.0,279.0,0.7,0.7,72.0,72.0,0.2,0.2,669.0,669.0,1.7,1.7,508.0,508.0,1.3,1.3,23336.0,23336.0
India,Andhra Pradesh,28,"Calendar Year (Jan - Dec), 2021",52418.0,52418.0,27404.0,27404.0,52.3,52.3,48108.0,48108.0,91.8,91.8,1692.0,1692.0,3.2,3.2,112.0,112.0,0.2,0.2,125.0,125.0,0.2,0.2,1047.0,1047.0,2.0,2.0,72.0,72.0,0.1,0.1,,
India,Andhra Pradesh,28,"Calendar Year (Jan - Dec), 2022",55915.0,55915.0,28917.0,28917.0,51.7,51.7,52422.0,52422.0,93.8,93.8,1161.0,1161.0,2.1,2.1,42.0,42.0,0.1,0.1,94.0,94.0,0.2,0.2,1068.0,1068.0,1.9,1.9,22.0,22.0,0.0,0.0,,
India,Karnataka,29,"Calendar Year (Jan - Dec), 2017",51203.0,51203.0,23977.0,23977.0,47.0,47.0,42458.0,42458.0,83.0,83.0,2885.0,2885.0,6.0,6.0,2675.0,2675.0,5.0,5.0,507.0,507.0,1.0,1.0,328.0,328.0,1.0,1.0,2350.0,2350.0,,,,
India,Karnataka,29,"Calendar Year (Jan - Dec), 2018",55381.0,55381.0,24333.0,24333.0,72.0,72.0,45796.0,45796.0,83.0,83.0,3558.0,3558.0,6.0,6.0,2376.0,2376.0,4.0,4.0,351.0,351.0,1.0,1.0,497.0,497.0,1.0,1.0,2803.0,2803.0,5.0,5.0,33931.0,33931.0
India,Karnataka,29,"Calendar Year (Jan - Dec), 2019",60645.0,60645.0,25759.0,25759.0,71.0,71.0,49431.0,49431.0,82.0,82.0,4164.0,4164.0,6.9,6.9,2112.0,2112.0,3.5,3.5,395.0,395.0,0.7,0.7,1149.0,1149.0,1.9,1.9,3394.0,3394.0,5.6,5.6,36418.0,36418.0
India,Karnataka,29,"Calendar Year (Jan - Dec), 2020",42540.0,42540.0,18742.0,18742.0,74.0,74.0,34695.0,34695.0,82.0,82.0,3336.0,3336.0,7.8,7.8,1009.0,1009.0,2.4,2.4,219.0,219.0,0.5,0.5,1125.0,1125.0,2.6,2.6,370.0,370.0,0.9,0.9,25365.0,25365.0
India,Karnataka,29,"Calendar Year (Jan - Dec), 2021",50259.0,50259.0,23248.0,23248.0,46.3,46.3,41575.0,41575.0,82.7,82.7,4003.0,4003.0,8.0,8.0,1284.0,1284.0,2.6,2.6,251.0,251.0,0.5,0.5,1227.0,1227.0,2.4,2.4,154.0,154.0,0.3,0.3,,
India,Karnataka,29,"Calendar Year (Jan - Dec), 2022",57296.0,57296.0,27139.0,27139.0,47.4,47.4,48408.0,48408.0,84.5,84.5,4154.0,4154.0,7.3,7.3,1282.0,1282.0,2.2,2.2,226.0,226.0,0.4,0.4,1508.0,1508.0,2.6,2.6,20.0,20.0,0.0,0.0,,
India,Goa,30,"Calendar Year (Jan - Dec), 2017",1181.0,1181.0,440.0,440.0,37.0,37.0,1058.0,1058.0,90.0,90.0,32.0,32.0,3.0,3.0,37.0,37.0,3.0,3.0,12.0,12.0,1.0,1.0,14.0,14.0,1.0,1.0,28.0,28.0,,,,
India,Goa,30,"Calendar Year (Jan - Dec), 2018",1534.0,1534.0,472.0,472.0,53.0,53.0,1252.0,1252.0,82.0,82.0,62.0,62.0,4.0,4.0,48.0,48.0,3.0,3.0,13.0,13.0,1.0,1.0,17.0,17.0,1.0,1.0,142.0,142.0,9.0,9.0,896.0,896.0
India,Goa,30,"Calendar Year (Jan - Dec), 2019",1625.0,1625.0,497.0,497.0,51.0,51.0,1315.0,1315.0,81.0,81.0,58.0,58.0,3.6,3.6,55.0,55.0,3.4,3.4,10.0,10.0,0.6,0.6,26.0,26.0,1.6,1.6,161.0,161.0,9.9,9.9,967.0,967.0
India,Goa,30,"Calendar Year (Jan - Dec), 2020",1167.0,1167.0,306.0,306.0,44.0,44.0,972.0,972.0,83.0,83.0,75.0,75.0,6.4,6.4,30.0,30.0,2.6,2.6,5.0,5.0,0.4,0.4,24.0,24.0,2.1,2.1,4.0,4.0,0.3,0.3,688.0,688.0
India,Goa,30,"Calendar Year (Jan - Dec), 2021",1426.0,1426.0,395.0,395.0,27.7,27.7,1111.0,1111.0,77.9,77.9,141.0,141.0,9.9,9.9,45.0,45.0,3.2,3.2,9.0,9.0,0.6,0.6,36.0,36.0,2.5,2.5,1.0,1.0,0.1,0.1,,
India,Goa,30,"Calendar Year (Jan - Dec), 2022",1271.0,1271.0,380.0,380.0,29.9,29.9,938.0,938.0,73.8,73.8,136.0,136.0,10.7,10.7,52.0,52.0,4.1,4.1,14.0,14.0,1.1,1.1,56.0,56.0,4.4,4.4,2.0,2.0,0.2,0.2,,
India,Lakshadweep,31,"Calendar Year (Jan - Dec), 2017",50.0,50.0,28.0,28.0,56.0,56.0,47.0,47.0,94.0,94.0,2.0,2.0,4.0,4.0,0.0,0.0,0.0,0.0,0.0,0.0,0.0,0.0,0.0,0.0,0.0,0.0,1.0,1.0,,,,
India,Lakshadweep,31,"Calendar Year (Jan - Dec), 2018",18.0,18.0,5.0,5.0,56.0,56.0,18.0,18.0,100.0,100.0,0.0,0.0,0.0,0.0,0.0,0.0,0.0,0.0,0.0,0.0,0.0,0.0,0.0,0.0,0.0,0.0,0.0,0.0,0.0,0.0,9.0,9.0
India,Lakshadweep,31,"Calendar Year (Jan - Dec), 2019",22.0,22.0,7.0,7.0,58.0,58.0,14.0,14.0,64.0,64.0,2.0,2.0,9.1,9.1,0.0,0.0,0.0,0.0,0.0,0.0,0.0,0.0,0.0,0.0,0.0,0.0,6.0,6.0,27.3,27.3,12.0,12.0
India,Lakshadweep,31,"Calendar Year (Jan - Dec), 2020",16.0,16.0,9.0,9.0,113.0,113.0,15.0,15.0,94.0,94.0,0.0,0.0,0.0,0.0,0.0,0.0,0.0,0.0,0.0,0.0,0.0,0.0,0.0,0.0,0.0,0.0,1.0,1.0,6.3,6.3,8.0,8.0
India,Lakshadweep,31,"Calendar Year (Jan - Dec), 2021",18.0,18.0,8.0,8.0,44.4,44.4,16.0,16.0,88.9,88.9,1.0,1.0,5.6,5.6,0.0,0.0,0.0,0.0,0.0,0.0,0.0,0.0,0.0,0.0,0.0,0.0,1.0,1.0,5.6,5.6,,
India,Lakshadweep,31,"Calendar Year (Jan - Dec), 2022",21.0,21.0,15.0,15.0,71.4,71.4,21.0,21.0,100.0,100.0,0.0,0.0,0.0,0.0,0.0,0.0,0.0,0.0,0.0,0.0,0.0,0.0,0.0,0.0,0.0,0.0,0.0,0.0,0.0,0.0,,
India,Kerala,32,"Calendar Year (Jan - Dec), 2017",15626.0,15626.0,7370.0,7370.0,47.0,47.0,13881.0,13881.0,89.0,89.0,581.0,581.0,4.0,4.0,411.0,411.0,3.0,3.0,153.0,153.0,1.0,1.0,116.0,116.0,1.0,1.0,484.0,484.0,,,,
India,Kerala,32,"Calendar Year (Jan - Dec), 2018",19591.0,19591.0,9111.0,9111.0,83.0,83.0,17533.0,17533.0,89.0,89.0,939.0,939.0,5.0,5.0,381.0,381.0,2.0,2.0,181.0,181.0,1.0,1.0,145.0,145.0,1.0,1.0,412.0,412.0,2.0,2.0,10932.0,10932.0
India,Kerala,32,"Calendar Year (Jan - Dec), 2019",20233.0,20233.0,9191.0,9191.0,76.0,76.0,16951.0,16951.0,84.0,84.0,1454.0,1454.0,7.2,7.2,349.0,349.0,1.7,1.7,145.0,145.0,0.7,0.7,180.0,180.0,0.9,0.9,1154.0,1154.0,5.7,5.7,12052.0,12052.0
India,Kerala,32,"Calendar Year (Jan - Dec), 2020",16379.0,16379.0,6911.0,6911.0,71.0,71.0,13458.0,13458.0,82.0,82.0,1282.0,1282.0,7.8,7.8,269.0,269.0,1.6,1.6,99.0,99.0,0.6,0.6,161.0,161.0,1.0,1.0,537.0,537.0,3.3,3.3,9686.0,9686.0
India,Kerala,32,"Calendar Year (Jan - Dec), 2021",17505.0,17505.0,7344.0,7344.0,42.0,42.0,14228.0,14228.0,81.3,81.3,1366.0,1366.0,7.8,7.8,357.0,357.0,2.0,2.0,113.0,113.0,0.6,0.6,207.0,207.0,1.2,1.2,485.0,485.0,2.8,2.8,,
India,Kerala,32,"Calendar Year (Jan - Dec), 2022",18808.0,18808.0,8420.0,8420.0,44.8,44.8,15734.0,15734.0,83.7,83.7,1566.0,1566.0,8.3,8.3,431.0,431.0,2.3,2.3,110.0,110.0,0.6,0.6,274.0,274.0,1.5,1.5,52.0,52.0,0.3,0.3,,
India,Tamil Nadu,33,"Calendar Year (Jan - Dec), 2017",65551.0,65551.0,33061.0,33061.0,50.0,50.0,55441.0,55441.0,85.0,85.0,2740.0,2740.0,4.0,4.0,2882.0,2882.0,4.0,4.0,526.0,526.0,1.0,1.0,295.0,295.0,0.0,0.0,3667.0,3667.0,,,,
India,Tamil Nadu,33,"Calendar Year (Jan - Dec), 2018",63926.0,63926.0,31934.0,31934.0,77.0,77.0,55460.0,55460.0,87.0,87.0,3020.0,3020.0,5.0,5.0,2072.0,2072.0,3.0,3.0,322.0,322.0,1.0,1.0,793.0,793.0,1.0,1.0,2259.0,2259.0,4.0,4.0,41433.0,41433.0
India,Tamil Nadu,33,"Calendar Year (Jan - Dec), 2019",71438.0,71438.0,35134.0,35134.0,75.0,75.0,60433.0,60433.0,85.0,85.0,3931.0,3931.0,5.5,5.5,1920.0,1920.0,2.7,2.7,345.0,345.0,0.5,0.5,1649.0,1649.0,2.3,2.3,3160.0,3160.0,4.4,4.4,47106.0,47106.0
India,Tamil Nadu,33,"Calendar Year (Jan - Dec), 2020",46848.0,46848.0,22844.0,22844.0,75.0,75.0,39059.0,39059.0,83.0,83.0,2916.0,2916.0,6.2,6.2,905.0,905.0,1.9,1.9,188.0,188.0,0.4,0.4,1510.0,1510.0,3.2,3.2,535.0,535.0,1.1,1.1,30295.0,30295.0
India,Tamil Nadu,33,"Calendar Year (Jan - Dec), 2021",59166.0,59166.0,28505.0,28505.0,48.2,48.2,49549.0,49549.0,83.7,83.7,3782.0,3782.0,6.4,6.4,1368.0,1368.0,2.3,2.3,294.0,294.0,0.5,0.5,1219.0,1219.0,2.1,2.1,388.0,388.0,0.7,0.7,,
India,Tamil Nadu,33,"Calendar Year (Jan - Dec), 2022",67582.0,67582.0,33594.0,33594.0,49.7,49.7,58153.0,58153.0,86.0,86.0,4074.0,4074.0,6.0,6.0,1600.0,1600.0,2.4,2.4,367.0,367.0,0.5,0.5,1337.0,1337.0,2.0,2.0,22.0,22.0,0.0,0.0,,
India,Puducherry,34,"Calendar Year (Jan - Dec), 2017",1189.0,1189.0,608.0,608.0,51.0,51.0,1051.0,1051.0,88.0,88.0,54.0,54.0,5.0,5.0,28.0,28.0,2.0,2.0,15.0,15.0,1.0,1.0,7.0,7.0,1.0,1.0,34.0,34.0,,,,
India,Puducherry,34,"Calendar Year (Jan - Dec), 2018",1321.0,1321.0,616.0,616.0,80.0,80.0,1160.0,1160.0,88.0,88.0,75.0,75.0,6.0,6.0,30.0,30.0,2.0,2.0,17.0,17.0,1.0,1.0,5.0,5.0,0.0,0.0,34.0,34.0,3.0,3.0,767.0,767.0
India,Puducherry,34,"Calendar Year (Jan - Dec), 2019",1344.0,1344.0,634.0,634.0,72.0,72.0,1104.0,1104.0,82.0,82.0,99.0,99.0,7.4,7.4,31.0,31.0,2.3,2.3,17.0,17.0,1.3,1.3,32.0,32.0,2.4,2.4,61.0,61.0,4.5,4.5,878.0,878.0
India,Puducherry,34,"Calendar Year (Jan - Dec), 2020",1087.0,1087.0,475.0,475.0,67.0,67.0,903.0,903.0,83.0,83.0,66.0,66.0,6.1,6.1,18.0,18.0,1.7,1.7,9.0,9.0,0.8,0.8,29.0,29.0,2.7,2.7,3.0,3.0,0.3,0.3,708.0,708.0
India,Puducherry,34,"Calendar Year (Jan - Dec), 2021",1252.0,1252.0,544.0,544.0,43.5,43.5,1024.0,1024.0,81.8,81.8,67.0,67.0,5.4,5.4,26.0,26.0,2.1,2.1,11.0,11.0,0.9,0.9,25.0,25.0,2.0,2.0,2.0,2.0,0.2,0.2,,
India,Puducherry,34,"Calendar Year (Jan - Dec), 2022",1259.0,1259.0,558.0,558.0,44.3,44.3,1031.0,1031.0,81.9,81.9,103.0,103.0,8.2,8.2,30.0,30.0,2.4,2.4,12.0,12.0,1.0,1.0,28.0,28.0,2.2,2.2,0.0,0.0,0.0,0.0,,
India,Andaman And Nicobar Islands,35,"Calendar Year (Jan - Dec), 2017",492.0,492.0,141.0,141.0,29.0,29.0,439.0,439.0,89.0,89.0,17.0,17.0,3.0,3.0,14.0,14.0,3.0,3.0,2.0,2.0,0.0,0.0,4.0,4.0,1.0,1.0,16.0,16.0,,,,
India,Andaman And Nicobar Islands,35,"Calendar Year (Jan - Dec), 2018",448.0,448.0,128.0,128.0,66.0,66.0,397.0,397.0,89.0,89.0,11.0,11.0,2.0,2.0,16.0,16.0,4.0,4.0,4.0,4.0,1.0,1.0,5.0,5.0,1.0,1.0,15.0,15.0,3.0,3.0,194.0,194.0
India,Andaman And Nicobar Islands,35,"Calendar Year (Jan - Dec), 2019",497.0,497.0,134.0,134.0,53.0,53.0,415.0,415.0,84.0,84.0,24.0,24.0,4.8,4.8,16.0,16.0,3.2,3.2,0.0,0.0,0.0,0.0,6.0,6.0,1.2,1.2,36.0,36.0,7.2,7.2,255.0,255.0
India,Andaman And Nicobar Islands,35,"Calendar Year (Jan - Dec), 2020",392.0,392.0,124.0,124.0,58.0,58.0,335.0,335.0,85.0,85.0,15.0,15.0,3.8,3.8,4.0,4.0,1.0,1.0,3.0,3.0,0.8,0.8,6.0,6.0,1.5,1.5,1.0,1.0,0.3,0.3,214.0,214.0
India,Andaman And Nicobar Islands,35,"Calendar Year (Jan - Dec), 2021",444.0,444.0,151.0,151.0,34.0,34.0,386.0,386.0,86.9,86.9,11.0,11.0,2.5,2.5,10.0,10.0,2.3,2.3,2.0,2.0,0.5,0.5,9.0,9.0,2.0,2.0,3.0,3.0,0.7,0.7,,
India,Andaman And Nicobar Islands,35,"Calendar Year (Jan - Dec), 2022",442.0,442.0,193.0,193.0,43.7,43.7,375.0,375.0,84.8,84.8,13.0,13.0,2.9,2.9,14.0,14.0,3.2,3.2,6.0,6.0,1.4,1.4,10.0,10.0,2.3,2.3,0.0,0.0,0.0,0.0,,
India,Telangana,36,"Calendar Year (Jan - Dec), 2017",29936.0,29936.0,14241.0,14241.0,48.0,48.0,25827.0,25827.0,86.0,86.0,980.0,980.0,3.0,3.0,717.0,717.0,2.0,2.0,292.0,292.0,1.0,1.0,149.0,149.0,0.0,0.0,1971.0,1971.0,,,,
India,Telangana,36,"Calendar Year (Jan - Dec), 2018",34104.0,34104.0,16702.0,16702.0,80.0,80.0,31160.0,31160.0,91.0,91.0,1271.0,1271.0,4.0,4.0,491.0,491.0,1.0,1.0,172.0,172.0,1.0,1.0,211.0,211.0,1.0,1.0,799.0,799.0,2.0,2.0,20912.0,20912.0
India,Telangana,36,"Calendar Year (Jan - Dec), 2019",40962.0,40962.0,20573.0,20573.0,84.0,84.0,36216.0,36216.0,88.0,88.0,1507.0,1507.0,3.7,3.7,314.0,314.0,0.8,0.8,169.0,169.0,0.4,0.4,486.0,486.0,1.2,1.2,2270.0,2270.0,5.5,5.5,24628.0,24628.0
India,Telangana,36,"Calendar Year (Jan - Dec), 2020",34089.0,34089.0,16654.0,16654.0,92.0,92.0,30033.0,30033.0,88.0,88.0,1124.0,1124.0,3.3,3.3,172.0,172.0,0.5,0.5,104.0,104.0,0.3,0.3,834.0,834.0,2.4,2.4,860.0,860.0,2.5,2.5,18061.0,18061.0
India,Telangana,36,"Calendar Year (Jan - Dec), 2021",37458.0,37458.0,18600.0,18600.0,49.7,49.7,34143.0,34143.0,91.2,91.2,1130.0,1130.0,3.0,3.0,222.0,222.0,0.6,0.6,148.0,148.0,0.4,0.4,468.0,468.0,1.2,1.2,370.0,370.0,1.0,1.0,,
India,Telangana,36,"Calendar Year (Jan - Dec), 2022",46780.0,46780.0,21921.0,21921.0,46.9,46.9,43023.0,43023.0,92.0,92.0,1253.0,1253.0,2.7,2.7,232.0,232.0,0.5,0.5,174.0,174.0,0.4,0.4,677.0,677.0,1.4,1.4,171.0,171.0,0.4,0.4,,
India,Ladakh,37,"Calendar Year (Jan - Dec), 2017",149.1310681857,149.1310681857,46.414802976,46.414802976,31.0,31.0,105.3629151438,105.3629151438,71.0,71.0,3.0841127331,3.0841127331,2.0,2.0,2.3404259748,2.3404259748,2.0,2.0,0.874925598,0.874925598,1.0,1.0,0.5030822189,0.5030822189,0.0,0.0,36.9656065171,36.9656065171,,,,
India,Ladakh,37,"Calendar Year (Jan - Dec), 2018",207.2917473153,207.2917473153,67.3911441889,67.3911441889,68.0,68.0,173.2790146916,173.2790146916,84.0,84.0,4.6808519495,4.6808519495,2.0,2.0,3.5434486721,3.5434486721,2.0,2.0,0.9405450179,0.9405450179,0.0,0.0,0.7436867583,0.7436867583,0.0,0.0,24.104200226,24.104200226,12.0,12.0,99.2603090975,99.2603090975
India,Ladakh,37,"Calendar Year (Jan - Dec), 2019",324.0,324.0,82.0,82.0,48.0,48.0,272.0,272.0,84.0,84.0,20.0,20.0,6.2,6.2,1.0,1.0,0.3,0.3,0.0,0.0,0.0,0.0,0.0,0.0,0.0,0.0,31.0,31.0,9.6,9.6,170.0,170.0
India,Ladakh,37,"Calendar Year (Jan - Dec), 2020",186.0,186.0,38.0,38.0,41.0,41.0,145.0,145.0,78.0,78.0,11.0,11.0,5.9,5.9,3.0,3.0,1.6,1.6,2.0,2.0,1.1,1.1,0.0,0.0,0.0,0.0,14.0,14.0,7.5,7.5,93.0,93.0
India,Ladakh,37,"Calendar Year (Jan - Dec), 2021",254.0,254.0,101.0,101.0,39.8,39.8,206.0,206.0,81.1,81.1,20.0,20.0,7.9,7.9,4.0,4.0,1.6,1.6,1.0,1.0,0.4,0.4,3.0,3.0,1.2,1.2,3.0,3.0,1.2,1.2,,
India,Ladakh,37,"Calendar Year (Jan - Dec), 2022",276.0,276.0,158.0,158.0,57.2,57.2,247.0,247.0,89.5,89.5,11.0,11.0,4.0,4.0,0.0,0.0,0.0,0.0,2.0,2.0,0.7,0.7,0.0,0.0,0.0,0.0,0.0,0.0,0.0,0.0,,
India,The Dadra And Nagar Haveli And Daman And Diu,38,"Calendar Year (Jan - Dec), 2017",973.0,973.0,313.0,313.0,28.4317858735,28.4317858735,885.0,885.0,87.1704168525,87.1704168525,26.0,26.0,3.2613690211,3.2613690211,35.0,35.0,6.6761605948,6.6761605948,1.0,1.0,0.0,0.0,2.0,2.0,0.6306845105,0.6306845105,24.0,24.0,,,,
India,The Dadra And Nagar Haveli And Daman And Diu,38,"Calendar Year (Jan - Dec), 2018",703.0,703.0,193.0,193.0,76.801101363,76.801101363,625.0,625.0,86.0624703841,86.0624703841,22.0,22.0,3.0,3.0,27.0,27.0,5.6761605948,5.6761605948,4.0,4.0,0.3693154895,0.3693154895,9.0,9.0,1.6306845105,1.6306845105,16.0,16.0,2.8920535316,2.8920535316,238.0,238.0
India,The Dadra And Nagar Haveli And Daman And Diu,38,"Calendar Year (Jan - Dec), 2019",671.0,671.0,254.0,254.0,87.0,87.0,618.0,618.0,92.0,92.0,20.0,20.0,3.0,3.0,17.0,17.0,2.5,2.5,3.0,3.0,0.4,0.4,4.0,4.0,0.6,0.6,9.0,9.0,1.3,1.3,293.0,293.0
India,The Dadra And Nagar Haveli And Daman And Diu,38,"Calendar Year (Jan - Dec), 2020",562.0,562.0,236.0,236.0,90.0,90.0,526.0,526.0,94.0,94.0,13.0,13.0,2.3,2.3,3.0,3.0,0.5,0.5,1.0,1.0,0.2,0.2,1.0,1.0,0.2,0.2,7.0,7.0,1.2,1.2,262.0,262.0
India,The Dadra And Nagar Haveli And Daman And Diu,38,"Calendar Year (Jan - Dec), 2021",588.0,588.0,233.0,233.0,39.6,39.6,549.0,549.0,93.4,93.4,20.0,20.0,3.4,3.4,2.0,2.0,0.3,0.3,2.0,2.0,0.3,0.3,4.0,4.0,0.7,0.7,0.0,0.0,0.0,0.0,,
India,The Dadra And Nagar Haveli And Daman And Diu,38,"Calendar Year (Jan - Dec), 2022",602.0,602.0,233.0,233.0,38.7,38.7,568.0,568.0,94.4,94.4,18.0,18.0,3.0,3.0,0.0,0.0,0.0,0.0,2.0,2.0,0.3,0.3,5.0,5.0,0.8,0.8,0.0,0.0,0.0,0.0,,
